id,period,sheet_name,source_row,date_display,start_date,end_date,year,title,category,item_kind,count,verification_status,public_note
TV00001,1. Dönem (1991–1995),1. DÖNEM,2,Aralık 1990,,,1990,Tarih Vakfı Girişim Kurulu’nun Oluşmaya Başlaması,,organizational,,uncertain_category,
TV00002,1. Dönem (1991–1995),1. DÖNEM,3,Şubat- Mart 1991,,,1991,Girişim Kurulu Tarafından Kurucular Grubu’nun Oluşturulması İçin İlk Toplantılar ve İlişkiler,,organizational,,uncertain_category,
TV00003,1. Dönem (1991–1995),1. DÖNEM,4,Şubat- Mart 1991,,,1991,Vakıfla İlgili Yazışmalar İçin Beyoğlu Postanesi’nde bir posta kutusunun kiralanması,,organizational,,uncertain_category,
TV00004,1. Dönem (1991–1995),1. DÖNEM,5,Nisan 1991,,,1991,Gümüşsuyu Bağ Odaları (şimdiki Tarık Zafer Tunaya) Sokak’ta Küçük Bir İrtibat Bürosunun Kiralanması,,organizational,,uncertain_category,
TV00005,1. Dönem (1991–1995),1. DÖNEM,6,Nisan 1991,,,1991,[Gizli bilgi içeriyor],,organizational,,uncertain_category,
TV00006,1. Dönem (1991–1995),1. DÖNEM,7,Nisan 1991,,,1991,Fon Geliştirme Grubu’nun İlk Toplantısı,,organizational,,uncertain_category,
TV00007,1. Dönem (1991–1995),1. DÖNEM,8,Mayıs 1991,,,1991,Tarih Vakfı’ndan Haberler Bülteninin  Başlaması,Bülten,publication,1,needs_review,
TV00008,1. Dönem (1991–1995),1. DÖNEM,9,6 Mayıs,1991-05-06,,1991,Divan Otelinde Kurucular Tanışma Kokteyli,,organizational,,uncertain_category,
TV00009,1. Dönem (1991–1995),1. DÖNEM,10,18 Mayıs,1991-05-18,,1991,"“Osmanlı’dan Günümüze Türkiye’nin Ekonomik ve Toplumsal Mirası Sempozyumu” - AKM-Sinema Salonu, Açış Konuşması: İlhan Tekeli. Türkiye’nin EkonomikToplumsal Yapılanması ve Bölüşüm Sorunu. Oturum Başkanı Burhan Oğuz. Konuşmacılar: Korkut Boratav, Çağlar Keyder, Şevket Pamuk. Türkiye’de Çoğulculuk ve Parlamenter Boyutları, Oturum Başkanı Mehmet Ali Aybar. Konuşmacılar: Rasih Nuri İleri, Zafer Toprak, Mete Tunçay. Sempozyumu takip ederek 18:30-20:30 arasında Vakıf Tanışma Kokteyli. TVH, bir fotoğraf var, c. 1, s.2.",Sempozyum,event,1,verified,
TV00010,1. Dönem (1991–1995),1. DÖNEM,11,Haziran 1991,,,1991,Vakfın İlk Tanıtma Broşürünün,Broşür,publication,1,needs_review,
TV00011,1. Dönem (1991–1995),1. DÖNEM,12,19-21 Haziran,1991-06-19,1991-06-21,1991,"Ankara ve İstanbul’da Kurucuların Vakıf Senedini İmzalamaları (Senet imzalanırken iki albüm fotoğraf var, TVA.)",,organizational,,uncertain_category,
TV00012,1. Dönem (1991–1995),1. DÖNEM,13,Temmuz 1991,,,1991,İstanbul Büyükşehir Belediyesi’nden Değirmen Han’da Yer Vaadinin Alınması,,organizational,,uncertain_category,
TV00013,1. Dönem (1991–1995),1. DÖNEM,14,18 Temmuz,1991-07-18,,1991,Vakfın Kuruluşunun Mahkeme Kararı İle Tescili,,organizational,,uncertain_category,
TV00014,1. Dönem (1991–1995),1. DÖNEM,15,23 Temmuz 1991,1991-07-23,,1991,"Vakfın 1. Başkanı: İlhan Tekeli - Başkanlık süresi: 1991-2002, Genel Sekreter: Orhan Silier.",,organizational,,uncertain_category,
TV00015,1. Dönem (1991–1995),1. DÖNEM,16,Ağustos 1991,,,1991,Sözlü Tarih Projesinin Hazırlanması,Proje,project,1,needs_review,
TV00016,1. Dönem (1991–1995),1. DÖNEM,17,Ağustos 1991,,,1991,Tarih Vakfı Döner Sermaye İşletmesi’nin Kurulması,,organizational,,uncertain_category,
TV00017,1. Dönem (1991–1995),1. DÖNEM,19,14 Eylül,1991-09-14,,1991,Vakıf Senedinin Resmi Gazete’de,,organizational,,uncertain_category,
TV00018,1. Dönem (1991–1995),1. DÖNEM,20,14 Eylül,1991-09-14,,1991,Bilgi-Belge Merkezi Hazırlık Grubu’nun Kurulması.,,organizational,,uncertain_category,
TV00019,1. Dönem (1991–1995),1. DÖNEM,22,1-11 Ekim,1991-10-01,1991-10-11,1991,İstanbul’da Seçim Afişleri Sergisi (Reklamcılar Derneği ile) Beyoğlu Belediyesi Sanat Galerisi,Sergi,event,1,verified,
TV00020,1. Dönem (1991–1995),1. DÖNEM,23,14-21 Ekim,1991-10-14,1991-10-21,1991,"Ankara’da Seçim Afişleri Sergisi, ABB Belpa Galerisi.",Sergi,event,1,verified,
TV00021,1. Dönem (1991–1995),1. DÖNEM,24,16 Ekim,1991-10-16,,1991,"“Türkiye’de Seçim Afişleri” - Hıfzı Topuz Konferansı - Nermin Abadan, İplikçi Han Marmara Belediyeler Birliği (MBB)",Konferans/Söyleşi,event,2,verified,
TV00022,1. Dönem (1991–1995),1. DÖNEM,25,Kasım 1991,,,1991,İstanbul Dergisi’nin  İçin Büyükşehir Belediyesi’ne Bağlı Kültür A.Ş. ile İlke Anlaşmasına Varılması,Diğer Etkinlik,event,1,needs_review,
TV00023,1. Dönem (1991–1995),1. DÖNEM,26,Kasım 1991,,,1991,"İngilizce, Fransızca, Almanca Vakıf Tanıtma Broşürlerinin TV yayımlanması, TVH, Kasım 1991.",Broşür,publication,3,needs_review,
TV00024,1. Dönem (1991–1995),1. DÖNEM,28,7 Aralık,1991-12-07,,1991,"Tarihçinin Mutfağı Konferans Dizisi’nin İlk Toplantısı - İlhan Tekeli, Zindankapı, MBB.",Konferans/Söyleşi,event,1,verified,
TV00025,1. Dönem (1991–1995),1. DÖNEM,29,7 Aralık,1991-12-07,,1991,[Gizli bilgi içeriyor],,organizational,,uncertain_category,
TV00026,1. Dönem (1991–1995),1. DÖNEM,31,4 Ocak,1992-01-04,,1992,"Tarihçinin Mutfağı Konferans Dizisi - Kemal Beydilli, Zindankapı MBB.",Konferans/Söyleşi,event,1,verified,
TV00027,1. Dönem (1991–1995),1. DÖNEM,32,4 Ocak,1992-01-04,,1992,İstanbul Dergisi Yazı Kurulunun Oluşması,,organizational,,uncertain_category,
TV00028,1. Dönem (1991–1995),1. DÖNEM,34,1 Şubat,1992-02-01,,1992,"Tarihçinin Mutfağı Konferans Dizisi - Sina Akşin, Zindankapı, MBB.",Konferans/Söyleşi,event,1,verified,
TV00029,1. Dönem (1991–1995),1. DÖNEM,35,22 Şubat,1992-02-22,,1992,Kuşaklar Buluşması Konferans Dizisi - Cahit Arf,Konferans/Söyleşi,event,1,verified,
TV00030,1. Dönem (1991–1995),1. DÖNEM,36,22 Şubat,1992-02-22,,1992,[Gizli bilgi içeriyor],,organizational,,uncertain_category,
TV00031,1. Dönem (1991–1995),1. DÖNEM,38,7 Mart,1992-03-07,,1992,"Tarihçinin Mutfağı Konferans Dizisi - Semavi Eyice, Zindankapı, MBB.",Konferans/Söyleşi,event,1,verified,
TV00032,1. Dönem (1991–1995),1. DÖNEM,39,21 Mart,1992-03-21,,1992,"Kuşaklar Buluşması Konferans Dizisi - Şaban Yıldız, Zindanpı, MBB.",Konferans/Söyleşi,event,1,verified,
TV00033,1. Dönem (1991–1995),1. DÖNEM,41,1 Nisan,1992-04-01,,1992,İstanbul Dergisi’ 1. Sayı - “Dosya: İstanbullu Kim?”,D_İstanbul Dergisi,publication,1,verified,
TV00034,1. Dönem (1991–1995),1. DÖNEM,42,8 Nisan,1992-04-08,,1992,“Kuşaklar Buluşması” - Aziz Nesin,Konferans/Söyleşi,event,1,verified,
TV00035,1. Dönem (1991–1995),1. DÖNEM,43,9 Nisan,1992-04-09,,1992,İstanbul Dergisinin  Başlaması Dolayısıyla Yerebatan Sarayı’nda Kokteyl,,organizational,,uncertain_category,
TV00036,1. Dönem (1991–1995),1. DÖNEM,44,9 Nisan,1992-04-09,,1992,Yurt  Sahipleri Özkan ve Sönmez Taner Tarafından Kitap Stokuyla Birlikte Vakfa Bağışlanması,,organizational,,uncertain_category,
TV00037,1. Dönem (1991–1995),1. DÖNEM,46,2 Mayıs,1992-05-02,,1992,"Tarihçinin Mutfağı Konferans Dizisi - Salih Özbaran, Zindankapı, MBB.",Konferans/Söyleşi,event,1,verified,
TV00038,1. Dönem (1991–1995),1. DÖNEM,47,10 Mayıs,1992-05-10,,1992,Ankara’da Üye Toplantısı ANKARA BÜRO KURULUŞ,,organizational,,uncertain_category,
TV00039,1. Dönem (1991–1995),1. DÖNEM,48,16 Mayıs,1992-05-16,,1992,"Kuşaklar Buluşması Konferans Dizisi - Mübeccel Kıray, Zindankapı, MBB.",Konferans/Söyleşi,event,1,verified,
TV00040,1. Dönem (1991–1995),1. DÖNEM,50,Haziran 1992,,,1992,"Bilgi-Belge Merkezinin Kurulması. Danışma Kurulu. Danışma Kurulu: M. Alakuş, T. Aren, J. Baysal, A. Işın, G. Olpak vd, TVH, Haziran 1992.",,organizational,,uncertain_category,
TV00041,1. Dönem (1991–1995),1. DÖNEM,51,6 Mayıs,1992-05-06,,1992,"Konferans Dizisi: Tarihçinin Mutfağı - Halil İnalcık, Zindankapı, MBB.",Konferans/Söyleşi,event,1,verified,
TV00042,1. Dönem (1991–1995),1. DÖNEM,54,Temmuz 1992,,,1992,"Müze Hazırlık Grubunun Çalışmaya Başlaması. Koordinatör Nazan Ölçer. Önproje Ekibi F. Adanır, G. Akçura, A. Gökalp, H. İnalcık, İ. Ortaylı vd. TVH, Temmuz-Ağustos 1992.",,organizational,,uncertain_category,
TV00043,1. Dönem (1991–1995),1. DÖNEM,55,Temmuz 1992,,,1992,İstanbul Dergisi 2. Sayı -  “Dosya: Ulaşım mı? Dolaşım mı,İstanbul Dergisi,publication,1,needs_review,
TV00044,1. Dönem (1991–1995),1. DÖNEM,56,Ağustos 1992,,,1992,İlk Kurum Tarihi “Milli Piyango Tarihi”  Projesinin Mete Tunçay Yönetiminde Başlaması,Proje,project,1,needs_review,
TV00045,1. Dönem (1991–1995),1. DÖNEM,58,18 Eylül,1992-09-18,,1992,“Türkiye’de Kurum Tarihçiliği Sempozyumu”,Sempozyum,event,1,verified,
TV00046,1. Dönem (1991–1995),1. DÖNEM,59,19 Eylül,1992-09-19,,1992,Vakfın İlk Genel Kurulu ve Değirmen Han’ın Resmen Hizmete Açılması,,organizational,,uncertain_category,
TV00047,1. Dönem (1991–1995),1. DÖNEM,60,Ekim 1992,,,1992,Kültür Bakanlığı 1993 İstanbul Yılı İçin Vakıfta Hazırlık Çalışmalarının Başlaması,,organizational,,uncertain_category,
TV00048,1. Dönem (1991–1995),1. DÖNEM,61,Ekim 1992,,,1992,Kültür Bakanlığı’nın Desteği İle İstanbul Ansiklopedisi Hazırlıklarının Başlaması,Ansiklopedi,publication,1,needs_review,
TV00049,1. Dönem (1991–1995),1. DÖNEM,62,17 Ekim,1992-10-17,,1992,"Tarihçinin Mutfağı Konferans Dizisi - Mete Tunçay, MBB.",Konferans/Söyleşi,event,1,verified,
TV00050,1. Dönem (1991–1995),1. DÖNEM,63,31 Ekim,1992-10-31,,1992,"Kuşaklar Buluşması Konferans Dizisi - Lütfü Akad, MBB.",Konferans/Söyleşi,event,1,verified,
TV00051,1. Dönem (1991–1995),1. DÖNEM,64,31 Ekim,1992-10-31,,1992,“Tariş Tarihi” Projesinin Zeki Arıkan’ın Yönetiminde Başlaması,Proje,project,1,verified,
TV00052,1. Dönem (1991–1995),1. DÖNEM,65,31 Ekim,1992-10-31,,1992,Necmettin Sahir Sılan Arşivinin Varisleri Tarafından Vakfa Bağışlanması,,organizational,,uncertain_category,
TV00053,1. Dönem (1991–1995),1. DÖNEM,66,31 Ekim,1992-10-31,,1992,İstanbul Dergisi 3. Sayı - “Dosya: İstanbul ve Kültür,İstanbul Dergisi,publication,1,verified,
TV00054,1. Dönem (1991–1995),1. DÖNEM,68,7-15 Kasım,1992-11-07,1992-11-15,1992,"Tüyap Kitap Fuarı’nda Düzenlenen Paneller: 7 Kasım - İstanbul’da Avam Edebiyatı, 8 Kasım - İstanbul ve Kitaplar, 10 Kasım - Cumhuriyet ve İstanbul, 15 Kasım - İstanbul Kütüphaneleri",Fuar,event,1,verified,
TV00055,1. Dönem (1991–1995),1. DÖNEM,69,7-15 Kasım,1992-11-07,1992-11-15,1992,"Tüyap Kitap Fuarı’nda Düzenlenen Paneller: 7 Kasım - İstanbul’da Avam Edebiyatı, 8 Kasım - İstanbul ve Kitaplar, 10 Kasım - Cumhuriyet ve İstanbul, 15 Kasım - İstanbul Kütüphaneleri",Konferans/Söyleşi,event,4,verified,
TV00056,1. Dönem (1991–1995),1. DÖNEM,70,14 Kasım,1992-11-14,,1992,"Tarihçinin Mutfağı Konferans Dizisi - Filiz Yenişehirlioğlu, MBB.",Konferans/Söyleşi,event,1,verified,
TV00057,1. Dönem (1991–1995),1. DÖNEM,71,Kasım,,,1992,IBM Türk Ltd.’den Bilgisayar Sistemi Bağışı Alınması,,organizational,,uncertain_date,
TV00058,1. Dönem (1991–1995),1. DÖNEM,73,12 Aralık,1992-12-12,,1992,"Tarihçinin Mutfağı Konferans Dizisi - İlber Ortaylı, MBB.",Konferans/Söyleşi,event,1,verified,
TV00059,1. Dönem (1991–1995),1. DÖNEM,74,17-18 Aralık,1992-12-17,1992-12-18,1992,“Osman Hamdi Bey Sempozyumu” (Kültür Bakanlığı ile),Sempozyum,event,1,verified,
TV00060,1. Dönem (1991–1995),1. DÖNEM,75,26 Aralık,1992-12-26,,1992,"Kuşaklar Buluşması Konferans Dizisi - Muzaffer Aksoy, MBB.",Konferans/Söyleşi,event,1,verified,
TV00061,1. Dönem (1991–1995),1. DÖNEM,76,Ocak 1993,,,1993,Kültür Bakanlığı İle Vakfın “1993 İstanbul Yılı” Projesinin Koordinatörlüğünü Üstlenmesine İlişkin Protokolün İmzalanması,,organizational,,uncertain_category,
TV00062,1. Dönem (1991–1995),1. DÖNEM,77,Ocak 1993,,,1993,İstanbul Tarih ve Deniz Şenliği Hazırlıklarının Başlaması,Proje,project,1,needs_review,
TV00063,1. Dönem (1991–1995),1. DÖNEM,78,9 Ocak,1993-01-09,,1993,"Tarihçinin Mutfağı Konferans Dizisi - Kazım Çeçen , MBB.",Konferans/Söyleşi,event,1,verified,
TV00064,1. Dönem (1991–1995),1. DÖNEM,79,23 Ocak,1993-01-23,,1993,"Kuşaklar Buluşması Konferans Dizisi - Bahri Savcı, MBB.",Konferans/Söyleşi,event,1,verified,
TV00065,1. Dönem (1991–1995),1. DÖNEM,80,23 Ocak,1993-01-23,,1993,“İSKİ Tarihi Yazımı” Projesinin Burhan Oğuz Yönetiminde Başlaması,Proje,project,1,verified,
TV00066,1. Dönem (1991–1995),1. DÖNEM,81,23 Ocak,1993-01-23,,1993,“Milli Piyango Tarihi” Projesinin Tamamlanması,Proje,project,1,verified,
TV00067,1. Dönem (1991–1995),1. DÖNEM,82,23 Ocak,1993-01-23,,1993,İstanbul Dergisi 4. Sayı - “Dosya: İstanbul’un Planlanması”,D_İstanbul Dergisi,publication,1,verified,
TV00068,1. Dönem (1991–1995),1. DÖNEM,84,13 Şubat,1993-02-13,,1993,"Tarihçinin Mutfağı Konferans Dizisi - Ahmet Mumcu, MBB.",Konferans/Söyleşi,event,1,verified,
TV00069,1. Dönem (1991–1995),1. DÖNEM,85,13 Şubat,1993-02-13,,1993,"“Tarih ve Sosyal Bilimler” Konferansı - İlhan Tekeli, İnşaat Mühensidleri Odası (İMO), Ankara",Konferans/Söyleşi,event,1,verified,
TV00070,1. Dönem (1991–1995),1. DÖNEM,86,27 Şubat,1993-02-27,,1993,Kuşaklar Buluşması Konferans Dizisi - Mualla Eyüboğlu ve Robert Anhegger,Konferans/Söyleşi,event,1,verified,
TV00071,1. Dönem (1991–1995),1. DÖNEM,87,27-28 Şubat,1993-02-27,1993-02-28,1993,“İstanbul Üzerine Beklentiler ve Ütopyalar Sempozyumu” (Kültür Bakanlığı ile),Sempozyum,event,1,verified,
TV00072,1. Dönem (1991–1995),1. DÖNEM,89,13 Mart,1993-03-13,,1993,"Tarihçinin Mutfağı Konferans Dizisi - Şerafettin Turan, MBB.",Konferans/Söyleşi,event,1,verified,
TV00073,1. Dönem (1991–1995),1. DÖNEM,90,30 Mart,1993-03-30,,1993,"“Doğu Avrupa ve Balkanlar” Konferansı, İlber Ortaylı,  Ankara",Konferans/Söyleşi,event,1,verified,
TV00074,1. Dönem (1991–1995),1. DÖNEM,91,30 Mart,1993-03-30,,1993,Vakıf Tarafından Devralınan Yurt  Yeniden  Başlamasının Kararlaştırılması,,organizational,,uncertain_category,
TV00075,1. Dönem (1991–1995),1. DÖNEM,92,30 Mart,1993-03-30,,1993,İstanbul 1993 Kültür Kurumları Kataloğu (1. Baskı),D_ İstanbul Dergisi,publication,1,verified,
TV00076,1. Dönem (1991–1995),1. DÖNEM,95,10 Nisan,1993-04-10,,1993,"Tarihçinin Mutfağı Konferans Dizisi - Burhan Oğuz, MBB.",Konferans/Söyleşi,event,1,verified,
TV00077,1. Dönem (1991–1995),1. DÖNEM,96,21 Nisan,1993-04-21,,1993,“Ders Kitaplarımız ve Dünya Standartları” Konferansı - Herkül Millas - Ankara,Konferans/Söyleşi,event,1,verified,
TV00078,1. Dönem (1991–1995),1. DÖNEM,97,23-24 Nisan,1993-04-23,1993-04-24,1993,“Toplumsal Tarihte Çocuk Sempozyumu” (İstanbul Büyükşehir Belediyesi ile),Sempozyum,event,1,verified,
TV00079,1. Dönem (1991–1995),1. DÖNEM,98,24 Nisan,1993-04-24,,1993,"Kuşaklar Buluşması Konferans Dizisi - Vedat Günyol, MBB.",Konferans/Söyleşi,event,1,verified,
TV00080,1. Dönem (1991–1995),1. DÖNEM,99,Mayıs 1993,,,1993,İstanbul Dergisi 5. Sayı “Dosya: İstanbul ve Ütopyalar”,D_İstanbul Dergisi,publication,1,needs_review,
TV00081,1. Dönem (1991–1995),1. DÖNEM,100,8 Mayıs,1993-05-08,,1993,"Tarihçinin Mutfağı Konferans Dizisi - Orhan Koloğlu, MBB.",Konferans/Söyleşi,event,1,verified,
TV00082,1. Dönem (1991–1995),1. DÖNEM,101,20 Mayıs,1993-05-20,,1993,“Tarih Felsefesi” Konferansı - Kurtuluş Dinçer - Ankara,Konferans/Söyleşi,event,1,verified,
TV00083,1. Dönem (1991–1995),1. DÖNEM,102,24-26 Mayıs,1993-05-24,1993-05-26,1993,“I. Uluslararası Tarih Kongresi” – ODTÜ,Kongre,event,1,verified,
TV00084,1. Dönem (1991–1995),1. DÖNEM,103,27-29 mayıs,1993-05-27,1993-05-29,1993,“Toplumsal Tarih Müzesi Kuruluş Sorunları Uluslararası Sempozyumu”,Sempozyum,event,1,verified,
TV00085,1. Dönem (1991–1995),1. DÖNEM,104,27-29 mayıs,1993-05-27,1993-05-29,1993,“Milli Aydın Bankası Projesi”nin Hüsnü Erkan Yönetiminde Başlaması,Proje,project,1,verified,
TV00086,1. Dönem (1991–1995),1. DÖNEM,105,27-29 mayıs,1993-05-27,1993-05-29,1993,“İSKİ Tarihi” Projesinin Tamamlanması,Proje,project,1,verified,
TV00087,1. Dönem (1991–1995),1. DÖNEM,105,27-29 mayıs,1993-05-27,1993-05-29,1993,"1. İstanbul Tarih ve Deniz Şenliği 12-18 Temmuz 1993, 1 Haziran 1993, s. 4.",Bülten,publication,1,verified,
TV00088,1. Dönem (1991–1995),1. DÖNEM,106,Haziran 1993,,,1993,"1. İstanbul Tarih ve Deniz Şenliği 12-18 Temmuz 1993, 15 Haziran 1993, s. 5.",Bülten,publication,1,needs_review,
TV00089,1. Dönem (1991–1995),1. DÖNEM,107,6-7 Haziran,1993-06-06,1993-06-07,1993,“Sözlü Tarih Atölyesi”,Atölye,event,,verified,
TV00090,1. Dönem (1991–1995),1. DÖNEM,108,12 Haziran,1993-06-12,,1993,"Tarihçinin Mutfağı Konferans Dizisi - Şevket Pamuk, MBB.",Konferans/Söyleşi,event,,verified,
TV00091,1. Dönem (1991–1995),1. DÖNEM,108,12 Haziran,1993-06-12,,1993,"1. İstanbul Tarih ve Deniz Şenliği 12-18 Temmuz 1993, 1 Temmuz 1993, s. 6.",Konferans/Söyleşi,publication,1,verified,
TV00092,1. Dönem (1991–1995),1. DÖNEM,110,12-18 Temmuz,1993-07-12,1993-07-18,1993,"I. İstanbul Tarih ve Deniz Şenliği (1 Sergi, 1 Sempozyum, 2 Konferans, 5 Gösteri, 5 Yarış, 16 Konser, 8 Çeşitli Etkinlik)",Sergi,event,1,verified,
TV00093,1. Dönem (1991–1995),1. DÖNEM,110,12-18 Temmuz,1993-07-12,1993-07-18,1993,"Yurt  Korkut Boratav (ed.), Türkiye’de Sanayileşmenin Yeni Boyutları ve KİT’ler",Yayın (Yurt Yayınları),publication,1,verified,
TV00094,1. Dönem (1991–1995),1. DÖNEM,111,12-18 Temmuz,1993-07-12,1993-07-18,1993,"I. İstanbul Tarih ve Deniz Şenliği (1 Sergi, 1 Sempozyum, 2 Konferans, 5 Gösteri, 5 Yarış, 16 Konser, 8 Çeşitli Etkinlik)",Festival/Şenlik,event,1,verified,
TV00095,1. Dönem (1991–1995),1. DÖNEM,112,12-18 Temmuz,1993-07-12,1993-07-18,1993,"I. İstanbul Tarih ve Deniz Şenliği (1 Sergi, 1 Sempozyum, 2 Konferans, 5 Gösteri, 5 Yarış, 16 Konser, 8 Çeşitli Etkinlik)",Konferans/Söyleşi,event,2,verified,
TV00096,1. Dönem (1991–1995),1. DÖNEM,113,12-18 Temmuz,1993-07-12,1993-07-18,1993,"I. İstanbul Tarih ve Deniz Şenliği (1 Sergi, 1 Sempozyum, 2 Konferans, 5 Gösteri, 5 Yarış, 16 Konser, 8 Çeşitli Etkinlik)",Sempozyum,event,1,verified,
TV00097,1. Dönem (1991–1995),1. DÖNEM,114,12-18 Temmuz,1993-07-12,1993-07-18,1993,"I. İstanbul Tarih ve Deniz Şenliği (1 Sergi, 1 Sempozyum, 2 Konferans, 5 Gösteri, 5 Yarış, 16 Konser, 8 Çeşitli Etkinlik)",Gösteri,event,5,verified,
TV00098,1. Dönem (1991–1995),1. DÖNEM,115,12-18 Temmuz,1993-07-12,1993-07-18,1993,"I. İstanbul Tarih ve Deniz Şenliği (1 Sergi, 1 Sempozyum, 2 Konferans, 5 Gösteri, 5 Yarış, 16 Konser, 8 Çeşitli Etkinlik)",Yarışma,event,5,verified,
TV00099,1. Dönem (1991–1995),1. DÖNEM,116,12-18 Temmuz,1993-07-12,1993-07-18,1993,"I. İstanbul Tarih ve Deniz Şenliği (1 Sergi, 1 Sempozyum, 2 Konferans, 5 Gösteri, 5 Yarış, 16 Konser, 8 Çeşitli Etkinlik)",Konser,event,16,verified,
TV00100,1. Dönem (1991–1995),1. DÖNEM,117,12-18 Temmuz,1993-07-12,1993-07-18,1993,"I. İstanbul Tarih ve Deniz Şenliği (1 Sergi, 1 Sempozyum, 2 Konferans, 5 Gösteri, 5 Yarış, 16 Konser, 8 Çeşitli Etkinlik)",Diğer Etkinlik,event,8,verified,
TV00101,1. Dönem (1991–1995),1. DÖNEM,118,12-18 Temmuz,1993-07-12,1993-07-18,1993,İstanbul Dergisi 6. Sayı - “Dosya: Turizm ve İstanbul”,D_İstanbul Dergisi,publication,1,verified,
TV00102,1. Dönem (1991–1995),1. DÖNEM,121,Ağustos 1993,,,1993,IBM Türk Ltd. Bilgisayar Bağışı - 2. Bölüm,,organizational,,uncertain_category,
TV00103,1. Dönem (1991–1995),1. DÖNEM,122,Ağustos 1993,,,1993,Vakfın Dizgi ve  Hazırlık Birimlerinin Faaliyete Geçmesi,,organizational,,uncertain_category,
TV00104,1. Dönem (1991–1995),1. DÖNEM,123,Eylül 1993,,,1993,“Eyüp Projesi”nin Halil İnalcık ve Doğan Kuban Başkanlığında Başlaması,Proje,project,1,needs_review,
TV00105,1. Dönem (1991–1995),1. DÖNEM,124,Eylül 1993,,,1993,“Taşınmaz Kültür ve Tabiat Varlıkları Ulusal Arşivi Pilot Projesi”nin Ayla Ödekan Yönetiminde Başlaması,Proje,project,1,needs_review,
TV00106,1. Dönem (1991–1995),1. DÖNEM,125,Eylül 1993,,,1993,“Tariş Kurum Tarihi” Projesinin Tamamlanması,Proje (Kurum Tarihi),project,1,needs_review,
TV00107,1. Dönem (1991–1995),1. DÖNEM,127,9 Ekim,1993-10-09,,1993,Vakfın 1. Olağan Genel Kurul Toplantısı,,organizational,,uncertain_category,
TV00108,1. Dönem (1991–1995),1. DÖNEM,128,21 Ekim,1993-10-21,,1993,"“Türkiye’nin Tarihsel ve Toplumsal Gelişmedeki Yeri” Konferansı - Sina Akşin - İMO, Ankara",Konferans/Söyleşi,event,1,verified,
TV00109,1. Dönem (1991–1995),1. DÖNEM,129,26 Ekim,1993-10-26,,1993,“Şark İslam Şehri - Kuzey Afrika ve Yakındoğu Şehirlerinde Antik Gelenek ile İslam Mirası ve Çağdaş Gelişme Eğilimleri” Konferansı - Eugen Wirth,Konferans/Söyleşi,event,1,verified,
TV00110,1. Dönem (1991–1995),1. DÖNEM,129,26 Ekim,1993-10-26,,1993,İstanbul Ansiklopedisi’nin İlk Fasikülünün,Ansiklopedi,publication,1,verified,
TV00111,1. Dönem (1991–1995),1. DÖNEM,130,30 Ekim,1993-10-30,,1993,New Perspectives On Turkey Dergisinin Tarih Vakfı Tarafından  Başlanması,Dergi (NPT),publication,1,verified,
TV00112,1. Dönem (1991–1995),1. DÖNEM,131,30 Ekim,1993-10-30,,1993,"Yurt  Murat Belge, İstanbul Gezi Rehberi - İzzettin Önder, Türkiye’de Kamu Maliyesi - Suraiya Faroqhi, Osmanlı’da Kentler ve Kentliler",Yayın (Yurt Yayınları),publication,3,verified,
TV00113,1. Dönem (1991–1995),1. DÖNEM,132,30 Ekim,1993-10-30,,1993,İstanbul Dergisi 7. Sayı “Dosya: Küreselleşme ve İstanbul”,D_İstanbul Dergisi,publication,1,verified,
TV00114,1. Dönem (1991–1995),1. DÖNEM,133,30 Ekim,1993-10-30,,1993,"1. İstanbul Tarih ve Deniz Şenliği 12-18 Temmuz 1993, 1 Kasım 1993, s. 7.",Festival/Şenlik,event,,verified,
TV00115,1. Dönem (1991–1995),1. DÖNEM,135,7-15 Kasım,1993-11-07,1993-11-15,1993,"TÜYAP Kitap Fuarı ve Paneller: 10 Kasım “Türkiye’de Çıkan Çocuk Dergileri” , 11 Kasım “Türkiye’de Çocuk Edebiyatının Sorunları”, 14 Kasım “Çizgi, Roman ve Çocuk” , Sergi: “Sergi Çizgileri”",Panel,event,3,verified,
TV00116,1. Dönem (1991–1995),1. DÖNEM,136,7-15 Kasım,1993-11-07,1993-11-15,1993,"TÜYAP Kitap Fuarı ve Paneller: 10 Kasım “Türkiye’de Çıkan Çocuk Dergileri” , 11 Kasım “Türkiye’de Çocuk Edebiyatının Sorunları”, 14 Kasım “Çizgi, Roman ve Çocuk” , Sergi: “Sergi Çizgileri”",Sergi,event,1,verified,
TV00117,1. Dönem (1991–1995),1. DÖNEM,137,7-15 Kasım,1993-11-07,1993-11-15,1993,"TÜYAP Kitap Fuarı ve Paneller: 10 Kasım “Türkiye’de Çıkan Çocuk Dergileri” , 11 Kasım “Türkiye’de Çocuk Edebiyatının Sorunları”, 14 Kasım “Çizgi, Roman ve Çocuk” , Sergi: “Sergi Çizgileri”",Fuar,event,1,verified,
TV00118,1. Dönem (1991–1995),1. DÖNEM,138,16 Kasım,1993-11-16,,1993,“Türkiye’de Kooperatifçilik Hareketi ve 80. Yılında Tariş” Sempozyumu - İzmir,Sempozyum,event,1,verified,
TV00119,1. Dönem (1991–1995),1. DÖNEM,139,24 Kasım,1993-11-24,,1993,Sözlü Tarih Atölyesi - “İsmail Hüsrev Tökin” Mete Tunçay,Atölye,event,1,verified,
TV00120,1. Dönem (1991–1995),1. DÖNEM,140,25 Kasım,1993-11-25,,1993,"Tarihe Tanıklık Edenler Söyleşi Dizisi “Yeşilçamın İlk Günleri”, Fotoğraflı, TVH, Aralık 1993.",Konferans/Söyleşi,event,1,verified,
TV00121,1. Dönem (1991–1995),1. DÖNEM,141,25 Kasım,1993-11-25,,1993,Ayşe Erzan’ın Büyük Çaplı Arşiv Bağışı,,organizational,,uncertain_category,
TV00122,1. Dönem (1991–1995),1. DÖNEM,141,25 Kasım,1993-11-25,,1993,Milli Piyango Tarihi ve Milli Piyango İdaresi Kitabının,Yayın (Vakıf),publication,1,verified,
TV00123,1. Dönem (1991–1995),1. DÖNEM,142,25 Kasım,1993-11-25,,1993,"Yurt  Hagop Mintzuri, İstanbul Anıları 1897-1940",Yayın (Yurt Yayınları),publication,1,verified,
TV00124,1. Dönem (1991–1995),1. DÖNEM,145,11-12 Aralık,1993-12-11,1993-12-12,1993,"“Eyüp, Dün/Bugün” Sempozyumu (Kültür Bakanlığı ile)",Sempozyum,event,1,verified,
TV00125,1. Dönem (1991–1995),1. DÖNEM,146,23 Aralık,1993-12-23,,1993,Tarihe Tanıklık Edenler Söyleşi Dizisi “Son Osmanlılar”,Konferans/Söyleşi,event,1,verified,
TV00126,1. Dönem (1991–1995),1. DÖNEM,147,25 Aralık,1993-12-25,,1993,İstanbul Ansiklopedisi’nin 1. Cildinin Tamamlanması,Ansiklopedi,publication,1,verified,
TV00127,1. Dönem (1991–1995),1. DÖNEM,148,29 Aralık,1993-12-29,,1993,“Osmanlı Klasik Düzeni” Konferansı - Özer Ergenç - Ankara,Konferans/Söyleşi,event,1,verified,
TV00128,1. Dönem (1991–1995),1. DÖNEM,149,29 Aralık,1993-12-29,,1993,"""Kent Tarihleri Yazımı"" Projesinin Başlaması",Proje,project,1,verified,
TV00129,1. Dönem (1991–1995),1. DÖNEM,150,29 Aralık,1993-12-29,,1993,"Yurt  Zeynep Rona (ed.), Osman Hamdi Bey ve Dönemi Sempozyum Tebliğleri ; Çağlar Keyder, Dünya Ekonomisi İçinde Türkiye",Yayın (Yurt Yayınları),publication,2,verified,
TV00130,1. Dönem (1991–1995),1. DÖNEM,152,22 Ocak,1994-01-22,,1994,Taş Plak Projesi: “Dinleti”- T.Z.T. Kültür Merkezi,Konser,event,1,verified,
TV00131,1. Dönem (1991–1995),1. DÖNEM,153,27 Ocak,1994-01-27,,1994,Tarihe Tanıklık Edenler Söyleşi Dizisi “İlk Sanayiciler”,Konferans/Söyleşi,event,1,verified,
TV00132,1. Dönem (1991–1995),1. DÖNEM,154,28 Ocak,1994-01-28,,1994,"“Babıali, Fener Patrikhanesi ve Arnavut Milliyetçiliği” Konferansı - Akşin Somel - Ankara",Konferans/Söyleşi,event,1,verified,
TV00133,1. Dönem (1991–1995),1. DÖNEM,154,28 Ocak,1994-01-28,,1994,İstanbul Dergisi 8. Sayı  - “Dosya: İstanbul Nasıl Yönetilmeli”,D_ İstanbul Dergisi,publication,1,verified,
TV00134,1. Dönem (1991–1995),1. DÖNEM,155,28 Ocak,1994-01-28,,1994,Toplumsal Tarih Dergisinin 1. Sayı ile  Başlaması,Dergi (Toplumsal Tarih),publication,1,verified,
TV00135,1. Dönem (1991–1995),1. DÖNEM,158,16 Şubat,1994-02-16,,1994,“İstanbul’da Musiki Dernekleri Tarihi Projesi” Hazırlık Toplantısı,Proje,project,1,verified,
TV00136,1. Dönem (1991–1995),1. DÖNEM,159,24 Şubat,1994-02-24,,1994,"Doğan Kuban, Tarihe Tanıklık Edenler Söyleşi Dizisi: “İstanbul’da Menderes İmarı ve Sonrası”, MBB.",Konferans/Söyleşi,event,1,verified,
TV00137,1. Dönem (1991–1995),1. DÖNEM,160,24 Şubat,1994-02-24,,1994,"Mete Tunçay, ""İsmail Hüsrev Tökin"", Ankara",Konferans/Söyleşi,event,1,verified,
TV00138,1. Dönem (1991–1995),1. DÖNEM,161,24 Şubat,1994-02-24,,1994,“Darüşşafaka Tarihi” Projesinin Zafer Toprak Yönetiminde Başlaması,Proje,project,1,verified,
TV00139,1. Dönem (1991–1995),1. DÖNEM,162,24 Şubat,1994-02-24,,1994,Milli Aydın Bankası (Tariş Bank) Tarihi Projesinin Tamamlanması,Proje,project,1,verified,
TV00140,1. Dönem (1991–1995),1. DÖNEM,162,24 Şubat,1994-02-24,,1994,Toplumsal Tarih Dergisi 2. Sayı,Dergi (Toplumsal Tarih),publication,1,verified,
TV00141,1. Dönem (1991–1995),1. DÖNEM,165,5-6 Mart,1994-03-05,1994-03-06,1994,“Kent Tarihçiliği” Atölyesi (TOKİ’nin Desteği ile),Atölye,event,1,verified,
TV00142,1. Dönem (1991–1995),1. DÖNEM,166,7-17 Mart,1994-03-07,1994-03-17,1994,“Eyüp İçin Bir Gelecek” Sergisi – AKM (Kültür Bakanlığı Desteği ile),Sergi,event,1,verified,
TV00143,1. Dönem (1991–1995),1. DÖNEM,167,9 Mart,1994-03-09,,1994,"Sözlü Tarih Atölyesi “Sabiha ve Zekeriya Sertel” Zafer Toprak, MBB.",Atölye,event,1,verified,
TV00144,1. Dönem (1991–1995),1. DÖNEM,168,18 Mart,1994-03-18,,1994,"“Bir Tarih Araştırması Alanı Olarak Sosyalizm” Frank Deppe, MBB.",Konferans/Söyleşi,event,1,verified,
TV00145,1. Dönem (1991–1995),1. DÖNEM,169,19 Mart,1994-03-19,,1994,"“Batı Avrupa’da Sendikal Hareket”, Frank Deppe - Ankara",Konferans/Söyleşi,event,1,verified,
TV00146,1. Dönem (1991–1995),1. DÖNEM,170,23 Mart,1994-03-23,,1994,"“Tarih Eğitimi ve Ders Kitaplarının Yeniden Eleştirisine Giriş” Halil Berktay, Ankara.",Konferans/Söyleşi,event,1,verified,
TV00147,1. Dönem (1991–1995),1. DÖNEM,171,31 Mart,1994-03-31,,1994,"Ayhan Aktar, Tarihe Tanıklık Edenler Söyleşi Dizisi “Türkiye’de Varlık Vergisi”, MBB.",Konferans/Söyleşi,event,1,verified,
TV00148,1. Dönem (1991–1995),1. DÖNEM,171,31 Mart,1994-03-31,,1994,"Yurt  Ehud R. Toledano, Osmanlı Köle Ticareti",Yayın (Yurt Yayınları),publication,1,verified,
TV00149,1. Dönem (1991–1995),1. DÖNEM,172,31 Mart,1994-03-31,,1994,Toplumsal Tarih Dergisi 3. Sayı,Dergi (Toplumsal Tarih),publication,1,verified,
TV00150,1. Dönem (1991–1995),1. DÖNEM,175,2-10 Nisan,1994-04-02,1994-04-10,1994,“Eyüp İçin Bir Gelecek” Sergisi (Eyüp Belediyesi ile),Sergi,event,1,verified,
TV00151,1. Dönem (1991–1995),1. DÖNEM,176,9-17 Nisan,1994-04-09,1994-04-17,1994,Tarih Vakfı TÜYAP Ankara Kitap Fuarı’nda,Fuar,event,1,verified,
TV00152,1. Dönem (1991–1995),1. DÖNEM,177,23 Nisan,1994-04-23,,1994,Paul Sweezy ile Sohbet Toplantısı,Konferans/Söyleşi,event,1,verified,
TV00153,1. Dönem (1991–1995),1. DÖNEM,178,25 Nisan,1994-04-25,,1994,“18. ve 19. Yüzyılda Alman Basınında Türk İmajı” Konferansı - Ahmet Mumcu - Ankara,Konferans/Söyleşi,event,1,verified,
TV00154,1. Dönem (1991–1995),1. DÖNEM,179,28 Nisan,1994-04-28,,1994,"Tarihe Tanıklık Edenler Söyleşi Dizisi “Babıali’den İkitelliye”, MBB.",Konferans/Söyleşi,event,1,verified,
TV00155,1. Dönem (1991–1995),1. DÖNEM,180,29-30 Nisan,1994-04-29,1994-04-30,1994,"“Yerel Kültürler, Global Şehirler” (Orient Institute ve B.Ü. Sosyoloji Bölümü İle), MBB.",Sempozyum,event,1,verified,
TV00156,1. Dönem (1991–1995),1. DÖNEM,180,29-30 Nisan,1994-04-29,1994-04-30,1994,"Yurt  Bekir Onur (ed.), Toplumsal Tarihte Çocuk",Yayın (Yurt Yayınları),publication,1,verified,
TV00157,1. Dönem (1991–1995),1. DÖNEM,181,29-30 Nisan,1994-04-29,1994-04-30,1994,"İstanbul Dergisi 9. Sayı “Dosya: İstanbul’un Yeşili, Mavisi”",D_İstanbul Dergisi,publication,1,verified,
TV00158,1. Dönem (1991–1995),1. DÖNEM,182,29-30 Nisan,1994-04-29,1994-04-30,1994,Toplumsal Tarih Dergisi 4. Sayı,Dergi (Toplumsal Tarih),publication,1,verified,
TV00159,1. Dönem (1991–1995),1. DÖNEM,185,25-27 Mayıs,1994-05-25,1994-05-27,1994,"İkinci Türk Müziği Günleri (çeşitli müzik dernekleri ile birlikte), Askeri Müze.",Konser,event,1,verified,
TV00160,1. Dönem (1991–1995),1. DÖNEM,186,30 Mayıs,1994-05-30,,1994,"“Bolşevik İhtilali ve Osmanlı Basını” Konferansı - Uygur Kocabaşoğlu- Mimarlar Odası, Ankara.",Konferans/Söyleşi,event,1,verified,
TV00161,1. Dönem (1991–1995),1. DÖNEM,187,30 Mayıs,1994-05-30,,1994,Orhan Tuna Arşivi’nin Varisleri Tarafından Bağışlanması,,organizational,,uncertain_category,
TV00162,1. Dönem (1991–1995),1. DÖNEM,187,30 Mayıs,1994-05-30,,1994,Toplumsal Tarih Dergisi 5. Sayı,Dergi (Toplumsal Tarih),publication,1,verified,
TV00163,1. Dönem (1991–1995),1. DÖNEM,188,30 Mayıs,1994-05-30,,1994,"New Perspectıves On Turkey, Spring 1994",Dergi (NPT),publication,1,verified,
TV00164,1. Dönem (1991–1995),1. DÖNEM,189,Haziran 1994,,,1994,Toplumsal Tarih Dergisi 6. Sayı,Dergi (Toplumsal Tarih),publication,1,needs_review,
TV00165,1. Dönem (1991–1995),1. DÖNEM,191,Temmuz 1994,,,1994,İstanbul Tarih ve Deniz Şenliği Kapsamındaki Kısa Film Yarışmasının Sonuçlanması,Yarışma,event,1,needs_review,
TV00166,1. Dönem (1991–1995),1. DÖNEM,191,Temmuz 1994,,,1994,"Yurt  Selim Deringil,  Denge Oyunu İkinci Dünya Savaşı’nda Türkiye’nin Dış Politikası - Sevgi Aktüre, Anadolu’da Bronz Çağı Kentleri",Yayın (Yurt Yayınları),publication,2,needs_review,
TV00167,1. Dönem (1991–1995),1. DÖNEM,192,Temmuz 1994,,,1994,İstanbul Dergisi 10. Sayı “Dosya: İstanbul’da Popüler Kültür”,D_İstanbul Dergisi,publication,1,needs_review,
TV00168,1. Dönem (1991–1995),1. DÖNEM,193,Temmuz 1994,,,1994,Toplumsal Tarih Dergisi 7. Sayı,Dergi (Toplumsal Tarih),publication,1,needs_review,
TV00169,1. Dönem (1991–1995),1. DÖNEM,196,20 Ağustos,1994-08-20,,1994,“Hasköy Yahudi Mezarlığı Araştırmasının Öğrettikleri” Konferansı - Minna Rozen,Konferans/Söyleşi,event,1,verified,
TV00170,1. Dönem (1991–1995),1. DÖNEM,196,20 Ağustos,1994-08-20,,1994,"Yurt  Şevket Pamuk, Osmanlı Ekonomisinde Bağımlılık ve Büyüme, 1820-1913",Yayın (Yurt Yayınları),publication,1,verified,
TV00171,1. Dönem (1991–1995),1. DÖNEM,197,20 Ağustos,1994-08-20,,1994,Toplumsal Tarih Dergisi 8. Sayı,Dergi (Toplumsal Tarih),publication,1,verified,
TV00172,1. Dönem (1991–1995),1. DÖNEM,200,29 Eylül-1 Ekim,,,1994,“Tarih Öğretiminin Sorunları ve Ders Kitapları” Sempozyumu - Buca (9 Eylül Üniversitesi Buca Eğitim Fakültesi ile),Sempozyum,event,1,uncertain_date,
TV00173,1. Dönem (1991–1995),1. DÖNEM,201,30 Eylül,1994-09-30,,1994,“Bir Bina Neden Güzeldir?” Konferansı - Suraiya Faroqhi (Orient Institute ile),Konferans/Söyleşi,event,1,verified,
TV00174,1. Dönem (1991–1995),1. DÖNEM,202,30 Eylül,1994-09-30,,1994,“Dünya Kenti İstanbul” ve “Anadolu’da Konut ve Yerleşme” Sergi Çalışmalarının Başlaması,Proje,project,2,verified,
TV00175,1. Dönem (1991–1995),1. DÖNEM,202,30 Eylül,1994-09-30,,1994,Tarih Vakfı  Kent Tarihçiliği Sempozyumu ve Kent Araştırmaları Bibliografyası  (TOKİ ile),Yayın (Vakıf),publication,1,verified,
TV00176,1. Dönem (1991–1995),1. DÖNEM,203,30 Eylül,1994-09-30,,1994,Toplumsal Tarih Dergisi 9. Sayı,Dergi (Toplumsal Tarih),publication,1,verified,
TV00177,1. Dönem (1991–1995),1. DÖNEM,206,27 Ekim,1994-10-27,,1994,"Sendikacılık Ansiklopedisi Hazırlık Toplantısı (Kültür Bakanlığı, Türk-İş, DİSK, Hak-İş ve İLO ile)",Proje,project,1,verified,
TV00178,1. Dönem (1991–1995),1. DÖNEM,207,27 Ekim,1994-10-27,,1994,“Yakın Dönem Siyasal Düşünce Tarihimizi Yazmak” Konferansı - Sina Akşin- Ankara,Konferans/Söyleşi,event,1,verified,
TV00179,1. Dönem (1991–1995),1. DÖNEM,207,27 Ekim,1994-10-27,,1994,"Yurt  Tülay Artan (ed.), Eyüp: Dün / Bugün  - Peter Burke, Tarih ve Toplumsal Kuram - Çağlar Keyder, Eyüp Özveren, Donald Quataert, Doğu Akdeniz Liman Kentleri 1800-1914",Yayın (Yurt Yayınları),publication,1,verified,
TV00180,1. Dönem (1991–1995),1. DÖNEM,208,27 Ekim,1994-10-27,,1994,"New Perspectives On Turkey, Fall 94",Dergi (NPT),publication,1,verified,
TV00181,1. Dönem (1991–1995),1. DÖNEM,209,27 Ekim,1994-10-27,,1994,İstanbul Dergisi 11. Sayı  - “Dosya: Yasadışı İstanbul”,D_İstanbul Dergisi,publication,1,verified,
TV00182,1. Dönem (1991–1995),1. DÖNEM,210,27 Ekim,1994-10-27,,1994,Toplumsal Tarih Dergisi 10. Sayı,Dergi (Toplumsal Tarih),publication,1,verified,
TV00183,1. Dönem (1991–1995),1. DÖNEM,213,5-13 Kasım,1994-11-05,1994-11-13,1994,Tarih Vakfı TÜYAP Kitap Fuarı’nda,Fuar,event,1,verified,
TV00184,1. Dönem (1991–1995),1. DÖNEM,214,24 Kasım,1994-11-24,,1994,"“Osmanlı Devleti, Birey ve Toplum” Konferansı - Erdal Yavuz - Ankara",Konferans/Söyleşi,event,1,verified,
TV00185,1. Dönem (1991–1995),1. DÖNEM,214,24 Kasım,1994-11-24,,1994,"Yurt  Yahya S. Tezel, Cumhuriyet Döneminin İktisadi Tarihi 1923-1950",Yayın (Yurt Yayınları),publication,1,verified,
TV00186,1. Dönem (1991–1995),1. DÖNEM,215,24 Kasım,1994-11-24,,1994,Toplumsal Tarih Dergisi 11. Sayı,Dergi (Toplumsal Tarih),publication,1,verified,
TV00187,1. Dönem (1991–1995),1. DÖNEM,218,8 Aralık,1994-12-08,,1994,"“Türkiye’de Basın ve Demokrasi” Paneli (Türkiye Gazeteciler Cemiyeti ve Türkiye Gazeteciler Sendikası ile), Tarık Zafer Tunaya KM, Beyoğlu.",Konferans/Söyleşi,event,1,verified,
TV00188,1. Dönem (1991–1995),1. DÖNEM,219,10 Aralık,1994-12-10,,1994,"“Semavi Eyice’ye Saygı ” Toplantısı, Seperçiler Kasrı, Sirkeci.",Sempozyum,event,1,verified,
TV00189,1. Dönem (1991–1995),1. DÖNEM,220,13 Aralık,1994-12-13,,1994,“Gençlik ve Tarih Anketi” Çalışmasının Başlaması,Anket/Araştırma,event,1,verified,
TV00190,1. Dönem (1991–1995),1. DÖNEM,221,16-17 Aralık,1994-12-16,1994-12-17,1994,"“Türkiye’de Sivil Toplum Kuruluşları” Sempozyumu (Bazı Sivil Toplum Kuruluşları ile), İTÜ Sosyal Tesisleri, Maçka.",Sempozyum,event,1,verified,
TV00191,1. Dönem (1991–1995),1. DÖNEM,221,16-17 Aralık,1994-12-16,1994-12-17,1994,Toplumsal Tarih Dergisi 12. Sayı,Dergi (Toplumsal Tarih),publication,1,verified,
TV00192,1. Dönem (1991–1995),1. DÖNEM,224,12 Ocak,1995-01-12,,1995,“Kentler-Yerel Yönetimler-Tarih Bilinci” Paneli,Konferans/Söyleşi,event,1,verified,
TV00193,1. Dönem (1991–1995),1. DÖNEM,224,12 Ocak,1995-01-12,,1995,"Yurt  Haldun Derin,  Çankaya Özel Kalemini Anımsarken (1933-1951)",Yayın (Yurt Yayınları),publication,1,verified,
TV00194,1. Dönem (1991–1995),1. DÖNEM,225,12 Ocak,1995-01-12,,1995,İstanbul Dergisi 12. Sayı,D_İstanbul Dergisi,publication,1,verified,
TV00195,1. Dönem (1991–1995),1. DÖNEM,226,12 Ocak,1995-01-12,,1995,Toplumsal Tarih Dergisi 13. Sayı,Dergi (Toplumsal Tarih),publication,1,verified,
TV00196,1. Dönem (1991–1995),1. DÖNEM,229,11 Şubat,1995-02-11,,1995,İstanbul Dergisi Değerlendirme Toplantısı,İç Toplantı,organizational,1,verified,
TV00197,1. Dönem (1991–1995),1. DÖNEM,230,13 Şubat,1995-02-13,,1995,"Konferans: “Günümüzde Türki Cumhuriyetler, Çeçenistan, Bağımsız Devletler Topluluğu Etkisi” Francisca B. Sarabia Martinez",Konferans/Söyleşi,event,1,verified,
TV00198,1. Dönem (1991–1995),1. DÖNEM,231,13 Şubat,1995-02-13,,1995,TİP Arşivinin Açılması,Arşiv Bağışı,organizational,1,verified,
TV00199,1. Dönem (1991–1995),1. DÖNEM,232,22 Şubat,1995-02-22,,1995,“İsmail Beşe” Konferansı - Aykut Kansu - Ankara,Konferans/Söyleşi,event,1,verified,
TV00200,1. Dönem (1991–1995),1. DÖNEM,233,23 Şubat,1995-02-23,,1995,“Hilal-i Ahmer’den Kızılay’a” Konferansı - Prof. Dr. Seçil Akgün - Ankara,Konferans/Söyleşi,event,1,verified,
TV00201,1. Dönem (1991–1995),1. DÖNEM,234,23 Şubat,1995-02-23,,1995,“Darülaceze Tarihi” Yazımı Projesinin Nuran Yıldırım Yönetiminde Başlaması,Proje,project,1,verified,
TV00202,1. Dönem (1991–1995),1. DÖNEM,234,23 Şubat,1995-02-23,,1995,Toplumsal Tarih Dergisi 14. Sayı,Dergi (Toplumsal Tarih),publication,1,verified,
TV00203,1. Dönem (1991–1995),1. DÖNEM,237,15 Mart,1995-03-15,,1995,BBMdeki “Görüntü İşlem Sistemi”nin Basına Tanıtımı,Basın Açıklaması,event,1,verified,
TV00204,1. Dönem (1991–1995),1. DÖNEM,238,16 Mart,1995-03-16,,1995,“Anadolu’da Selçuklu Dönemi Kervan Yolları ve Kervansarayları” Konferansı - Rahmi Hüseyin Ünal - İzmir,Konferans/Söyleşi,event,1,verified,
TV00205,1. Dönem (1991–1995),1. DÖNEM,239,30 Mart,1995-03-30,,1995,“Çarlık Rusyası Hakimiyeti Altında Kırım Tatarları” Konferansı - Hakan Kırımlı - Ankara,Konferans/Söyleşi,event,1,verified,
TV00206,1. Dönem (1991–1995),1. DÖNEM,240,30 Mart,1995-03-30,,1995,Darphane’nin İstanbul Müzesine Dönüştürülmek Üzere 49 Yıllık Bir Süre İçin Tarih Vakfı’na Devri,,organizational,,uncertain_category,
TV00207,1. Dönem (1991–1995),1. DÖNEM,240,30 Mart,1995-03-30,,1995,"Yurt  Korkut Boratav,  İstanbul’dan ve Anadolu’dan Sınıf Profilleri",Yayın (Yurt Yayınları),publication,1,verified,
TV00208,1. Dönem (1991–1995),1. DÖNEM,241,30 Mart,1995-03-30,,1995,Toplumsal Tarih Dergisi 15. Sayı,Dergi (Toplumsal Tarih),publication,1,verified,
TV00209,1. Dönem (1991–1995),1. DÖNEM,244,1 Nisan,1995-04-01,,1995,“2000’li Yıllar ve Tarih Vakfı” Toplantısı - The Marmara Oteli,İç Toplantı,organizational,1,verified,
TV00210,1. Dönem (1991–1995),1. DÖNEM,245,20 Nisan,1995-04-20,,1995,"Selim Deringil, ""II. Abdülhamit Dönemi Osmanlı Devletinin Dış İmajı"" Club 1824, Ankara.",Konferans/Söyleşi,event,1,verified,
TV00211,1. Dönem (1991–1995),1. DÖNEM,246,20 Nisan,1995-04-20,,1995,“Alman Gezginleri ve Osmanlı Ülkesi” Konferansı - İlhan Pınar - İzmir,Konferans/Söyleşi,event,1,verified,
TV00212,1. Dönem (1991–1995),1. DÖNEM,247,20-22 Nisan,1995-04-20,1995-04-22,1995,“Kültür ve Tabiat Varlıklarını Koruma Uygulamaları ve Sorunları” Sempozyumu- Ankara (Kültür Bakanlığı ile),Konferans/Söyleşi,event,1,verified,
TV00213,1. Dönem (1991–1995),1. DÖNEM,247,20-22 Nisan,1995-04-20,1995-04-22,1995,"Yurt  Clarence Richard Johnson, İstanbul 1920",Yayın (Yurt Yayınları),publication,1,verified,
TV00214,1. Dönem (1991–1995),1. DÖNEM,248,20-22 Nisan,1995-04-20,1995-04-22,1995,İstanbul Dergisi 13. Sayı “Dosya: Tarihsel Kimliğe Saygı”,D_ İstanbul Dergisi,publication,1,verified,
TV00215,1. Dönem (1991–1995),1. DÖNEM,249,20-22 Nisan,1995-04-20,1995-04-22,1995,Toplumsal Tarih Dergisi 16. Sayı,Dergi (Toplumsal Tarih),publication,1,verified,
TV00216,1. Dönem (1991–1995),1. DÖNEM,252,18 Mayıs,1995-05-18,,1995,“Osmanlı İktisat Tarihi Üzerinde Düşünceler” Konferansı - Mehmet Genç- İzmir,Konferans/Söyleşi,event,1,verified,
TV00217,1. Dönem (1991–1995),1. DÖNEM,252,18 Mayıs,1995-05-18,,1995,İstanbul Ansiklopedisi’nin Son Cildinin,D_İstanbul Dergisi,publication,1,verified,
TV00218,1. Dönem (1991–1995),1. DÖNEM,253,22 Mayıs,1995-05-22,,1995,New Perspectıves On Turkey  Spring 1995,Dergi (NPT),publication,1,verified,
TV00219,1. Dönem (1991–1995),1. DÖNEM,254,22 Mayıs,1995-05-22,,1995,Toplumsal Tarih Dergisi 17. Sayı,Dergi (Toplumsal Tarih),publication,1,verified,
TV00220,1. Dönem (1991–1995),1. DÖNEM,257,8-10 Haziran,1995-06-08,1995-06-10,1995,II. Uluslararası Ekonomik ve Toplumsal Tarih Kongresi: “Tarih Eğitim ve Tarihte Öteki Sorunu” - BÜ Kampüsü,Kongre,event,1,verified,
TV00221,1. Dönem (1991–1995),1. DÖNEM,258,23-24 Haziran,1995-06-23,1995-06-24,1995,II. STK Sempozyumu “Küçülen Dünyamızda Büyüyen Sivil Toplum” (Bazı Sivil Toplum Kuruluşları ile),Sempozyum,event,1,verified,
TV00222,1. Dönem (1991–1995),1. DÖNEM,259,28-30 Haziran,1995-06-28,1995-06-30,1995,"Kent Müzeleri ve Toplumsal Tarih Müzeleri Uluslararası Atölyesi (Rockefeller Vakfı Desteği), İTÜ Maçka ST.",Atölye,event,1,verified,
TV00223,1. Dönem (1991–1995),1. DÖNEM,259,28-30 Haziran,1995-06-28,1995-06-30,1995,"Yurt  Abdülaziz Bey, Osmanlı Adet, Merasim ve Tabirleri – Tarih Öğretimi ve Ders Kitapları",Yayın (Yurt Yayınları),publication,1,verified,
TV00224,1. Dönem (1991–1995),1. DÖNEM,260,28-30 Haziran,1995-06-28,1995-06-30,1995,Toplumsal Tarih Dergisi 18. Sayı “Özel Dosya: İstanbu’un Fethi”,Dergi (Toplumsal Tarih),publication,1,verified,
TV00225,1. Dönem (1991–1995),1. DÖNEM,263,4-20 Temmuz,1995-07-04,1995-07-20,1995,“Elveda Doğduğum Toprak - Fotoğraflarla Anadolu’nun 150 Yıllık Göç Tarihi” Sergisi - AKM (Rockefeller Vakfı Desteği ile),Sergi,event,1,verified,
TV00226,1. Dönem (1991–1995),1. DÖNEM,263,4-20 Temmuz,1995-07-04,1995-07-20,1995,İstanbul Dergisi 14. Sayı “Dosya: Yoksa 3. Köprü mü?”,D_İstanbul Dergisi,publication,1,verified,
TV00227,1. Dönem (1991–1995),1. DÖNEM,264,4-20 Temmuz,1995-07-04,1995-07-20,1995,Toplumsal Tarih Dergisi 19. Sayı “Özel Dosya: Abdürreşit İbrahim I”,Dergi (Toplumsal Tarih),publication,1,verified,
TV00228,1. Dönem (1991–1995),1. DÖNEM,266,Ağustos 1995,,,1995,"""STK Bilgi Belge Merkezi Projesi""nin UNDP Desteği ile Başlaması",Proje,project,1,needs_review,
TV00229,1. Dönem (1991–1995),1. DÖNEM,266,Ağustos 1995,,,1995,"Yurt  Andre Raymond,  Osmanlı Döneminde Arap Kentleri",Yayın (Yurt Yayınları),publication,1,needs_review,
TV00230,1. Dönem (1991–1995),1. DÖNEM,267,Ağustos 1995,,,1995,Toplumsal Tarih Dergisi 20. Sayı “Özel Dosya: Abdürreşit İbrahim II”,Dergi (Toplumsal Tarih),publication,1,needs_review,
TV00231,1. Dönem (1991–1995),1. DÖNEM,270,16 Eylül,1995-09-16,,1995,İstanbul Müzesi Yapım Çalışmaları Danışma Kurulu İlk Toplantısı,İç Toplantı,organizational,1,verified,
TV00232,1. Dönem (1991–1995),1. DÖNEM,271,27 Eylül,1995-09-27,,1995,“Türkiye’de Kimlik ve Normların Değişimi” Sempozyumu (Körber Vakfı Desteği ile),Sempozyum,event,1,verified,
TV00233,1. Dönem (1991–1995),1. DÖNEM,271,27 Eylül,1995-09-27,,1995,"Yurt  Suraiya Faroqhi, Hacılar ve Sultanlar - Kemal Arı, Büyük Mücadele, Türkiye’ye Zorunlu Göç 1923-1925 - Zafer Toprak, Milli İktisat-Milli Burjuvazi",Yayın (Yurt Yayınları),publication,3,verified,
TV00234,1. Dönem (1991–1995),1. DÖNEM,272,27 Eylül,1995-09-27,,1995,Toplumsal Tarih Dergisi 21. Sayı,Dergi (Toplumsal Tarih),publication,1,verified,
TV00235,1. Dönem (1991–1995),1. DÖNEM,275,Ekim 1995,,,1995,“Tarihe Köprü - Eski Yazıdan Yeni Yazıya” Projesinin Başlaması (Kültür Bakanlığı ile),Proje,project,1,needs_review,
TV00236,1. Dönem (1991–1995),1. DÖNEM,276,Ekim 1995,,,1995,“Darülaceze Tarihi” Yazımının Tamamlanması,Proje,project,1,needs_review,
TV00237,1. Dönem (1991–1995),1. DÖNEM,276,Ekim 1995,,,1995,"Yurt  Daniel Goffman, İzmir ve Levanten Dünya – Zafer Toprak, İttihat-Terakki ve Devletçilik",Yayın (Yurt Yayınları),publication,2,needs_review,
TV00238,1. Dönem (1991–1995),1. DÖNEM,277,Ekim 1995,,,1995,İstanbul Dergisi 15. Sayı “Dosya: Beşiktaş Dün Bugün”,D_İstanbul Dergisi,publication,1,needs_review,
TV00239,1. Dönem (1991–1995),1. DÖNEM,278,Ekim 1995,,,1995,Toplumsal Tarih Dergisi 22. Sayı “Özel Dosya: Salgın Hastalıklar”,Dergi (Toplumsal Tarih),publication,1,needs_review,
TV00240,1. Dönem (1991–1995),1. DÖNEM,281,3-12 Kasım,1995-11-03,1995-11-12,1995,Tarih Vakfı TÜYAP Kitap Fuarı’nda,Fuar,event,1,verified,
TV00241,1. Dönem (1991–1995),1. DÖNEM,282,13-14 Kasım,1995-11-13,1995-11-14,1995,"""Arşivcilik Sorunları"" Sempozyumu – İTÜ Sosyal Tesisleri",Sempozyum,event,1,verified,
TV00242,1. Dönem (1991–1995),1. DÖNEM,283,18 Kasım,1995-11-18,,1995,Vakfın II. Olağan Genel Kurul Toplantısı,,organizational,,uncertain_category,
TV00243,1. Dönem (1991–1995),1. DÖNEM,283,18 Kasım,1995-11-18,,1995,"New Perspectıves On Turkey, Fall 1995",Dergi (NPT),publication,1,verified,
TV00244,1. Dönem (1991–1995),1. DÖNEM,284,18 Kasım,1995-11-18,,1995,Toplumsal Tarih Dergisi 23. Sayı,Dergi (Toplumsal Tarih),publication,1,verified,
TV00245,1. Dönem (1991–1995),1. DÖNEM,287,4 Aralık,1995-12-04,,1995,Sertel Demokrasi Ödülü Töreni,Yarışma,event,1,verified,
TV00246,1. Dönem (1991–1995),1. DÖNEM,288,7-8 Aralık,1995-12-07,1995-12-08,1995,III. STK Sempozyumu: “Sivil Toplum Kuruluşları Arasındaki İletişim Sorunları ve Çözümleri” (Bazı Sivil Toplum Kuruluşları ile),Sempozyum,event,1,verified,
TV00247,1. Dönem (1991–1995),1. DÖNEM,289,9-30 Aralık,1995-12-09,1995-12-30,1995,"""Türkiye’de Fotoğraflarla İnsan Hakları (1839 - 1990)"" Sergisi - (Avrupa Birliği Mali Desteği ve İnsan Hakları Vakfı ile)- AKM",Sergi,event,1,verified,
TV00248,1. Dönem (1991–1995),1. DÖNEM,290,14 Aralık,1995-12-14,,1995,“16-18. Yüzyıllarda Osmanlı İmparatorluğu’nun Arap Eyaletlerindeki Osmanlı Etkisi” Konferansı - Andrea Raymond,Konferans/Söyleşi,event,1,verified,
TV00249,1. Dönem (1991–1995),1. DÖNEM,291,15-16 Aralık,1995-12-15,1995-12-16,1995,"""Günlük Hayatın Müzelere Yansıtılması"" Sempozyumu (Friedrich Ebert Vakfı (FES) Desteği ile)",Sempozyum,event,1,verified,
TV00250,1. Dönem (1991–1995),1. DÖNEM,292,23 Aralık,1995-12-23,,1995,Afet İnan Tarih Araştırmaları Ödül Töreni,Yarışma,event,1,verified,
TV00251,1. Dönem (1991–1995),1. DÖNEM,294,23 Aralık,1995-12-23,,1995,Fotoğraflarla Türkiye İnsan Hakları Sergi Kataloğu,Katalog/Broşür,publication,1,verified,
TV00252,1. Dönem (1991–1995),1. DÖNEM,294,23 Aralık,1995-12-23,,1995,Toplumsal Tarih Dergisi 24. Sayı,Dergi (Toplumsal Tarih),publication,1,verified,
TV00253,2. Dönem (1996–2000),2. DÖNEM,3,19-20 Ocak,1996-01-19,1996-01-20,1996,"""Müze ve Eğitim"" Konulu Çalışma Toplantısı -Atölye",Atölye,event,1,verified,
TV00254,2. Dönem (1996–2000),2. DÖNEM,4,19-20 Ocak,1996-01-19,1996-01-20,1996,“SEKA Tarihi” Çalışmalarının Uygur Kocabaşoğlu Yönetiminde Başlaması,Proje,project,1,verified,
TV00255,2. Dönem (1996–2000),2. DÖNEM,5,19-20 Ocak,1996-01-19,1996-01-20,1996,İstanbul Dergisi 16. Sayı “Dosya: Karda Kışta İstanbul”,D_İstanbul Dergisi,publication,1,verified,
TV00256,2. Dönem (1996–2000),2. DÖNEM,6,19-20 Ocak,1996-01-19,1996-01-20,1996,Toplumsal Tarih Dergisi 25. Sayı,Dergi (Toplumsal Tarih),publication,1,verified,
TV00257,2. Dönem (1996–2000),2. DÖNEM,9,Şubat 1996,,,1996,Faik Reşit Unat Adına İlhan Unat’ın Büyük Çaplı Arşiv Bağışı,,organizational,,uncertain_category,
TV00258,2. Dönem (1996–2000),2. DÖNEM,9,Şubat 1996,,,1996,Arşiv,,chronology,,uncertain_category,
TV00259,2. Dönem (1996–2000),2. DÖNEM,9,Şubat 1996,,,1996,"Yurt  Zeynep Çelik, 19. Yüzyılda Osmanlı Başkenti: Değişen İstanbul",Yayın (Vakıf),publication,1,needs_review,
TV00260,2. Dönem (1996–2000),2. DÖNEM,10,Şubat 1996,,,1996,Toplumsal Tarih Dergisi 26. Sayı “Özel Dosya: Galatasaray Lisesi”,Dergi (Toplumsal Tarih),publication,1,needs_review,
TV00261,2. Dönem (1996–2000),2. DÖNEM,13,16 Mart,1996-03-16,,1996,Sözlü Tarih Atölyesi,Atölye,event,1,verified,
TV00262,2. Dönem (1996–2000),2. DÖNEM,14,16 Mart,1996-03-16,,1996,“SSK Tarihi” Çalışmasının Gürhan Fişek Yönetiminde Başlaması,Proje,project,1,verified,
TV00263,2. Dönem (1996–2000),2. DÖNEM,15,16 Mart,1996-03-16,,1996,Sabire - Hulusi Dosdoğru’nun ve Arslan Kaynardağ’nın Büyük Çaplı Kitap Bağışları,,organizational,,uncertain_category,
TV00264,2. Dönem (1996–2000),2. DÖNEM,15,16 Mart,1996-03-16,,1996,"Yurt  Paul Dumont, Françoıs Georgeon, Modernleşme Sürecinde Osmanlı Kentleri",Yayın (Vakıf),publication,1,verified,
TV00265,2. Dönem (1996–2000),2. DÖNEM,16,16 Mart,1996-03-16,,1996,Toplumsal Tarih Dergisi 27. Sayı,Dergi (Toplumsal Tarih),publication,1,verified,
TV00266,2. Dönem (1996–2000),2. DÖNEM,17,16 Mart,1996-03-16,,1996,İstanbul Dergisi 17. Sayı - “Dosya: Habitat”,D_İstanbul Dergisi,publication,1,verified,
TV00267,2. Dönem (1996–2000),2. DÖNEM,18,Nisan 1996,,,1996,Toplumsal Tarih Dergisi 28. Sayı,Dergi (Toplumsal Tarih),publication,1,needs_review,
TV00268,2. Dönem (1996–2000),2. DÖNEM,21,31 Mayıs,1996-05-31,,1996,"Darphane’de Habitat II Zirvesi Vesilesiyle “Dünya Kenti İstanbul”, “Anadolu’da Konut ve Yerleşme”, “Darphane’den İstanbul Müzesine” Sergilerinin Açılması",Sergi,event,3,verified,
TV00269,2. Dönem (1996–2000),2. DÖNEM,22,31 Mayıs,1996-05-31,,1996,“İstanbul STK Tarihi”  Projesinin Tamamlanması,Proje,project,1,verified,
TV00270,2. Dönem (1996–2000),2. DÖNEM,23,31 Mayıs,1996-05-31,,1996,Yönetmenliğini Güneş Karabuda’nın Yaptığı “Darphane’den İstanbul Müzesine” Belgeseli,Belgesel,publication,1,verified,
TV00271,2. Dönem (1996–2000),2. DÖNEM,23,31 Mayıs,1996-05-31,,1996,Darülaceze Müessesesi Tarihi  Kitabının,Yayın (Vakıf),publication,1,verified,
TV00272,2. Dönem (1996–2000),2. DÖNEM,24,31 Mayıs,1996-05-31,,1996,Tarih Vakfı  Sivil Toplum Kuruluşları Rehberi - Non Governmental Organizations Guide - Dünya Kenti İstanbul - Tarihten Günümüze Anadolu’da Konut ve Yerleşme - A Hıstorical Guide To İstanbul - Guide Historique Pour İstanbul - Kentler Kenti İstanbul - Konut ve Yerleşme İçin Öyküler - İstanbul Oyunları - Konut ve Yerleşme İçin Oyunlar - Renk Renk İstanbul - Renk Renk Anadolu,Yayın (Vakıf),publication,12,verified,
TV00273,2. Dönem (1996–2000),2. DÖNEM,25,31 Mayıs,1996-05-31,,1996,"New Perspectives On Turkey, Spring 1996",Dergi (NPT),publication,1,verified,
TV00274,2. Dönem (1996–2000),2. DÖNEM,26,31 Mayıs,1996-05-31,,1996,Toplumsal Tarih Dergisi 29. Sayı,Dergi (Toplumsal Tarih),publication,1,verified,
TV00275,2. Dönem (1996–2000),2. DÖNEM,29,3-4 Haziran,1996-06-03,1996-06-04,1996,Eyüp Tarihi Projesi Atölye Çalışması,Atölye,event,1,verified,
TV00276,2. Dönem (1996–2000),2. DÖNEM,30,5 Haziran,1996-06-05,,1996,“İstanbul  - Müziğin Renkleri” adlı CD (Boyut  Grubu ile),CD/Dijital Yayın,publication,1,verified,
TV00277,2. Dönem (1996–2000),2. DÖNEM,31,10 Haziran,1996-06-10,,1996,İstanbul Sivil Toplum Kuruluşları Konferansı - Ahmet Yücekök,Konferans/Söyleşi,event,1,verified,
TV00278,2. Dönem (1996–2000),2. DÖNEM,31,10 Haziran,1996-06-10,,1996,"Yurt  Leslie Pierce, Harem-i Hümayun. Osmanlı İmparatorluğu’nda Hükümranlık ve Kadınlar - İşgal İstanbul’undan Fotoğraflar",Yayın (Vakıf),publication,1,verified,
TV00279,2. Dönem (1996–2000),2. DÖNEM,32,10 Haziran,1996-06-10,,1996,Toplumsal Tarih Dergisi 30. Sayı,Dergi (Toplumsal Tarih),publication,1,verified,
TV00280,2. Dönem (1996–2000),2. DÖNEM,35,15-22 Temmuz,1996-07-15,1996-07-22,1996,Dünya Kenti İstanbul Sergisinin “İstanbul Giysileri” Bölümünün Atlanta’da Sergilenmesi,Sergi,event,1,verified,
TV00281,2. Dönem (1996–2000),2. DÖNEM,35,15-22 Temmuz,1996-07-15,1996-07-22,1996,Toplumsal Tarih Dergisi 31. Sayı,Dergi (Toplumsal Tarih),publication,1,verified,
TV00282,2. Dönem (1996–2000),2. DÖNEM,36,15-22 Temmuz,1996-07-15,1996-07-22,1996,Muazzez Pervan Yönetiminde Tema Vakfı’na Arşiv Sistemi Kurulması,Arşiv Bağışı,organizational,1,verified,
TV00283,2. Dönem (1996–2000),2. DÖNEM,36,15-22 Temmuz,1996-07-15,1996-07-22,1996,"Yurt  Gazi Ahmet Muhtar Paşa, Anılar Sergüzeşt-i Hayatım  1. Cilt - Sarkis Sarraf Hovhannesyan, Payitaht İstanbul’un Tarihçesi -",Yayın (Vakıf),publication,2,verified,
TV00284,2. Dönem (1996–2000),2. DÖNEM,37,15-22 Temmuz,1996-07-15,1996-07-22,1996,İstanbul Dergisi 18. Sayı - “Dosya: Ve Sinema”,D_İstanbul Dergisi,publication,1,verified,
TV00285,2. Dönem (1996–2000),2. DÖNEM,38,15-22 Temmuz,1996-07-15,1996-07-22,1996,"Yurt  Sabri Yetkin, Ege’de Eşkiyalar",Yayın (Vakıf),publication,1,verified,
TV00286,2. Dönem (1996–2000),2. DÖNEM,39,Ağustos 1996,,,1996,Toplumsal Tarih Dergisi 32. Sayı “Özel Dosya: Darülaceze’nin Kuruluş ve İşleyişi”,Dergi (Toplumsal Tarih),publication,1,needs_review,
TV00287,2. Dönem (1996–2000),2. DÖNEM,42,22 Eylül,1996-09-22,,1996,Bilgi Belge Merkezi Değerlendirme Toplantısı,İç Toplantı,organizational,1,verified,
TV00288,2. Dönem (1996–2000),2. DÖNEM,43,28 Eylül,1996-09-28,,1996,Vakfın İlk Web Sitesinin İnternette  Başlaması,Web/Dijital,event,1,verified,
TV00289,2. Dönem (1996–2000),2. DÖNEM,44,29 Eylül,1996-09-29,,1996,"Darphane Sergilerinin Kapanışı (1 Haziran 28 Eylül Tarihleri Arasında 98 Gün Açık Kalan Sergilerde Toplam 99 Etkinlik Gerçekleşti; 8 Tiyatro, 38 Konser, 5 Konferans, 10 Söyleşi, 1 Seminer, 9 Dans, 1 Bale, 10 Saydam Gösterisi, 2 Karagöz, 1 Sema Gösterisi, 1 Tulumbacılar Gösterisi, 1 Proje, 1 Şiir Dinletisi, 1 Yarışma, 6 Mini Sergi, 3 Video Gösterisi, 1 Multivizyon Gösterisi)",Sergi,event,6,verified,
TV00290,2. Dönem (1996–2000),2. DÖNEM,45,29 Eylül,1996-09-29,,1996,"Darphane Sergilerinin Kapanışı (1 Haziran 28 Eylül Tarihleri Arasında 98 Gün Açık Kalan Sergilerde Toplam 99 Etkinlik Gerçekleşti; 8 Tiyatro, 38 Konser, 5 Konferans, 10 Söyleşi, 1 Seminer, 9 Dans, 1 Bale, 10 Saydam Gösterisi, 2 Karagöz, 1 Sema Gösterisi, 1 Tulumbacılar Gösterisi, 1 Proje, 1 Şiir Dinletisi, 1 Yarışma, 6 Mini Sergi, 3 Video Gösterisi, 1 Multivizyon Gösterisi)",Tiyatro/Performans,event,8,verified,
TV00291,2. Dönem (1996–2000),2. DÖNEM,46,29 Eylül,1996-09-29,,1996,"Darphane Sergilerinin Kapanışı (1 Haziran 28 Eylül Tarihleri Arasında 98 Gün Açık Kalan Sergilerde Toplam 99 Etkinlik Gerçekleşti; 8 Tiyatro, 38 Konser, 5 Konferans, 10 Söyleşi, 1 Seminer, 9 Dans, 1 Bale, 10 Saydam Gösterisi, 2 Karagöz, 1 Sema Gösterisi, 1 Tulumbacılar Gösterisi, 1 Proje, 1 Şiir Dinletisi, 1 Yarışma, 6 Mini Sergi, 3 Video Gösterisi, 1 Multivizyon Gösterisi)",Konser,event,38,verified,
TV00292,2. Dönem (1996–2000),2. DÖNEM,47,29 Eylül,1996-09-29,,1996,"Darphane Sergilerinin Kapanışı (1 Haziran 28 Eylül Tarihleri Arasında 98 Gün Açık Kalan Sergilerde Toplam 99 Etkinlik Gerçekleşti; 8 Tiyatro, 38 Konser, 5 Konferans, 10 Söyleşi, 1 Seminer, 9 Dans, 1 Bale, 10 Saydam Gösterisi, 2 Karagöz, 1 Sema Gösterisi, 1 Tulumbacılar Gösterisi, 1 Proje, 1 Şiir Dinletisi, 1 Yarışma, 6 Mini Sergi, 3 Video Gösterisi, 1 Multivizyon Gösterisi)",Konferans/Söyleşi,event,15,verified,
TV00293,2. Dönem (1996–2000),2. DÖNEM,48,29 Eylül,1996-09-29,,1996,"Darphane Sergilerinin Kapanışı (1 Haziran 28 Eylül Tarihleri Arasında 98 Gün Açık Kalan Sergilerde Toplam 99 Etkinlik Gerçekleşti; 8 Tiyatro, 38 Konser, 5 Konferans, 10 Söyleşi, 1 Seminer, 9 Dans, 1 Bale, 10 Saydam Gösterisi, 2 Karagöz, 1 Sema Gösterisi, 1 Tulumbacılar Gösterisi, 1 Proje, 1 Şiir Dinletisi, 1 Yarışma, 6 Mini Sergi, 3 Video Gösterisi, 1 Multivizyon Gösterisi)",Dans,event,10,verified,
TV00294,2. Dönem (1996–2000),2. DÖNEM,49,29 Eylül,1996-09-29,,1996,"Darphane Sergilerinin Kapanışı (1 Haziran 28 Eylül Tarihleri Arasında 98 Gün Açık Kalan Sergilerde Toplam 99 Etkinlik Gerçekleşti; 8 Tiyatro, 38 Konser, 5 Konferans, 10 Söyleşi, 1 Seminer, 9 Dans, 1 Bale, 10 Saydam Gösterisi, 2 Karagöz, 1 Sema Gösterisi, 1 Tulumbacılar Gösterisi, 1 Proje, 1 Şiir Dinletisi, 1 Yarışma, 6 Mini Sergi, 3 Video Gösterisi, 1 Multivizyon Gösterisi)",Gösteri,event,18,verified,
TV00295,2. Dönem (1996–2000),2. DÖNEM,50,29 Eylül,1996-09-29,,1996,Tarih Vakfının 5. Yıl Kutlaması - Darphane,İç Toplantı,organizational,1,verified,
TV00296,2. Dönem (1996–2000),2. DÖNEM,51,29 Eylül,1996-09-29,,1996,“Elveda Doğduğum Toprak” Sergisi’nin Bursa’da Açılması,Sergi,event,1,verified,
TV00297,2. Dönem (1996–2000),2. DÖNEM,51,29 Eylül,1996-09-29,,1996,"Yurt  Cornell H. Fleisher,  Tarihçi Mustafa Ali. Bir Osmanlı Aydın ve Bürokratı 1541-1600 - Ralp S. Hattox, Kahve ve Kahvehaneler – Bela Horvath, Anadolu 1913",Yayın (Vakıf),publication,1,verified,
TV00298,2. Dönem (1996–2000),2. DÖNEM,52,29 Eylül,1996-09-29,,1996,Toplumsal Tarih Dergisi 33. Sayı “Özel Dosya: Masonluk ve Siyaset”,Dergi (Toplumsal Tarih),publication,1,verified,
TV00299,2. Dönem (1996–2000),2. DÖNEM,55,Ekim 1996,,,1996,Afet İnan Ödül Töreni (Ankara),Yarışma,event,1,needs_review,
TV00300,2. Dönem (1996–2000),2. DÖNEM,56,Ekim 1996,,,1996,“SEKA Tarihi” Projesinin Tamamlanması,Proje,project,1,needs_review,
TV00301,2. Dönem (1996–2000),2. DÖNEM,56,Ekim 1996,,,1996,"Yurt  Amy Singer, Kadılar, Kullar, Kudüslü Köylüler - Carter Findley, Kalemiyeden Mülkiyeye Osmanlı Memurlarının Toplumsal Tarihi - François Geoegeon, Türk Milliyetçiliğinin Kökenleri Yusuf Akçura - Gazi Ahmet Muhtar Paşa, Anılar Sergüzeşt-i Hayatım  2. Cilt",Yayın (Vakıf),publication,1,needs_review,
TV00302,2. Dönem (1996–2000),2. DÖNEM,57,Ekim 1996,,,1996,İstanbul Dergisi 19. Sayı “Dosya: Vapurlar”,D_İstanbul Dergisi,publication,1,needs_review,
TV00303,2. Dönem (1996–2000),2. DÖNEM,58,Ekim 1996,,,1996,Toplumsal Tarih Dergisi 34. Sayı,Dergi (Toplumsal Tarih),publication,1,needs_review,
TV00304,2. Dönem (1996–2000),2. DÖNEM,61,1-10 Kasım,1996-11-01,1996-11-10,1996,Tarih Vakfı TÜYAP Kitap Fuarı’nda,Fuar,event,1,verified,
TV00305,2. Dönem (1996–2000),2. DÖNEM,62,3 Kasım,1996-11-03,,1996,Cumhuriyet’in 75. Yılı Projesi Üzerine Genişletilmiş Yönetim Kurulu Toplantısı,İç Toplantı,organizational,1,verified,
TV00306,2. Dönem (1996–2000),2. DÖNEM,63,30 Kasım,1996-11-30,,1996,“Pazarlamaya Giriş ve Organizasyon” Semineri - Yonca Mısırlıoğlu,Seminer,event,1,verified,
TV00307,2. Dönem (1996–2000),2. DÖNEM,63,30 Kasım,1996-11-30,,1996,Türkiye Sendikacılık Ansiklopedisi’nin 1. Cildinin,Ansiklopedi,publication,1,verified,
TV00308,2. Dönem (1996–2000),2. DÖNEM,64,30 Kasım,1996-11-30,,1996,Dünya Kenti İstanbul Sergi Katoloğu’nun YKB Desteği ile,Yayın (Vakıf),publication,1,verified,
TV00309,2. Dönem (1996–2000),2. DÖNEM,65,30 Kasım,1996-11-30,,1996,"Yurt  Bernard Lewıs, Çatışan Kültürler. Keşifler Çağında Hristiyanlar, Müslümanlar, Yahudiler – Mehmed Süreyya, Sicill-i Osmani (6 cilt)",Yayın (Vakıf),publication,2,verified,
TV00310,2. Dönem (1996–2000),2. DÖNEM,66,30 Kasım,1996-11-30,,1996,Toplumsal Tarih Dergisi 35. Sayı,Dergi (Toplumsal Tarih),publication,1,verified,
TV00311,2. Dönem (1996–2000),2. DÖNEM,69,Aralık 1996,,,1996,“Kurum Sosyolojisi” Semineri - Cüneyt Ülsever,Seminer,event,1,needs_review,
TV00312,2. Dönem (1996–2000),2. DÖNEM,70,Aralık 1996,,,1996,“Emlak Bankası Kurum Tarihi” Çalışmalarının Murat Güvenç Yönetiminde Başlaması,Proje (Kurum Tarihi),project,1,needs_review,
TV00313,2. Dönem (1996–2000),2. DÖNEM,71,Aralık 1996,,,1996,Yönetmenliğini Samih Rıfat’ın Yaptığı “Müze Kent’ten Kent Müzesine” ve “Dönüşüm” Belgesellerinin Hazırlanması (Rockefeller Vakfı Desteği ile),Belgesel,publication,2,needs_review,
TV00314,2. Dönem (1996–2000),2. DÖNEM,71,Aralık 1996,,,1996,SEKA Tarihi Kitabının SEKA Tarafından,Yayın (Vakıf),publication,1,needs_review,
TV00315,2. Dönem (1996–2000),2. DÖNEM,72,Aralık 1996,,,1996,"Tarih Vakfı  Doğan Kuban, İstanbul Bir Kent Tarihi  - Doğan Kuban, İstanbul: An Urban History",Yayın (Vakıf),publication,1,needs_review,
TV00316,2. Dönem (1996–2000),2. DÖNEM,73,Aralık 1996,,,1996,Toplumsal Tarih Dergisi 36. Sayı,Dergi (Toplumsal Tarih),publication,1,needs_review,
TV00317,2. Dönem (1996–2000),2. DÖNEM,76,10-11 Ocak,1997-01-10,1997-01-11,1997,"""Ders Kitapları Aracılığıyla Türk-Alman İlişkileri"" Sempozyumu - (İstanbul Alman Kültür Merkezi ve Georg Eckert Enstitüsü ile)",Sempozyum,event,1,verified,
TV00318,2. Dönem (1996–2000),2. DÖNEM,77,11 Ocak,1997-01-11,,1997,“İşyerinde Japon Yönetim Biçimi” Semineri - Hamdi Özçeliker,Seminer,event,1,verified,
TV00319,2. Dönem (1996–2000),2. DÖNEM,78,25 Ocak,1997-01-25,,1997,“Kültür Ürünlerinde Pazarlama Yöntemleri” Semineri - Sibel Köroğlu,Seminer,event,1,verified,
TV00320,2. Dönem (1996–2000),2. DÖNEM,79,30 Ocak,1997-01-30,,1997,"""İstanbul Müzesini Destekleme Girişimi (İMDG)"" Toplantısı - Lütfi Kırdar Kongre Sarayı",Diğer Etkinlik,event,1,verified,
TV00321,2. Dönem (1996–2000),2. DÖNEM,80,30 Ocak,1997-01-30,,1997,SSK Tarihi Yazımının Tamamlanması,Proje,project,1,verified,
TV00322,2. Dönem (1996–2000),2. DÖNEM,81,30 Ocak,1997-01-30,,1997,“Önde Gelen Sivil Toplum Kuruluşları Araştırması’nın Aydın Gönel Yönetiminde Başlaması (FES Desteği ile),Anket/Araştırma,event,1,verified,
TV00323,2. Dönem (1996–2000),2. DÖNEM,82,30 Ocak,1997-01-30,,1997,"“1960 Sonrasında İç Göç, İşçiler ve Sendikalar” Çalışmasının Ahmet İçduygu Yönetiminde Başlaması (FES Desteği ile)",Anket/Araştırma,event,1,verified,
TV00324,2. Dönem (1996–2000),2. DÖNEM,83,30 Ocak,1997-01-30,,1997,“Çanakkale Aynalı Çarşı” Çalışmasının Cem Çobanlı ve Ahmet Hazerfen Yönetiminde Başlaması (Çanakkale Belediyesi ile),Proje,project,1,verified,
TV00325,2. Dönem (1996–2000),2. DÖNEM,83,30 Ocak,1997-01-30,,1997,"Yurt  John Tosh, Tarihin Peşinde - Virginia Aksan, Savaşta ve Barışta Bir Osmanlı Devlet Adamı. Ahmet Resmi Efendi",Yayın (Vakıf),publication,2,verified,
TV00326,2. Dönem (1996–2000),2. DÖNEM,84,30 Ocak,1997-01-30,,1997,"New Perspectives On Turkey, Fall 1996",Dergi (NPT),publication,1,verified,
TV00327,2. Dönem (1996–2000),2. DÖNEM,85,30 Ocak,1997-01-30,,1997,İstanbul Dergisi 20. Sayı - “Dosya: Kozmopolit?”,D_İstanbul Dergisi,publication,1,verified,
TV00328,2. Dönem (1996–2000),2. DÖNEM,86,30 Ocak,1997-01-30,,1997,Toplumsal Tarih Dergisi 37. Sayı,Dergi (Toplumsal Tarih),publication,1,verified,
TV00329,2. Dönem (1996–2000),2. DÖNEM,89,17-28 Şubat,1997-02-17,1997-02-28,1997,İMDG Çalışma Grupları Toplantıları,Atölye,event,1,verified,
TV00330,2. Dönem (1996–2000),2. DÖNEM,90,23 Şubat,1997-02-23,,1997,“Tarih Vakfı Tanıtım Stratejisi” Semineri - Nesteren Davutoğlu,Seminer,event,1,verified,
TV00331,2. Dönem (1996–2000),2. DÖNEM,90,23 Şubat,1997-02-23,,1997,Toplumsal Tarih Dergisi 38. Sayı,Dergi (Toplumsal Tarih),publication,1,verified,
TV00332,2. Dönem (1996–2000),2. DÖNEM,93,17-29 Mart,1997-03-17,1997-03-29,1997,İMDG Çalışma Grupları Toplantıları,Diğer Etkinlik,event,1,verified,
TV00333,2. Dönem (1996–2000),2. DÖNEM,94,29 Mart,1997-03-29,,1997,"""Cumhuriyet’in 75. Yılı"" Projesi Danışma Toplantısı",İç Toplantı,organizational,1,verified,
TV00334,2. Dönem (1996–2000),2. DÖNEM,95,29 Mart,1997-03-29,,1997,"İMDG İçin Toplanan 11.599 İmzanın Cumhurbaşkanlığı, Başbakanlık, Maliye Bakanlığı ve Kültür Bakanlığına Teslim Edilmesi",İç Toplantı,organizational,1,verified,
TV00335,2. Dönem (1996–2000),2. DÖNEM,96,29 Mart,1997-03-29,,1997,Alman Milletvekillerinden Oluşan Bir Delegasyonun Tarih Vakfı’nı Ziyareti,Diğer Etkinlik,event,1,verified,
TV00336,2. Dönem (1996–2000),2. DÖNEM,97,29 Mart,1997-03-29,,1997,Tarih Vakfı İzmir TÜYAP Kitap Fuarında,Fuar,event,1,verified,
TV00337,2. Dönem (1996–2000),2. DÖNEM,98,29 Mart,1997-03-29,,1997,“Osmanlı Bankası Tarihi” Çalışmalarının Edhem Eldem Yönetiminde Başlaması,Proje (Diğer),project,1,verified,
TV00338,2. Dönem (1996–2000),2. DÖNEM,98,29 Mart,1997-03-29,,1997,"Yurt  Salih Özbaran, Tarih, Tarihçi ve Toplum - Zeki Arıkan, Tarihimiz ve Cumhuriyet -",Yayın (Vakıf),publication,2,verified,
TV00339,2. Dönem (1996–2000),2. DÖNEM,99,29 Mart,1997-03-29,,1997,Toplumsal Tarih Dergisi 39. Sayı “Özel Dosya: Kadın”,Dergi (Toplumsal Tarih),publication,1,verified,
TV00340,2. Dönem (1996–2000),2. DÖNEM,102,8 Nisan,1997-04-08,,1997,"""İstanbul Müzesi Mali Danışma ve Denetleme Kurulu"" Toplantısı",Diğer Etkinlik,event,1,verified,
TV00341,2. Dönem (1996–2000),2. DÖNEM,103,14 Nisan,1997-04-14,,1997,"""İstanbul Müzesi İşlev, İlke, Amaç ve Temel Araçlar Belgesi"" Toplantısı",Diğer Etkinlik,event,1,verified,
TV00342,2. Dönem (1996–2000),2. DÖNEM,104,24-25 Nisan,1997-04-24,1997-04-25,1997,Tarih Öğretmenleri Toplantısı - Darphane,Diğer Etkinlik,event,1,verified,
TV00343,2. Dönem (1996–2000),2. DÖNEM,105,24-25 Nisan,1997-04-24,1997-04-25,1997,“Esbank Tarihi” Çalışmalarının Halime Doğru Yönetiminde Başlaması,Proje (Kurum Tarihi),project,1,verified,
TV00344,2. Dönem (1996–2000),2. DÖNEM,106,24-25 Nisan,1997-04-24,1997-04-25,1997,Çanakkale Aynalı Çarşı Projesinin Tamamlanması,Proje,project,1,verified,
TV00345,2. Dönem (1996–2000),2. DÖNEM,106,24-25 Nisan,1997-04-24,1997-04-25,1997,"Yurt  Hans Peter Laqueur, Hüve’l-Baki, İstanbul’da Osmanlı Mezarlıkları ve Mezar Taşları  - Gareth M. Wınrow, Kemal Kirişçi, Kürt Sorunu. Kökeni ve Gelişimi",Yayın (Vakıf),publication,2,verified,
TV00346,2. Dönem (1996–2000),2. DÖNEM,107,24-25 Nisan,1997-04-24,1997-04-25,1997,İstanbul Dergisi 21. Sayı “Dosya: Sahte İstanbul”,D_İstanbul Dergisi,publication,1,verified,
TV00347,2. Dönem (1996–2000),2. DÖNEM,108,24-25 Nisan,1997-04-24,1997-04-25,1997,Toplumsal Tarih Dergisi 40. Sayı,Dergi (Toplumsal Tarih),publication,1,verified,
TV00348,2. Dönem (1996–2000),2. DÖNEM,111,3 Mayıs,1997-05-03,,1997,Darphane Sergilerinin Yeniden Açılış Şenliği,Festival/Şenlik,event,1,verified,
TV00349,2. Dönem (1996–2000),2. DÖNEM,111,3 Mayıs,1997-05-03,,1997,"Yurt  Suraiya Faroqhi, Osmanlı Kültürü ve Gündelik Yaşam (Ortaçağdan Yirminci Yüzyıla)",Yayın (Vakıf),publication,2,verified,
TV00350,2. Dönem (1996–2000),2. DÖNEM,112,3 Mayıs,1997-05-03,,1997,Toplumsal Tarih Dergisi 41. Sayı,Dergi (Toplumsal Tarih),publication,1,verified,
TV00351,2. Dönem (1996–2000),2. DÖNEM,115,6-8 Haziran,1997-06-06,1997-06-08,1997,"""Türkiye’de İç Göç: Sorunsal Alanları ve Araştırma Yöntemleri"" Sempozyumu  - Gerede (FES Desteği ile)",Sempozyum,event,1,verified,
TV00352,2. Dönem (1996–2000),2. DÖNEM,116,28 Haziran,1997-06-28,,1997,“Kar Amacı Gütmeyen Kuruluşlarda 14 Kritik Adım” Semineri - Erdal Yıldırım,Seminer,event,1,verified,
TV00353,2. Dönem (1996–2000),2. DÖNEM,116,28 Haziran,1997-06-28,,1997,Toplumsal Tarih Dergisi 42. Sayı,Dergi (Toplumsal Tarih),publication,1,verified,
TV00354,2. Dönem (1996–2000),2. DÖNEM,119,Temmuz 1997,,,1997,Nazife - Adnan Cemgil’in Büyük Çaplı Kitap ve Arşiv Bağışı,,organizational,,uncertain_category,
TV00355,2. Dönem (1996–2000),2. DÖNEM,120,Temmuz 1997,,,1997,Ertuğrul Kayıhan ve Vecdi Seyhun Arşivlerinin Şahika Ertan Tarafından Bağışlanması,,organizational,,uncertain_category,
TV00356,2. Dönem (1996–2000),2. DÖNEM,120,Temmuz 1997,,,1997,"New Perspectives On Turkey, Spring 1997",Dergi (NPT),publication,1,needs_review,
TV00357,2. Dönem (1996–2000),2. DÖNEM,121,Temmuz 1997,,,1997,İstanbul Dergisi 22. Sayı “Dosya: Çarşı Pazar”,D_İstanbul Dergisi,publication,1,needs_review,
TV00358,2. Dönem (1996–2000),2. DÖNEM,122,Temmuz 1997,,,1997,Toplumsal Tarih Dergisi 43. Sayı,Dergi (Toplumsal Tarih),publication,1,needs_review,
TV00359,2. Dönem (1996–2000),2. DÖNEM,124,Ağustos 1997,,,1997,"Yurt  Elizabeth Zachariadou, Osmanlı Beyliği (1300-1389)",Yayın (Vakıf),publication,1,needs_review,
TV00360,2. Dönem (1996–2000),2. DÖNEM,125,Ağustos 1997,,,1997,Toplumsal Tarih Dergisi 44. Sayı,Dergi (Toplumsal Tarih),publication,1,needs_review,
TV00361,2. Dönem (1996–2000),2. DÖNEM,128,6 Eylül,1997-09-06,,1997,Cumhurbaşkanlığı Köşkü’nde Cumhuriyetin 75 Yılı Danışma ve Eşgüdüm Kurulları 1. Toplantısı,Diğer Etkinlik,event,1,verified,
TV00362,2. Dönem (1996–2000),2. DÖNEM,129,6 Eylül,1997-09-06,,1997,“İş Bankası Sözlü Tarih Projesi”nin Başlaması,Proje (Sözlü Tarih),project,,verified,
TV00363,2. Dönem (1996–2000),2. DÖNEM,130,6 Eylül,1997-09-06,,1997,"Anadolu’da Konut  ve İstanbul Sergilerinin Kapanışı - (1997 Yaz Aylarında 127 Gün Açık Kalan Sergilerde Toplam 129 Etkinlik Gerçekleşti; 38 Konser, 38 Performans, 25 Saydam Gösterisi, 18 Tiyatro, 7 Panel-Söyleşi-Konferans, 6 Dans-Folklor Gösterisi, 2 Atölye Çalışması ve 5 Diğer Etkinlikler)",Konferans/Söyleşi,event,7,verified,
TV00364,2. Dönem (1996–2000),2. DÖNEM,131,6 Eylül,1997-09-06,,1997,"Anadolu’da Konut  ve İstanbul Sergilerinin Kapanışı - (1997 Yaz Aylarında 127 Gün Açık Kalan Sergilerde Toplam 129 Etkinlik Gerçekleşti; 38 Konser, 38 Performans, 25 Saydam Gösterisi, 18 Tiyatro, 7 Panel-Söyleşi-Konferans, 6 Dans-Folklor Gösterisi, 2 Atölye Çalışması ve 5 Diğer Etkinlikler)",Konser,event,38,verified,
TV00365,2. Dönem (1996–2000),2. DÖNEM,132,6 Eylül,1997-09-06,,1997,"Anadolu’da Konut  ve İstanbul Sergilerinin Kapanışı - (1997 Yaz Aylarında 127 Gün Açık Kalan Sergilerde Toplam 129 Etkinlik Gerçekleşti; 38 Konser, 38 Performans, 25 Saydam Gösterisi, 18 Tiyatro, 7 Panel-Söyleşi-Konferans, 6 Dans-Folklor Gösterisi, 2 Atölye Çalışması ve 5 Diğer Etkinlikler)",Tiyatro/Performans,event,38,verified,
TV00366,2. Dönem (1996–2000),2. DÖNEM,133,6 Eylül,1997-09-06,,1997,"Anadolu’da Konut  ve İstanbul Sergilerinin Kapanışı - (1997 Yaz Aylarında 127 Gün Açık Kalan Sergilerde Toplam 129 Etkinlik Gerçekleşti; 38 Konser, 38 Performans, 25 Saydam Gösterisi, 18 Tiyatro, 7 Panel-Söyleşi-Konferans, 6 Dans-Folklor Gösterisi, 2 Atölye Çalışması ve 5 Diğer Etkinlikler)",Dans,event,6,verified,
TV00367,2. Dönem (1996–2000),2. DÖNEM,134,6 Eylül,1997-09-06,,1997,"Anadolu’da Konut  ve İstanbul Sergilerinin Kapanışı - (1997 Yaz Aylarında 127 Gün Açık Kalan Sergilerde Toplam 129 Etkinlik Gerçekleşti; 38 Konser, 38 Performans, 25 Saydam Gösterisi, 18 Tiyatro, 7 Panel-Söyleşi-Konferans, 6 Dans-Folklor Gösterisi, 2 Atölye Çalışması ve 5 Diğer Etkinlikler)",Gösteri,event,30,verified,
TV00368,2. Dönem (1996–2000),2. DÖNEM,135,6 Eylül,1997-09-06,,1997,"Anadolu’da Konut  ve İstanbul Sergilerinin Kapanışı - (1997 Yaz Aylarında 127 Gün Açık Kalan Sergilerde Toplam 129 Etkinlik Gerçekleşti; 38 Konser, 38 Performans, 25 Saydam Gösterisi, 18 Tiyatro, 7 Panel-Söyleşi-Konferans, 6 Dans-Folklor Gösterisi, 2 Atölye Çalışması ve 5 Diğer Etkinlikler)",Diğer Etkinlik,event,10,verified,
TV00369,2. Dönem (1996–2000),2. DÖNEM,136,6 Eylül,1997-09-06,,1997,"Cumhuriyetin 75 Yılı Projesi Reklam, Halkla İlişkiler Toplantısı",Diğer Etkinlik,event,1,verified,
TV00370,2. Dönem (1996–2000),2. DÖNEM,136,6 Eylül,1997-09-06,,1997,"Yurt  Erol Tümertekin, İstanbul İnsan ve Mekan",Yayın (Vakıf),publication,1,verified,
TV00371,2. Dönem (1996–2000),2. DÖNEM,137,6 Eylül,1997-09-06,,1997,Toplumsal Tarih Dergisi 45. Sayı,Dergi (Toplumsal Tarih),publication,1,verified,
TV00372,2. Dönem (1996–2000),2. DÖNEM,140,4 Ekim,1997-10-04,,1997,"""Cumhuriyetin 75 Yılı Atölye"" Çalışması – İTÜ",Atölye,event,1,verified,
TV00373,2. Dönem (1996–2000),2. DÖNEM,141,5 Ekim,1997-10-05,,1997,"""Mehmet Ali Aybar Anma Sempozyumu""",Sempozyum,event,1,verified,
TV00374,2. Dönem (1996–2000),2. DÖNEM,142,15 Ekim,1997-10-15,,1997,Cumhurbaşkanlığı Köşkünde Cumhuriyetin 75 Yılı Danışma ve Eşgüdüm Kurulları 2. Toplantısı,Diğer Etkinlik,event,1,verified,
TV00375,2. Dönem (1996–2000),2. DÖNEM,143,16 Ekim,1997-10-16,,1997,"""Cumhuriyetin 75 Yılı Projesi"" Ankara Üye Toplantısı",İç Toplantı,organizational,1,verified,
TV00376,2. Dönem (1996–2000),2. DÖNEM,144,25 Ekim,1997-10-25,,1997,"""Cumhuriyetin 75 Yılı Projesi"" Basın Yemeği - Armada",Basın Açıklaması,event,1,verified,
TV00377,2. Dönem (1996–2000),2. DÖNEM,145,30 Ekim-9 Kasım,,,1997,Tarih Vakfı TÜYAP Kitap Fuarı’nda,Fuar,event,1,uncertain_date,
TV00378,2. Dönem (1996–2000),2. DÖNEM,145,30 Ekim-9 Kasım,,,1997,"Yurt  Daniel Panzac, Osmanlı İmparatorluğu’nda Veba (1700-1850)",Yayın (Vakıf),publication,1,uncertain_date,
TV00379,2. Dönem (1996–2000),2. DÖNEM,146,30 Ekim-9 Kasım,,,1997,İstanbul Dergisi 23. Sayı “Dosya: Öteki İstanbul”,D_İstanbul Dergisi,publication,1,uncertain_date,
TV00380,2. Dönem (1996–2000),2. DÖNEM,147,30 Ekim-9 Kasım,,,1997,Toplumsal Tarih Dergisi 46. Sayı,Dergi (Toplumsal Tarih),publication,1,uncertain_date,
TV00381,2. Dönem (1996–2000),2. DÖNEM,150,6 Kasım,1997-11-06,,1997,“Öteki İstanbul” Paneli – TÜYAP,Konferans/Söyleşi,event,1,verified,
TV00382,2. Dönem (1996–2000),2. DÖNEM,151,6-7 Kasım,1997-11-06,1997-11-07,1997,"""Sendikal Eğitimin Dünü, Bugünü, Geleceği"" Atölyesi - Gerede (FES Desteği ile)",Atölye,event,1,verified,
TV00383,2. Dönem (1996–2000),2. DÖNEM,152,9 Kasım,1997-11-09,,1997,"""Cumhuriyetin 75 Yılı 3x25 Sergisi Proje Geliştirme"" Toplantısı - Armada",Diğer Etkinlik,event,,verified,
TV00384,2. Dönem (1996–2000),2. DÖNEM,153,9 Kasım,1997-11-09,,1997,Fahri Çoker’in Arşiv Bağışı,,organizational,,uncertain_category,
TV00385,2. Dönem (1996–2000),2. DÖNEM,153,9 Kasım,1997-11-09,,1997,Toplumsal Tarih  Dergisi 47. Sayı,Dergi (Toplumsal Tarih),publication,1,verified,
TV00386,2. Dönem (1996–2000),2. DÖNEM,156,16 Aralık,1997-12-16,,1997,Osmanlı Bankası “Tarihten İzler” Sergisinin Açılışı,Sergi,event,1,verified,
TV00387,2. Dönem (1996–2000),2. DÖNEM,157,16 Aralık,1997-12-16,,1997,“Demirbank Kurum Tarihi” Çalışmalarının Nevin Coşar Yönetiminde Başlaması,Proje (Kurum Tarihi),project,1,verified,
TV00388,2. Dönem (1996–2000),2. DÖNEM,158,16 Aralık,1997-12-16,,1997,“Esbank Kurum Tarihi” Yazımının Tamamlanması,Proje (Kurum Tarihi),project,1,verified,
TV00389,2. Dönem (1996–2000),2. DÖNEM,159,16 Aralık,1997-12-16,,1997,Osmanlı Bankası Kitabının Osmanlı Bankası Tarafından,Yayın (Vakıf),publication,1,verified,
TV00390,2. Dönem (1996–2000),2. DÖNEM,160,16 Aralık,1997-12-16,,1997,"Tarih Vakfı  Doğan Kuban, Sinan’ın Sanatı ve Selimiye   - Doğan Kuban, Sinan’s Art And Selimiye",Yayın (Vakıf),publication,1,verified,
TV00391,2. Dönem (1996–2000),2. DÖNEM,161,16 Aralık,1997-12-16,,1997,Toplumsal Tarih Dergisi 48. Sayı,Dergi (Toplumsal Tarih),publication,1,verified,
TV00392,2. Dönem (1996–2000),2. DÖNEM,162,16 Aralık,1997-12-16,,1997,İTO İçin Hazırlanan İstanbul Kitabının Tamamlanması,Yayın (Vakıf),publication,1,verified,
TV00393,2. Dönem (1996–2000),2. DÖNEM,165,Ocak 1998,,,1998,Osmanlı Bankası Belgesel Filminin Yapımı,Belgesel,publication,1,needs_review,
TV00394,2. Dönem (1996–2000),2. DÖNEM,165,Ocak 1998,,,1998,"Tarih Vakfı  Aydın Gönel, Önde Gelen STK’lar - Ahmet İçduygu, Türkiye’de İç Göç",Yayın (Vakıf),publication,2,needs_review,
TV00395,2. Dönem (1996–2000),2. DÖNEM,166,Ocak 1998,,,1998,İstanbul Dergisi 24. Sayı “Dosya: Edebiyatta İstanbul”,D_İstanbul Dergisi,publication,1,needs_review,
TV00396,2. Dönem (1996–2000),2. DÖNEM,167,Ocak 1998,,,1998,Toplumsal Tarih Dergisi 49. Sayı,Dergi (Toplumsal Tarih),publication,1,needs_review,
TV00397,2. Dönem (1996–2000),2. DÖNEM,168,Ocak 1998,,,1998,“Emlak Bankası Kurum Tarihi” Yazımının Tamamlanması,Yayın (Vakıf),publication,1,needs_review,
TV00398,2. Dönem (1996–2000),2. DÖNEM,170,23 Şubat,1998-02-23,,1998,“İstanbul’da Ahşap” Toplantısı,Diğer Etkinlik,event,1,verified,
TV00399,2. Dönem (1996–2000),2. DÖNEM,171,23 Şubat,1998-02-23,,1998,“İnterbank Kurum Tarihi” Ön Araştırma Projesi’nin Başlaması,Proje (Kurum Tarihi),project,1,verified,
TV00400,2. Dönem (1996–2000),2. DÖNEM,172,23 Şubat,1998-02-23,,1998,Fatma Hikmet İşmen’in Büyük Çaplı Kitap Bağışı,,organizational,,uncertain_category,
TV00401,2. Dönem (1996–2000),2. DÖNEM,172,23 Şubat,1998-02-23,,1998,"Tarih Vakfı  Ahmet Yücekök, Tanzimattan Günümüze İstanbul’da STK’lar",Yayın (Vakıf),publication,1,verified,
TV00402,2. Dönem (1996–2000),2. DÖNEM,173,23 Şubat,1998-02-23,,1998,"Yurt  Tülay Artan, 18. Yüzyıl Kadı Sicilleri Işığında Eyüp’te Sosyal Yaşam",Yayın (Vakıf),publication,1,verified,
TV00403,2. Dönem (1996–2000),2. DÖNEM,174,23 Şubat,1998-02-23,,1998,Toplumsal Tarih Dergisi 50. Sayı,Dergi (Toplumsal Tarih),publication,1,verified,
TV00404,2. Dönem (1996–2000),2. DÖNEM,177,14 Mart,1998-03-14,,1998,Tarih Vakfı III. Olağan Genel Kurul Toplantısı,,organizational,,uncertain_category,
TV00405,2. Dönem (1996–2000),2. DÖNEM,178,14 Mart,1998-03-14,,1998,“Türkiye’de 90’lı Yıllarda Endüstri İlişkileri” Araştırmasının Başlaması (FES Desteği ile),Proje (Diğer),project,1,verified,
TV00406,2. Dönem (1996–2000),2. DÖNEM,179,14 Mart,1998-03-14,,1998,Tarih Vakfı I. Uluslararası Kitap Fuarı’nda,Fuar,event,1,verified,
TV00407,2. Dönem (1996–2000),2. DÖNEM,180,14 Mart,1998-03-14,,1998,Tarih Vakfı  Sivil Toplum Kuruluşları Üç Sempozyum,Sempozyum,event,3,verified,
TV00408,2. Dönem (1996–2000),2. DÖNEM,180,14 Mart,1998-03-14,,1998,"Yurt  Sibel Bozdoğan, Reşat Kasaba (ed.), Türkiye'de Modernleşme ve Ulusal Kimlik - Mete Çetik, Üniversitede Cadı Kazanı",Yayın (Vakıf),publication,1,verified,
TV00409,2. Dönem (1996–2000),2. DÖNEM,181,14 Mart,1998-03-14,,1998,Toplumsal Tarih Dergisi 51. Sayı “Özel Dosya: Türk Feminizmi 1919”,Dergi (Toplumsal Tarih),publication,1,verified,
TV00410,2. Dönem (1996–2000),2. DÖNEM,184,23 Nisan,1998-04-23,,1998,Tarih Vakfı Interteks Kitap’98 Fuarı’nda,Fuar,event,1,verified,
TV00411,2. Dönem (1996–2000),2. DÖNEM,185,23 Nisan,1998-04-23,,1998,“Pertev Naili Boratav Anma” Toplantısı,Anma,event,1,verified,
TV00412,2. Dönem (1996–2000),2. DÖNEM,186,23 Nisan,1998-04-23,,1998,"""İnterbank Kurum Tarihi Ön Araştırma"" Çalışmasının Tamamlanması",Proje (Diğer),project,1,verified,
TV00413,2. Dönem (1996–2000),2. DÖNEM,186,23 Nisan,1998-04-23,,1998,"Yurt  Angelo Iacovella, Gönye ve Hilal İttihat Terakki ve Masonluk",Yayın (Vakıf),publication,1,verified,
TV00414,2. Dönem (1996–2000),2. DÖNEM,187,23 Nisan,1998-04-23,,1998,Yerel Tarih Dergisi 1. sayı,Dergi (Yerel Tarih),publication,1,verified,
TV00415,2. Dönem (1996–2000),2. DÖNEM,188,23 Nisan,1998-04-23,,1998,İstanbul Dergisi 25. Sayı: “İstanbul’da Ahşap”,D_İstanbul Dergisi,publication,1,verified,
TV00416,2. Dönem (1996–2000),2. DÖNEM,189,23 Nisan,1998-04-23,,1998,Toplumsal Tarih Dergisi 52. Sayı,Dergi (Toplumsal Tarih),publication,1,verified,
TV00417,2. Dönem (1996–2000),2. DÖNEM,192,3 Mayıs,1998-05-03,,1998,Müze Kent İstanbul Paneli,Konferans/Söyleşi,event,1,verified,
TV00418,2. Dönem (1996–2000),2. DÖNEM,193,21 Mayıs,1998-05-21,,1998,Tarihçinin Mutfağı Konferans Dizisi: Doğan Kuban,Konferans/Söyleşi,event,1,verified,
TV00419,2. Dönem (1996–2000),2. DÖNEM,194,21 Mayıs,1998-05-21,,1998,Lafarge-Aslan Çimento Kurum Tarihi Ön Araştırma Çalışmasının Başlaması,Proje (Kurum Tarihi),project,1,verified,
TV00420,2. Dönem (1996–2000),2. DÖNEM,195,21 Mayıs,1998-05-21,,1998,"""Yerel Tarih Yarışması"" Bilgilendirme Toplantısı",Yarışma,event,1,verified,
TV00421,2. Dönem (1996–2000),2. DÖNEM,195,21 Mayıs,1998-05-21,,1998,"Yurt  Ali Akyıldız, Mümin ve Müsrif Bir Padişah Kızı Refia Sultan - I. Tarih Kongresi, Osmanlıdan Cumhuriyete Problemler,  Araştırmalar Tartışmalar",Yayın (Vakıf),publication,1,verified,
TV00422,2. Dönem (1996–2000),2. DÖNEM,196,21 Mayıs,1998-05-21,,1998,Yerel Tarih Dergisi 2. Sayı,Dergi (Yerel Tarih),publication,1,verified,
TV00423,2. Dönem (1996–2000),2. DÖNEM,197,21 Mayıs,1998-05-21,,1998,Toplumsal Tarih Dergisi 53. Sayı,Dergi (Toplumsal Tarih),publication,1,verified,
TV00424,2. Dönem (1996–2000),2. DÖNEM,200,4-6 Haziran,1998-06-04,1998-06-06,1998,"“Akdeniz Havzasında Uzun Dönemli İktisadi Gelişme, 1800-2000” Kongresi",Kongre,event,1,verified,
TV00425,2. Dönem (1996–2000),2. DÖNEM,201,11-12 Haziran,1998-06-11,1998-06-12,1998,“Sendikalarda Eğitim Teknikleri” Atölyesi - Gerede (FES Desteği ile),Atölye,event,1,verified,
TV00426,2. Dönem (1996–2000),2. DÖNEM,202,18 Haziran,1998-06-18,,1998,"""Sinema Tarih Buluşması"" Basın Toplantısı (TÜRSAK ile)",Basın Açıklaması,event,1,verified,
TV00427,2. Dönem (1996–2000),2. DÖNEM,203,18 Haziran,1998-06-18,,1998,Tarihçinin Mutfağı Konferans Dizisi: Edhem Eldem,Konferans/Söyleşi,event,1,verified,
TV00428,2. Dönem (1996–2000),2. DÖNEM,204,22-23 Haziran,1998-06-22,1998-06-23,1998,“Sendikalarda Kadın Eğitimi” Atölyesi - Gerede (FES Desteği ile),Atölye,event,1,verified,
TV00429,2. Dönem (1996–2000),2. DÖNEM,205,22-23 Haziran,1998-06-22,1998-06-23,1998,“Mardin Kent Tarihi” Yazımının Başlaması,Proje (Kurum Tarihi),project,1,verified,
TV00430,2. Dönem (1996–2000),2. DÖNEM,206,22-23 Haziran,1998-06-22,1998-06-23,1998,"""İnterbank Kurum Tarihi"" Çalışmasının Metin Berke Yönetiminde Başlaması",Proje (Kurum Tarihi),project,1,verified,
TV00431,2. Dönem (1996–2000),2. DÖNEM,206,22-23 Haziran,1998-06-22,1998-06-23,1998,"Tarih Vakfı  Aslı Davaz Mardin, Hanımlar Alemi’nden Roza’ya (Kadın Eserleri Kütüphanesi Bilgi Merkezi ile)",Yayın (Vakıf),publication,1,verified,
TV00432,2. Dönem (1996–2000),2. DÖNEM,207,22-23 Haziran,1998-06-22,1998-06-23,1998,"Yurt  Etıenne Copeaux, Tarih Ders Kitaplarında Türk-Tarih Tezinden Türk-İslam Sentezine,",Yayın (Vakıf),publication,1,verified,
TV00433,2. Dönem (1996–2000),2. DÖNEM,208,22-23 Haziran,1998-06-22,1998-06-23,1998,Yerel Tarih Dergisi 3. Sayı,Dergi (Yerel Tarih),publication,1,verified,
TV00434,2. Dönem (1996–2000),2. DÖNEM,209,22-23 Haziran,1998-06-22,1998-06-23,1998,"New Perspectives on Turkey, Spring 98",Dergi (NPT),publication,1,verified,
TV00435,2. Dönem (1996–2000),2. DÖNEM,210,22-23 Haziran,1998-06-22,1998-06-23,1998,Toplumsal Tarih Dergisi 54. Sayı,Dergi (Toplumsal Tarih),publication,1,verified,
TV00436,2. Dönem (1996–2000),2. DÖNEM,213,16 Temmuz,1997-07-16,,1997,Tarihçinin Mutfağı Konferans Dizisi: Carter V. Findley,Konferans/Söyleşi,event,1,verified,
TV00437,2. Dönem (1996–2000),2. DÖNEM,214,16 Temmuz,1997-07-16,,1997,“Pertev Naili Boratav Arşivi Destekleme Kurulu Toplantısı - BBM,Diğer Etkinlik,event,1,verified,
TV00438,2. Dönem (1996–2000),2. DÖNEM,215,16 Temmuz,1997-07-16,,1997,“Pertev Naili Boratav Arşivi” Projesinin Başlaması,Proje,project,1,verified,
TV00439,2. Dönem (1996–2000),2. DÖNEM,216,16 Temmuz,1997-07-16,,1997,Osmanlı Bankası Belgeseli’nin Tamamlanması,Belgesel,publication,1,verified,
TV00440,2. Dönem (1996–2000),2. DÖNEM,217,16 Temmuz,1997-07-16,,1997,TSİP Arşivi’nin Tasnifinin Tamamlanması ve Araştırmaya Açılması,Arşiv Bağışı,organizational,1,verified,
TV00441,2. Dönem (1996–2000),2. DÖNEM,217,16 Temmuz,1997-07-16,,1997,"Yurt  Ahmet Yaşar Ocak, Osmanlı Toplumunda Zındıklar ve Mülhidler",Yayın (Vakıf),publication,1,verified,
TV00442,2. Dönem (1996–2000),2. DÖNEM,218,16 Temmuz,1997-07-16,,1997,Yerel Tarih Dergisi 4. Sayı,Dergi (Yerel Tarih),publication,1,verified,
TV00443,2. Dönem (1996–2000),2. DÖNEM,219,16 Temmuz,1997-07-16,,1997,İstanbul Dergisi 26. Sayı: “Müze Kent İstanbul”,D_İstanbul Dergisi,publication,1,verified,
TV00444,2. Dönem (1996–2000),2. DÖNEM,220,16 Temmuz,1997-07-16,,1997,Toplumsal Tarih Dergisi 55. Sayı,Dergi (Toplumsal Tarih),publication,1,verified,
TV00445,2. Dönem (1996–2000),2. DÖNEM,222,25-27 Temmuz,1997-07-25,1997-07-27,1997,"“Uluslararası Kültür Mirası, Çok Kültürlü Çekim Noktaları ve Turizm” Kongresi (Boğaziçi Üniversitesi ile)",Kongre,event,1,verified,
TV00446,2. Dönem (1996–2000),2. DÖNEM,224,Ağustos 1998,,,1998,Egebank Kurum Tarihi Ön Araştırma Çalışmasının Başlaması,Proje (Kurum Tarihi),project,1,needs_review,
TV00447,2. Dönem (1996–2000),2. DÖNEM,224,Ağustos 1998,,,1998,Sendikacılık Ansiklopedisinin Son Cildinin,Ansiklopedi,publication,1,needs_review,
TV00448,2. Dönem (1996–2000),2. DÖNEM,225,Ağustos 1998,,,1998,"Yurt  Hasan Kayalı, Jön Türkler ve Araplar Osmancılık, Erken Arap Milliyetçiliği ve İslamcılık – II. Tarih Kongresi Tebliğleri: Tarih Eğitimi ve Tarihte “Öteki” Sorunu",Yayın (Vakıf),publication,2,needs_review,
TV00449,2. Dönem (1996–2000),2. DÖNEM,226,Ağustos 1998,,,1998,Toplumsal Tarih Dergisi 56. Sayı,Dergi (Toplumsal Tarih),publication,1,needs_review,
TV00450,2. Dönem (1996–2000),2. DÖNEM,229,9 Eylül,1998-09-09,,1998,“Pertev Naili Boratav Arşivi” Danışma Kurulu Toplantısı,,organizational,,uncertain_category,
TV00451,2. Dönem (1996–2000),2. DÖNEM,230,17-18 Eylül,1998-09-17,1998-09-18,1998,“Sendikalarda Uzman Eğitimi” Atölyesi (FES Desteği ile),Atölye,event,1,verified,
TV00452,2. Dönem (1996–2000),2. DÖNEM,231,18 Eylül,1998-09-18,,1998,“Üç Kuşak Cumhuriyet” Sergisi’nin Açılışı - Darphane,Sergi,event,1,verified,
TV00453,2. Dönem (1996–2000),2. DÖNEM,232,26 Eylül,1998-09-26,,1998,“Cumhuriyet’in Aile Albümleri” Sergisi’nin Açılışı - Darphane,Sergi,event,1,verified,
TV00454,2. Dönem (1996–2000),2. DÖNEM,233,26 Eylül,1998-09-26,,1998,“Türkiye’de 90’lı Yıllarda Endüstri İlişkileri” Araştırmasının Tamamlanması,Proje (Diğer),project,1,verified,
TV00455,2. Dönem (1996–2000),2. DÖNEM,234,26 Eylül,1998-09-26,,1998,"""Demirbank Kurum Tarihi"" Çalışmasının Tamamlanması",Proje (Kurum Tarihi),project,1,verified,
TV00456,2. Dönem (1996–2000),2. DÖNEM,234,26 Eylül,1998-09-26,,1998,"Yurt  Çağlar Keyder, Faruk Tabak, Osmanlı’da Toprak Mülkiyeti ve Ticari Tarım",Yayın (Vakıf),publication,1,verified,
TV00457,2. Dönem (1996–2000),2. DÖNEM,235,26 Eylül,1998-09-26,,1998,"Bilanço ’98  Dizisi: Yıldız Sey (ed.), 75 Yılda Değişen Kent ve Mimarlık",Yayın (Yurt Yayınları),publication,1,verified,
TV00458,2. Dönem (1996–2000),2. DÖNEM,236,26 Eylül,1998-09-26,,1998,Toplumsal Tarih Dergisi 57. Sayı,Dergi (Toplumsal Tarih),publication,1,verified,
TV00459,2. Dönem (1996–2000),2. DÖNEM,239,1 Ekim,1998-10-01,,1998,"""Bilanço 98 Uluslararası Kongre"" Basın Toplantısı",Basın Açıklaması,event,1,verified,
TV00460,2. Dönem (1996–2000),2. DÖNEM,240,1 Ekim,1998-10-01,,1998,“Yazılı Malzemenin Sendikal Eğitimde Kullanılma Olanakları” Atölyesi – Gerede (FES Desteği ile),Atölye,event,1,verified,
TV00461,2. Dönem (1996–2000),2. DÖNEM,241,2-3 Ekim,1998-10-02,1998-10-03,1998,“Yeni Teknolojilerin Sendikal Eğitimde Kullanılma Olanakları” Atölyesi – Gerede (FES Desteği ile),Atölye,event,1,verified,
TV00462,2. Dönem (1996–2000),2. DÖNEM,242,4 Ekim,1998-10-04,,1998,Mehmet Ali Aybar Anısına “Yeni Siyaset Biçimleri” Sempozyumu,Seminer,event,1,verified,
TV00463,2. Dönem (1996–2000),2. DÖNEM,243,15 Ekim,1998-10-15,,1998,Tarihçinin Mutfağı Konferans Dizisi: Halil Berktay,Konferans/Söyleşi,event,1,verified,
TV00464,2. Dönem (1996–2000),2. DÖNEM,244,17 Ekim,1998-10-17,,1998,"“Özelleştirme, Arşivler ve Tarihçiliğimiz” Paneli",Konferans/Söyleşi,event,1,verified,
TV00465,2. Dönem (1996–2000),2. DÖNEM,245,23 Ekim,1998-10-23,,1998,Yerel Tarih Yarışması Ödül Töreni,Yarışma,event,1,verified,
TV00466,2. Dönem (1996–2000),2. DÖNEM,246,29 Ekim,1998-10-29,,1998,Cumhuriyet Geçit Törenine Tarih Vakfı Katılımı,Diğer Etkinlik,event,1,verified,
TV00467,2. Dönem (1996–2000),2. DÖNEM,247,29 Ekim,1998-10-29,,1998,"""Egebank Kurum Tarihi Ön Araştırma"" Çalışmasının Tamamlanması",Proje (Kurum Tarihi),project,1,verified,
TV00468,2. Dönem (1996–2000),2. DÖNEM,248,29 Ekim,1998-10-29,,1998,"""Tekel Kurum Tarihi"" Çalışmasının Fatma ve Suut Doğruel Yönetiminde Başlaması",Proje (Kurum Tarihi),project,1,verified,
TV00469,2. Dönem (1996–2000),2. DÖNEM,249,29 Ekim,1998-10-29,,1998,“Cumhuriyet’in Anıları” Belgesel Film Çalışmalarının Başlaması,Belgesel,publication,1,verified,
TV00470,2. Dönem (1996–2000),2. DÖNEM,250,29 Ekim,1998-10-29,,1998,Boratav Arşivi’nin Türkiye’ye Kazandırılması Nedeniyle Tarih Vakfı’nın İstanbul Üniversitesi İletişim Fakültesi Tarafından “Ayın İletişimcisi” Olarak İlan Edilmesi,Ödül/Ödül Töreni,event,1,verified,
TV00471,2. Dönem (1996–2000),2. DÖNEM,251,29 Ekim,1998-10-29,,1998,Mastercard İşbirliği İle ÇağdaşKart Projesinin Başlaması,Çağdaşkart,event,1,verified,
TV00472,2. Dönem (1996–2000),2. DÖNEM,251,29 Ekim,1998-10-29,,1998,"Nuri Akbayar, Dünden Bugüne Beşiktaş",Yayın (Vakıf),publication,1,verified,
TV00473,2. Dönem (1996–2000),2. DÖNEM,252,29 Ekim,1998-10-29,,1998,"Yurt  Necdet Sakaoğlu, Anadolu Derebeyi Ocaklarından Köse Paşa Hanedanı",Yayın (Vakıf),publication,1,verified,
TV00474,2. Dönem (1996–2000),2. DÖNEM,253,29 Ekim,1998-10-29,,1998,"Bilanço ’98  Dizisi: Feride Çiçekoğlu, Oya Baydar (ed.), Cumhuriyet’in Aile Albümleri Sergi Katoloğu – Uğur Tanyeli, Üç Kuşak Cumhuriyet Sergi Katoloğu - Ayşe Berktay (ed.), 75 Yılda Kadınlar ve Erkekler",Yayın (Vakıf),publication,3,verified,
TV00475,2. Dönem (1996–2000),2. DÖNEM,254,29 Ekim,1998-10-29,,1998,İstanbul Dergisi 27. Sayı:  “İstanbul ve Cumhuriyet”,D_İstanbul Dergisi,publication,1,verified,
TV00476,2. Dönem (1996–2000),2. DÖNEM,255,29 Ekim,1998-10-29,,1998,Toplumsal Tarih Dergisi 58. Sayı,Dergi (Toplumsal Tarih),publication,1,verified,
TV00477,2. Dönem (1996–2000),2. DÖNEM,258,6-15 Kasım,1998-11-06,1998-11-15,1998,Tarih Vakfı TÜYAP Kitap Fuarı’nda,Fuar,event,1,verified,
TV00478,2. Dönem (1996–2000),2. DÖNEM,259,7 Kasım,1998-11-07,,1998,"""Kurum Tarihçiliği"" Atölyesi",Atölye,event,1,verified,
TV00479,2. Dönem (1996–2000),2. DÖNEM,260,9 Kasım,1998-11-09,,1998,“Geçmişten Gelen Sesler: Sözlü Tarih” Paneli - TÜYAP,Konferans/Söyleşi,event,1,verified,
TV00480,2. Dönem (1996–2000),2. DÖNEM,261,19 Kasım,1998-11-19,,1998,Tarihçinin Mutfağı Konferans Dizisi: Nurhan Atasoy,Konferans/Söyleşi,event,1,verified,
TV00481,2. Dönem (1996–2000),2. DÖNEM,262,22 Kasım,1998-11-22,,1998,“Üç Kuşak Cumhuriyet”  ve “Aile Albümleri” Sergilerinin Kapanışı,Sergi,event,1,verified,
TV00482,2. Dönem (1996–2000),2. DÖNEM,263,22 Kasım,1998-11-22,,1998,La Farge-Aslan Çimento Kurum Tarihi Çalışmasının Emre Dölen Yönetiminde Başlaması,Proje (Kurum Tarihi),project,1,verified,
TV00483,2. Dönem (1996–2000),2. DÖNEM,263,22 Kasım,1998-11-22,,1998,"Tarih Vakfı  Necdet Sakaoğlu, Çeşm-i Cihan Amasra",Yayın (Vakıf),publication,1,verified,
TV00484,2. Dönem (1996–2000),2. DÖNEM,264,22 Kasım,1998-11-22,,1998,"Bilanço ’98  Dizisi: Mustafa Sönmez (ed.), 75 Yılda Para’nın Serüveni",Yayın (Vakıf),publication,1,verified,
TV00485,2. Dönem (1996–2000),2. DÖNEM,265,22 Kasım,1998-11-22,,1998,"Yurt  İlhan Tekeli, Tarih Bilinci ve Gençlik - Wolfgang Müller-Wıener, Bizans’tan Osmanlı’ya İstanbul Limanı – Murat Belge, İstanbul’u Gezerken",Yayın (Vakıf),publication,3,verified,
TV00486,2. Dönem (1996–2000),2. DÖNEM,266,22 Kasım,1998-11-22,,1998,Yerel Tarih Dergisi 5. Sayı,Dergi (Yerel Tarih),publication,1,verified,
TV00487,2. Dönem (1996–2000),2. DÖNEM,267,22 Kasım,1998-11-22,,1998,Toplumsal Tarih Dergisi 59. Sayı,Dergi (Toplumsal Tarih),publication,1,verified,
TV00488,2. Dönem (1996–2000),2. DÖNEM,270,4-10 Aralık,1998-12-04,1998-12-10,1998,"""I. Uluslararası Sinema ve Tarih Buluşması"" (TÜRSAK ile)",Diğer Etkinlik,event,1,verified,
TV00489,2. Dönem (1996–2000),2. DÖNEM,271,10-12 Aralık,1998-12-10,1998-12-12,1998,"“Bilanço 98” Türkiye Cumhuriyeti’nin 75 Yılına Toplu Bakış Uluslararası Kongresi (TÜBA, Türk Sosyal Bilimler Derneği ile)",Kongre,event,1,verified,
TV00490,2. Dönem (1996–2000),2. DÖNEM,272,15 Aralık,1998-12-15,,1998,Afet İnan Tarih Araştırmaları Ödül Töreni - Ankara,Ödül/Ödül Töreni,event,1,verified,
TV00491,2. Dönem (1996–2000),2. DÖNEM,273,16 Aralık,1998-12-16,,1998,"""Sosyal Demokrasi Arşivi Projesi"" Danışma Toplantısı - Armada",Arşiv Bağışı,organizational,1,verified,
TV00492,2. Dönem (1996–2000),2. DÖNEM,274,17 Aralık,1998-12-17,,1998,Tarihçinin Mutfağı Konferans Dizisi: Ahmet Yaşar Ocak,Konferans/Söyleşi,event,1,verified,
TV00493,2. Dönem (1996–2000),2. DÖNEM,275,18 Aralık,1998-12-18,,1998,"""Nakden Tarih: Osmanlı’dan Günümüze Kağıt Para"" Sergisi’nin Açılışı",Sergi,event,1,verified,
TV00494,2. Dönem (1996–2000),2. DÖNEM,276,18 Aralık,1998-12-18,,1998,"Tarih Vakfı  Refik Durbaş, Bünyad Dinç, Taşın ve İnancın Şiiri Mardin",Yayın (Vakıf),publication,1,verified,
TV00495,2. Dönem (1996–2000),2. DÖNEM,277,18 Aralık,1998-12-18,,1998,"Yurt  Bülent Gökay, Bolşevizm İle Emperyalizm Arasında Türkiye (1918-1923)",Yayın (Vakıf),publication,1,verified,
TV00496,2. Dönem (1996–2000),2. DÖNEM,278,18 Aralık,1998-12-18,,1998,"New Perspectives on Turkey, Fall 98",Dergi (NPT),publication,1,verified,
TV00497,2. Dönem (1996–2000),2. DÖNEM,279,18 Aralık,1998-12-18,,1998,Toplumsal Tarih Dergisi 60. Sayı,Dergi (Toplumsal Tarih),publication,1,verified,
TV00498,2. Dönem (1996–2000),2. DÖNEM,280,18 Aralık,1998-12-18,,1998,"Bilanço ’98  Dizisi: Artun Ünsal (ed.), 75 Yılda Tebaa’dan Yurttaş’a Doğru",Yayın (Vakıf),publication,1,verified,
TV00499,2. Dönem (1996–2000),2. DÖNEM,282,10 Ocak,1999-01-10,,1999,"""2000 Yılı Projeleri Danışma Kurulu"" Toplantısı",Diğer Etkinlik,event,1,verified,
TV00500,2. Dönem (1996–2000),2. DÖNEM,283,11 Ocak,1999-01-11,,1999,"""75. Yıl Çalışmaları Değerlendirme"" Toplantısı",Diğer Etkinlik,event,1,verified,
TV00501,2. Dönem (1996–2000),2. DÖNEM,284,14 Ocak,1999-01-14,,1999,Tarihçinin Mutfağı Konferans Dizisi: Christoph Neumann,Konferans/Söyleşi,event,1,verified,
TV00502,2. Dönem (1996–2000),2. DÖNEM,285,14 Ocak,1999-01-14,,1999,"""Türkiye İş Bankası Kurum Tarihi"" Çalışmasının Uygur Kocabaşoğlu Yönetiminde Başlaması",Proje (Kurum Tarihi),project,1,verified,
TV00503,2. Dönem (1996–2000),2. DÖNEM,286,14 Ocak,1999-01-14,,1999,İlhami Soysal Arşivinin Varisleri Tarafından Bağışlanması,,organizational,,uncertain_category,
TV00504,2. Dönem (1996–2000),2. DÖNEM,286,14 Ocak,1999-01-14,,1999,Tarih Vakfı  Sendikal Eğitim Atölye Çalışmaları Altı Sempozyum,Yayın (Vakıf),publication,1,verified,
TV00505,2. Dönem (1996–2000),2. DÖNEM,287,14 Ocak,1999-01-14,,1999,"Yurt  P. M. Holt, Haçlılar Çağı. 11. Yüzyıldan 1517’ye Yakındoğu",Yayın (Vakıf),publication,1,verified,
TV00506,2. Dönem (1996–2000),2. DÖNEM,288,14 Ocak,1999-01-14,,1999,İstanbul  Dergisi 28. Sayı: “İstanbul’un Sokakları”,D_İstanbul Dergisi,publication,1,verified,
TV00507,2. Dönem (1996–2000),2. DÖNEM,289,14 Ocak,1999-01-14,,1999,Toplumsal Tarih Dergisi 61. Sayı,Dergi (Toplumsal Tarih),publication,1,verified,
TV00508,2. Dönem (1996–2000),2. DÖNEM,291,Şubat 1999,,,1999,"Osmanlı'dan Gününmüze Kağıt Para Sergisi, Osmanlı Bankası Tarihi Araştırma Merkezi, Beyoğlu.",Sergi,event,1,needs_review,
TV00509,2. Dönem (1996–2000),2. DÖNEM,292,3 Şubat,1999-02-03,,1999,Osmanlıca Seminerlerinin Başlaması,Seminer,event,1,verified,
TV00510,2. Dönem (1996–2000),2. DÖNEM,293,18 Şubat,1999-02-18,,1999,Tarihçinin Mutfağı Konferans Dizisi: Stephanos Yerasimos,Konferans/Söyleşi,event,1,verified,
TV00511,2. Dönem (1996–2000),2. DÖNEM,294,26 Şubat,1999-02-26,,1999,Tarih Vakfı İzmir Toplantısı,İç Toplantı,organizational,1,verified,
TV00512,2. Dönem (1996–2000),2. DÖNEM,295,26 Şubat,1999-02-26,,1999,“Türkiye’de İşsizlik ve Yetersiz İş Gücü” Araştırmasının Hacer Ansal Yönetiminde Başlaması,Proje (Diğer),project,1,verified,
TV00513,2. Dönem (1996–2000),2. DÖNEM,295,26 Şubat,1999-02-26,,1999,"Bilanço ’98  Dizisi: Oya Baydar (ed.), 75 Yılda Köylerden Şehirlere",Yayın (Vakıf),publication,1,verified,
TV00514,2. Dönem (1996–2000),2. DÖNEM,296,26 Şubat,1999-02-26,,1999,Toplumsal Tarih Dergisi 62. Sayı,Dergi (Toplumsal Tarih),publication,1,verified,
TV00515,2. Dönem (1996–2000),2. DÖNEM,299,5-6 Mart,1999-03-05,1999-03-06,1999,"""Cumhuriyet’in İlanından Günümüze Avrupa’da Türk İmajı"" Uluslararası Atölye Çalışması (Boğaziçi Üniversitesi Karşılaştırmalı Avrupa Çalışmaları Merkezi ve TESEV ile)",Atölye,event,1,verified,
TV00516,2. Dönem (1996–2000),2. DÖNEM,300,18 Mart,1999-03-18,,1999,Tarihçinin Mutfağı Konferans Dizisi: Oğuz Tekin,Konferans/Söyleşi,event,1,verified,
TV00517,2. Dönem (1996–2000),2. DÖNEM,301,20 Mart,1999-03-20,,1999,"""Nakden Tarih: Osmanlı’dan Günümüze Kağıt Para"" Sergisi Kapanışı",Sergi,event,1,verified,
TV00518,2. Dönem (1996–2000),2. DÖNEM,301,20 Mart,1999-03-20,,1999,"Yurt  Tord Olsson, Elizabeth Özdalga, Catharina Ruadvere, Alevi Kimliği – Engin Berber, Yeni Onbinlerin Gölgesinde Bir Sancak: İzmir 30 Ekim 1918–15 Mayıs 1919– Theda Skocpol, Tarihsel Sosyoloji. Bloch’tan Wallerstein’e Görüşler ve Yöntemler",Yayın (Vakıf),publication,1,verified,
TV00519,2. Dönem (1996–2000),2. DÖNEM,302,20 Mart,1999-03-20,,1999,Toplumsal Tarih Dergisi 63. Sayı,Dergi (Toplumsal Tarih),publication,1,verified,
TV00520,2. Dönem (1996–2000),2. DÖNEM,305,9 Nisan,1999-04-09,,1999,Nakden Tarih: Osmanlı’dan Günümüze Kağıt Para” Sergisi’nin Ankara’da Açılışı,Sergi,event,1,verified,
TV00521,2. Dönem (1996–2000),2. DÖNEM,306,10 Nisan,1999-04-10,,1999,Pertev Naili Boratav Projesi “Türkiye’de Halkbilim Malzemesinin Tasnif Sorunları” Atölyesi,Atölye,event,1,verified,
TV00522,2. Dönem (1996–2000),2. DÖNEM,307,15 Nisan,1999-04-15,,1999,Tarihçinin Mutfağı Konferans Dizisi: Afife Batur,Konferans/Söyleşi,event,1,verified,
TV00523,2. Dönem (1996–2000),2. DÖNEM,308,25-27 Nisan,1999-04-25,1999-04-27,1999,"""Yerel Tarih Yarışması"" Değerlendirme Toplantısı",Diğer Etkinlik,event,1,verified,
TV00524,2. Dönem (1996–2000),2. DÖNEM,308,25-27 Nisan,1999-04-25,1999-04-27,1999,"Murat Güvenç, Oğuz Işık, Emlak Bankası 1926-1998 – Uygur Kocabaşoğlu (ed.), Liseli Gençlerin Gözüyle Cumhuriyetimiz – Nuri Akbayar (ed.), Adım Adım Beşiktaş",Yayın (Vakıf),publication,3,verified,
TV00525,2. Dönem (1996–2000),2. DÖNEM,309,25-27 Nisan,1999-04-25,1999-04-27,1999,"Bilanço ’98  Dizisi: Oya Baydar (ed.), 75 Yılda Çarklardan Chip’lere",Yayın (Vakıf),publication,1,verified,
TV00526,2. Dönem (1996–2000),2. DÖNEM,310,25-27 Nisan,1999-04-25,1999-04-27,1999,"Yurt  Şevket Pamuk, Osmanlı İmparatorluğun’da Paranın Tarihi - Carter Fındley, Ahmed Mithat Efendi Avrupa’da",Yayın (Vakıf),publication,1,verified,
TV00527,2. Dönem (1996–2000),2. DÖNEM,311,25-27 Nisan,1999-04-25,1999-04-27,1999,İstanbul Dergisi 29. Sayı: “Orhan Pamuk’un İstanbul’u”,D_İstanbul Dergisi,publication,1,verified,
TV00528,2. Dönem (1996–2000),2. DÖNEM,312,25-27 Nisan,1999-04-25,1999-04-27,1999,Toplumsal Tarih Dergisi 64. Sayı “Özel Dosya: Osmanlı’dan Cumhuriyet’e Seçimler”,Dergi (Toplumsal Tarih),publication,1,verified,
TV00529,2. Dönem (1996–2000),2. DÖNEM,315,15 Mayıs,1999-05-15,,1999,2000 Yılı Projelerinin Cumhurbaşkanı’na Sunumu,Diğer Etkinlik,event,1,verified,
TV00530,2. Dönem (1996–2000),2. DÖNEM,316,20 Mayıs,1999-05-20,,1999,Tarihçinin Mutfağı Konferans Dizisi: Selçuk Esenbel,Konferans/Söyleşi,event,1,verified,
TV00531,2. Dönem (1996–2000),2. DÖNEM,317,23 Mayıs,1999-05-23,,1999,Antalya Yerel Tarih Grubu Toplantısı,Diğer Etkinlik,event,1,verified,
TV00532,2. Dönem (1996–2000),2. DÖNEM,318,24 Mayıs,1999-05-24,,1999,Mersin Yerel Tarih Grubu Toplantısı,Diğer Etkinlik,event,1,verified,
TV00533,2. Dönem (1996–2000),2. DÖNEM,319,25 Mayıs,1999-05-25,,1999,Antakya Yerel Tarih Grubu Toplantısı,Diğer Etkinlik,event,1,verified,
TV00534,2. Dönem (1996–2000),2. DÖNEM,320,28 Mayıs,1999-05-28,,1999,"""Cumhuriyet’in Aile Albümleri"" Sergisi’nin İzmir’de Açılışı",Sergi,event,1,verified,
TV00535,2. Dönem (1996–2000),2. DÖNEM,321,31 Mayıs,1999-05-31,,1999,Tarih Vakfı’na “Özel Etkinlikler Başarı Ödülü” Verilmesi,Ödül/Ödül Töreni,event,1,verified,
TV00536,2. Dönem (1996–2000),2. DÖNEM,321,31 Mayıs,1999-05-31,,1999,Üç Kuşak Cumhuriyet Sergisi CD-Rom,CD/Dijital Yayın,publication,1,verified,
TV00537,2. Dönem (1996–2000),2. DÖNEM,322,31 Mayıs,1999-05-31,,1999,"Bilanço ’98  Dizisi: Ayla Ödekan (ed.), Cumhuriyet’in Renkleri, Biçimleri – Oya Baydar, Gülay Dinçel (ed.), 75 Yılda Çarkları Döndürenler",Yayın (Vakıf),publication,1,verified,
TV00538,2. Dönem (1996–2000),2. DÖNEM,323,31 Mayıs,1999-05-31,,1999,"Yurt  Murat Çizakça, İslam Dünyasında ve Batıda İş Ortaklıkları Tarihi",Yayın (Vakıf),publication,1,verified,
TV00539,2. Dönem (1996–2000),2. DÖNEM,324,31 Mayıs,1999-05-31,,1999,Toplumsal Tarih Dergisi 65. Sayı,Dergi (Toplumsal Tarih),publication,1,verified,
TV00540,2. Dönem (1996–2000),2. DÖNEM,327,5 Haziran,1999-06-05,,1999,"""Tarih Ders Kitapları Projesi"" Danışma Toplantısı",Proje (Diğer),project,1,verified,
TV00541,2. Dönem (1996–2000),2. DÖNEM,328,13 Haziran,1999-06-13,,1999,İzmir’de Cumhuriyet’in Aile Albümleri Sergisi’nin Kapanışı,Sergi,event,1,verified,
TV00542,2. Dönem (1996–2000),2. DÖNEM,329,24 Haziran,1999-06-24,,1999,Tarihçinin Mutfağı Konferans Dizisi: İsenbike Togan,Konferans/Söyleşi,event,1,verified,
TV00543,2. Dönem (1996–2000),2. DÖNEM,330,24 Haziran,1999-06-24,,1999,“Son Bin Yılın En Önemli 52 Olayı” Araştırmasının Başlaması,Proje (Diğer),project,1,verified,
TV00544,2. Dönem (1996–2000),2. DÖNEM,331,24 Haziran,1999-06-24,,1999,Ferit Safkan’ın Arşiv Bağışı,,organizational,,uncertain_category,
TV00545,2. Dönem (1996–2000),2. DÖNEM,331,24 Haziran,1999-06-24,,1999,"Nevin Coşar, Geçmişten Geleceğe Demirbank (Proje Kitabı)",Yayın (Vakıf),publication,1,verified,
TV00546,2. Dönem (1996–2000),2. DÖNEM,332,24 Haziran,1999-06-24,,1999,"Bilanço ’98  Dizisi: Oya Baydar, Derya Özkan (ed.), Cumhuriyet’in Modaları – Fatma Gök (ed.), 75 Yılda Eğitim",Yayın (Vakıf),publication,1,verified,
TV00547,2. Dönem (1996–2000),2. DÖNEM,333,24 Haziran,1999-06-24,,1999,"Tarih Vakfı  Mete Çetik, Yüksel Akkaya, Türkiye’de Endüstri İlişkileri",Yayın (Vakıf),publication,1,verified,
TV00548,2. Dönem (1996–2000),2. DÖNEM,334,24 Haziran,1999-06-24,,1999,"Yurt  Donald Nicol, Bizans’ın Son Yüzyılları Tarih Vakfı  Elizabeth Özdalga, Sivil Toplum, Demokrasi ve İslam Dünyası -",Yayın (Vakıf),publication,1,verified,
TV00549,2. Dönem (1996–2000),2. DÖNEM,335,24 Haziran,1999-06-24,,1999,"New Perspectives on Turkey, Spring 99",Dergi (NPT),publication,1,verified,
TV00550,2. Dönem (1996–2000),2. DÖNEM,336,24 Haziran,1999-06-24,,1999,Toplumsal Tarih Dergisi 66. Sayı,Dergi (Toplumsal Tarih),publication,1,verified,
TV00551,2. Dönem (1996–2000),2. DÖNEM,339,1-3 Temmuz,1999-07-01,1999-07-03,1999,STK Sempozyumları V : “STK’lar ve Etik” (Bazı STK'lar ile),Sempozyum,event,1,verified,
TV00552,2. Dönem (1996–2000),2. DÖNEM,340,3 Temmuz,1999-07-03,,1999,"III. Tarih Kongresi Hazırlık Toplantısı: ""Tarih Yazıcılığı"" Atölyesi",Atölye,event,1,verified,
TV00553,2. Dönem (1996–2000),2. DÖNEM,341,29 Temmuz,1999-07-29,,1999,Çanakkale Yerel Tarih Grubu Toplantısı,Diğer Etkinlik,event,1,verified,
TV00554,2. Dönem (1996–2000),2. DÖNEM,342,29 Temmuz,1999-07-29,,1999,"""Anadolu’da Biranın Tarihi ve Efes Pilsen"" Projesinin Ercan Eren Yönetiminde Başlaması",Proje,project,1,verified,
TV00555,2. Dönem (1996–2000),2. DÖNEM,342,29 Temmuz,1999-07-29,,1999,Yurt  Halil Dural ( Hazırlayan Sabri Yetkin) Bize Derler Çakırca: 19. ve  20. Asırda Ege’de Efeler,Yayın (Vakıf),publication,1,verified,
TV00556,2. Dönem (1996–2000),2. DÖNEM,343,29 Temmuz,1999-07-29,,1999,"İstanbul Dergisi 30. Sayı: “İstanbul’un Kokusu, Tadı”",D_İstanbul Dergisi,publication,1,verified,
TV00557,2. Dönem (1996–2000),2. DÖNEM,344,29 Temmuz,1999-07-29,,1999,Toplumsal Tarih Dergisi 67. Sayı,Dergi (Toplumsal Tarih),publication,1,verified,
TV00558,2. Dönem (1996–2000),2. DÖNEM,346,Ağustos 1999,,,1999,Henri Cartier Bresson’un “Avrupalılar” Fotoğraf Sergisi’nin Açılışı (Pamukbank ile),Sergi,event,1,needs_review,
TV00559,2. Dönem (1996–2000),2. DÖNEM,347,30 Ağustos,1999-08-30,,1999,"Egebank Kurum Tarihi"" Projesinin Sabri Yetkin Yönetiminde Başlaması",Proje (Kurum Tarihi),project,1,verified,
TV00560,2. Dönem (1996–2000),2. DÖNEM,348,30 Ağustos,1999-08-30,,1999,"İnterbank Kurum Tarihi"" Yazımının Tamamlanması",Proje (Kurum Tarihi),project,1,verified,
TV00561,2. Dönem (1996–2000),2. DÖNEM,350,30 Ağustos,1999-08-30,,1999,Sami Nabi Özerdim Arşivinin Ahmet Yüksel Tarafından Bağışlanması,,organizational,,uncertain_category,
TV00562,2. Dönem (1996–2000),2. DÖNEM,350,30 Ağustos,1999-08-30,,1999,"Bilanço ’98  Dizisi: Mete Tunçay, 75 Yılda Düşünceler Tartışmalar",Yayın (Vakıf),publication,1,verified,
TV00563,2. Dönem (1996–2000),2. DÖNEM,351,30 Ağustos,1999-08-30,,1999,Toplumsal Tarih Dergisi 68. Sayı,Dergi (Toplumsal Tarih),publication,1,verified,
TV00564,2. Dönem (1996–2000),2. DÖNEM,354,7 Eylül,1999-09-07,,1999,Anadolu’da Yeni Binyıl Dönümü Projeleri’nin Cumhurbaşkanı’na Sunumu,Proje,project,1,verified,
TV00565,2. Dönem (1996–2000),2. DÖNEM,355,10-12 Eylül,1999-09-10,1999-09-12,1999,"""Yerel Tarih Grupları"" Eşgüdüm Atölyesi",Atölye,event,1,verified,
TV00566,2. Dönem (1996–2000),2. DÖNEM,356,23 Eylül,1999-09-23,,1999,Tarihçinin Mutfağı Konferans Dizisi: Kemal Karpat,Konferans/Söyleşi,event,1,verified,
TV00567,2. Dönem (1996–2000),2. DÖNEM,356,23 Eylül,1999-09-23,,1999,"Yurt  Elizabeth Zachariadou, Sol Kol – Metin Heper, İsmet İnönü, Yeni Bir Yorum Denemesi – Geza Davıd, 16. Yüzyılda Simontornya Sancağı",Yayın (Vakıf),publication,1,verified,
TV00568,2. Dönem (1996–2000),2. DÖNEM,357,23 Eylül,1999-09-23,,1999,Toplumsal Tarih Dergisi 69. Sayı “Özel Dosya: İktisadi Hayatın Türkleştirilmesi”,Dergi (Toplumsal Tarih),publication,1,verified,
TV00569,2. Dönem (1996–2000),2. DÖNEM,360,1-2 Ekim,1999-10-01,1999-10-02,1999,“Sendikalar ve Üniversiteler” Atölyesi (FES Desteği ile),Atölye,event,1,verified,
TV00570,2. Dönem (1996–2000),2. DÖNEM,361,6 Ekim,1999-10-06,,1999,75 Yıl Projeleri Bitiş Raporunun Cumhurbaşkanı’na Sunumu,Diğer Etkinlik,event,1,verified,
TV00571,2. Dönem (1996–2000),2. DÖNEM,362,10 Ekim,1999-10-10,,1999,"M. Ali Aybar Anısına “İnsan Hakları, İnsanlığa Karşı Suçlar ve Uluslararası Mahkemeler” Sempozyumu",Sempozyum,event,1,verified,
TV00572,2. Dönem (1996–2000),2. DÖNEM,363,12 Ekim,1999-10-12,,1999,Çanakkale Yerel Tarih Grubu Toplantısı,Diğer Etkinlik,event,1,verified,
TV00573,2. Dönem (1996–2000),2. DÖNEM,364,15-16 Ekim,1999-10-15,1999-10-16,1999,"""Doğu İle Batı’nın Kavşağında: Bankacılık, Ticaret ve Yatırımlar Kolokyumu"" (Osmanlı Bankası Tarihi Araştırma Merkezi ve Avrupa Bankacılık Tarihi Birliği ile)",Sempozyum,event,1,verified,
TV00574,2. Dönem (1996–2000),2. DÖNEM,365,17 Ekim,1999-10-17,,1999,Henri Cartier Bresson’un “Avrupalılar” Fotoğraf Sergisi’nin Kapanışı,Sergi,event,1,verified,
TV00575,2. Dönem (1996–2000),2. DÖNEM,366,21 Ekim,1999-10-21,,1999,Tarihçinin Mutfağı Konferans Dizisi: Suraiya Faroqhi,Konferans/Söyleşi,event,1,verified,
TV00576,2. Dönem (1996–2000),2. DÖNEM,367,21 Ekim,1999-10-21,,1999,Cenajans Kurum Tarihi Projesinin Ali Atıf Bir Yönetiminde Başlaması,Proje (Kurum Tarihi),project,1,verified,
TV00577,2. Dönem (1996–2000),2. DÖNEM,368,21 Ekim,1999-10-21,,1999,“Türkiye’de İşsizlik ve Yetersiz İş Gücü” Araştırmasının Tamamlanması,Proje (Diğer),project,1,verified,
TV00578,2. Dönem (1996–2000),2. DÖNEM,369,21 Ekim,1999-10-21,,1999,“Son Bin Yılın En Önemli 52 Olayı” Araştırmasının Tamamlanması,Proje (Diğer),project,1,verified,
TV00579,2. Dönem (1996–2000),2. DÖNEM,370,21 Ekim,1999-10-21,,1999,"“Cumhuriyet’in Çizgileri”, “Cumhuriyet’in Sofraları”, “Otomobil Uçar Gider”, “Başımızın Üstündeki Kimlikler Şapkalarımız”, “Evin İçi ve Mobilyaları”, “Çarşılar ve Müşterileri”, “Zamanlar, Mekanlar ve Mutfaklar”, “Cumhuriyet’in Radyolu Günleri”, “Paranın Önü Arkası”, “Unutulmayan Günler, Tatiller”, “Değişen Hayatlar, İnip Çıkan Ökçeler”, “Darülelhan’dan Konservatuar’a”, “Cumhuriyet’in 75. Yılında Müziğe Bakışlar” Belgesellerinin NTV’de gösterimi",Belgesel,publication,13,verified,
TV00580,2. Dönem (1996–2000),2. DÖNEM,371,21 Ekim,1999-10-21,,1999,Tarih Vakfı Web Sitesi Yapılandırma Çalışmalarının Başlaması,Web/Dijital,event,1,verified,
TV00581,2. Dönem (1996–2000),2. DÖNEM,372,21 Ekim,1999-10-21,,1999,Marmara Boğazları ve Belediyeler Birliği’nin Büyük Çaplı Arşiv Bağışı,,organizational,,uncertain_category,
TV00582,2. Dönem (1996–2000),2. DÖNEM,372,21 Ekim,1999-10-21,,1999,"Bilanço ’98  Dizisi: Gönül Paçacı (ed.), Cumhuriyet’in Sesleri",Yayın (Vakıf),publication,1,verified,
TV00583,2. Dönem (1996–2000),2. DÖNEM,373,21 Ekim,1999-10-21,,1999,"Yurt  Karen Barkey, Eşkiyalar ve Devlet – Stanley Lane Poole,  Lord Stratford Canning’in Türkiye Anıları – Paul Thompson, Geçmişin Sesi",Yayın (Vakıf),publication,1,verified,
TV00584,2. Dönem (1996–2000),2. DÖNEM,374,21 Ekim,1999-10-21,,1999,İstanbul Dergisi 31. Sayı: “İstanbul ve Deprem”,D_İstanbul Dergisi,publication,1,verified,
TV00585,2. Dönem (1996–2000),2. DÖNEM,375,21 Ekim,1999-10-21,,1999,Toplumsal Tarih Dergisi 70. Sayı,Dergi (Toplumsal Tarih),publication,1,verified,
TV00586,2. Dönem (1996–2000),2. DÖNEM,378,6-14 Kasım,1999-11-06,1999-11-14,1999,Tarih Vakfı TÜYAP Kitap Fuarı’nda,Fuar,event,1,verified,
TV00587,2. Dönem (1996–2000),2. DÖNEM,379,7 Kasım,1999-11-07,,1999,“Geçen Yüzyıl Dönümünde Osmanlı Aydınlanması” Paneli,Konferans/Söyleşi,event,1,verified,
TV00588,2. Dönem (1996–2000),2. DÖNEM,380,12-13 Kasım,1999-11-12,1999-11-13,1999,STK Sempozyumları VI: “17 Ağustos Depreminden STK’lar Olarak Neler Öğrendik”  (Bazı STK'lar ile),Sempozyum,event,1,verified,
TV00589,2. Dönem (1996–2000),2. DÖNEM,381,18 Kasım,1999-11-18,,1999,Tarihçinin Mutfağı Konferans Dizisi: Nevra Necipoğlu,Konferans/Söyleşi,event,1,verified,
TV00590,2. Dönem (1996–2000),2. DÖNEM,382,20-21 Kasım,1999-11-20,1999-11-21,1999,“Bilgi/İletişim Teknolojilerinin Kullanımı ve Sendikalar” Atölyesi (FES Desteği ile),Atölye,event,1,verified,
TV00591,2. Dönem (1996–2000),2. DÖNEM,383,20 Kasım,1999-11-20,,1999,“Çevremizdeki Tarih” ve “Cumhuriyet’in Aile Albümleri” Sergilerinin Ankara’da Açılışı,Sergi,event,2,verified,
TV00592,2. Dönem (1996–2000),2. DÖNEM,384,20 Kasım,1999-11-20,,1999,"""Tekel Kurum Tarihi"" Çalışmasının Tamamlanması",Proje (Kurum Tarihi),project,1,verified,
TV00593,2. Dönem (1996–2000),2. DÖNEM,384,20 Kasım,1999-11-20,,1999,"Engin Özendes, Türkiye'de Fotoğraf (Proje Kitabı)",Yayın (Vakıf),publication,1,verified,
TV00594,2. Dönem (1996–2000),2. DÖNEM,385,20 Kasım,1999-11-20,,1999,"Yurt  Leyla Neyzi, İstanbul’da Hatırlamak ve Unutmak – Yazıcıoğlu Ahmet Bican, Dürr-i Meknun. Saklı İnciler – Pinelopi Stathis, 19. Yüzyıl İstanbul’unda Gayrimüslimler",Yayın (Vakıf),publication,3,verified,
TV00595,2. Dönem (1996–2000),2. DÖNEM,386,20 Kasım,1999-11-20,,1999,Toplumsal Tarih Dergisi 71. Sayı,Dergi (Toplumsal Tarih),publication,1,verified,
TV00596,2. Dönem (1996–2000),2. DÖNEM,389,9-11 Aralık,1999-12-09,1999-12-11,1999,III. Tarih Kongresi: “Tarih Yazımı ve Müzecilikte Yeni Yaklaşımlar: Küreselleşme ve Yerelleşme”,Kongre,event,1,verified,
TV00597,2. Dönem (1996–2000),2. DÖNEM,390,12 Aralık,1999-12-12,,1999,“Çevremizdeki Tarih” ve “Cumhuriyet’in Aile Albümleri” Sergilerinin Ankara’da Kapanışı,Sergi,event,1,verified,
TV00598,2. Dönem (1996–2000),2. DÖNEM,391,18 Aralık,1999-12-18,,1999,Mercedes Vilanova ile Sohbet Toplantısı,Konferans/Söyleşi,event,1,verified,
TV00599,2. Dönem (1996–2000),2. DÖNEM,392,23 Aralık,1999-12-23,,1999,Tarihçinin Mutfağı Konferans Dizisi: Tülay Artan,Konferans/Söyleşi,event,1,verified,
TV00600,2. Dönem (1996–2000),2. DÖNEM,392,23 Aralık,1999-12-23,,1999,"Tarih Vakfı  Ahmet Lutfi Efendi, Vak'anüvis Ahmet Lutfi Efendi Tarihi(1-4) (YKY ile)",Yayın (Vakıf),publication,1,verified,
TV00601,2. Dönem (1996–2000),2. DÖNEM,393,23 Aralık,1999-12-23,,1999,"""La Farge Aslan Çimento Kurum Tarihi Çalışmasının Tamamlanması",Proje (Kurum Tarihi),project,1,verified,
TV00602,2. Dönem (1996–2000),2. DÖNEM,393,23 Aralık,1999-12-23,,1999,"Yurt  Mete Tunçay, Türkiye Cumhuriyeti’nde Tek Parti Yönetiminin Kurulması – Marian Kent, Osmanlı İmparatorluğu’nun Sonu ve Büyük Güçler",Yayın (Vakıf),publication,2,verified,
TV00603,2. Dönem (1996–2000),2. DÖNEM,394,23 Aralık,1999-12-23,,1999,Şaban Yıldız Arşivinin Varisleri Tarafından Bağışlanması,,organizational,,uncertain_category,
TV00604,2. Dönem (1996–2000),2. DÖNEM,394,23 Aralık,1999-12-23,,1999,Toplumsal Tarih Dergisi 72. Sayı,Dergi (Toplumsal Tarih),publication,1,verified,
TV00605,2. Dönem (1996–2000),2. DÖNEM,396,20 Ocak,2000-01-20,,2000,Tarihçinin Mutfağı Konferans Dizisi: Mehmet Genç,Konferans/Söyleşi,event,1,verified,
TV00606,2. Dönem (1996–2000),2. DÖNEM,397,22 Ocak,2000-01-22,,2000,Mersin Yerel Tarih Grubu Sözlü Tarih Toplantısı,Diğer Etkinlik,event,1,verified,
TV00607,2. Dönem (1996–2000),2. DÖNEM,398,22 Ocak,2000-01-22,,2000,Tarih Vakfı Web Sitesinde STK Bilgi Merkezi Veritabanının Açılması,Web/Dijital,event,1.0,verified,
TV00608,2. Dönem (1996–2000),2. DÖNEM,398,22 Ocak,2000-01-22,,2000,"Tarih Vakfı  Fatma Doğruel, Suut Doğruel, Osmanlı’dan Günümüze Tekel (Proje Kitabı)",Yayın (Vakıf),publication,1,verified,
TV00609,2. Dönem (1996–2000),2. DÖNEM,399,22 Ocak,2000-01-22,,2000,"Yurt  Christoph Neumann, Araç Tarih Amaç Tanzimat -  Tarih Vakfı  Edhem Eldem, Osmanlı Bankası Tarihi",Yayın (Vakıf),publication,2,verified,
TV00610,2. Dönem (1996–2000),2. DÖNEM,400,22 Ocak,2000-01-22,,2000,İstanbul Dergisi 32. Sayı: “Balık”,D_İstanbul Dergisi,publication,1,verified,
TV00611,2. Dönem (1996–2000),2. DÖNEM,401,22 Ocak,2000-01-22,,2000,Toplumsal Tarih Dergisi 73. Sayı “Özel Dosya: Türk Dostu Pierre Loti”,Dergi (Toplumsal Tarih),publication,1,verified,
TV00612,2. Dönem (1996–2000),2. DÖNEM,404,15 Şubat,2000-02-15,,2000,Osmanlıca Seminerleri’nin Anadolu Yakasında açılması,Seminer,event,1,verified,
TV00613,2. Dönem (1996–2000),2. DÖNEM,405,17 Şubat,2000-02-17,,2000,Alanya Yerel Tarih Grubu Toplantısı,Diğer Etkinlik,event,1,verified,
TV00614,2. Dönem (1996–2000),2. DÖNEM,406,17 Şubat,2000-02-17,,2000,Tarihçinin Mutfağı Konferans Dizisi: Uğur Tanyeli,Konferans/Söyleşi,event,1.0,verified,
TV00615,2. Dönem (1996–2000),2. DÖNEM,407,17 Şubat,2000-02-17,,2000,"""Cenajans Kurum Tarihi"" Çalışmasının Tamamlanması",Proje (Kurum Tarihi),project,1.0,verified,
TV00616,2. Dönem (1996–2000),2. DÖNEM,408,17 Şubat,2000-02-17,,2000,"""Basında Osmanlı Bankası, 1850-2000"" Projesinin Başlaması (Osmanlı Bankası ile)",Proje (Kurum Tarihi),project,1.0,verified,
TV00617,2. Dönem (1996–2000),2. DÖNEM,409,17 Şubat,2000-02-17,,2000,"Yurt  Dror Ze’evi, Kudüs: 17. Yüzyılda Bir Osmanlı Sancağında Toplum ve Ekonomi",Yayın (Vakıf),publication,1,verified,
TV00618,2. Dönem (1996–2000),2. DÖNEM,410,17 Şubat,2000-02-17,,2000,"Toplumsal Tarih Dergisi 74. Sayı ""Özel Dosya: Müzik Yazıları""",Dergi (Toplumsal Tarih),publication,1,verified,
TV00619,2. Dönem (1996–2000),2. DÖNEM,413,3 Mart,2000-03-03,,2000,Gaziantep Yerel Tarih Grubu Toplantısı,Diğer Etkinlik,event,1,verified,
TV00620,2. Dönem (1996–2000),2. DÖNEM,414,5 Mart,2000-03-05,,2000,Mardin Yerel Tarih Grubu Toplantısı,Diğer Etkinlik,event,1,verified,
TV00621,2. Dönem (1996–2000),2. DÖNEM,415,8-10 Mart,2000-03-08,2000-03-10,2000,Tarih Vakfı Kıbrıs Kitap Günlerinde,Fuar,event,1,verified,
TV00622,2. Dönem (1996–2000),2. DÖNEM,416,14-19 Mart,2000-03-14,2000-03-19,2000,Bilge Umar ile Kuzeybatı Karya Gezisi,Gezi,event,1,verified,
TV00623,2. Dönem (1996–2000),2. DÖNEM,417,14-19 Mart,2000-03-14,2000-03-19,2000,Sula Bozis ile Yunanistan Gezisi,Gezi,event,1,verified,
TV00624,2. Dönem (1996–2000),2. DÖNEM,418,23 Mart,2000-03-23,,2000,Tarihçinin Mutfağı Konferans Dizisi: Erol Tümertekin,Konferans/Söyleşi,event,1,verified,
TV00625,2. Dönem (1996–2000),2. DÖNEM,419,23 Mart,2000-03-23,,2000,"""Bankacılık ve Finans Tarihi Araştırma ve Yarışması"" Projesinin Başlaması (Osmanlı Bankası ile)",Yarışma,event,1,verified,
TV00626,2. Dönem (1996–2000),2. DÖNEM,420,23 Mart,2000-03-23,,2000,"""Anadolu'da Biranın Tarihi ve Efes Pilsen"" Projesinin Tamamlanması",Proje (Kurum Tarihi),project,1,verified,
TV00627,2. Dönem (1996–2000),2. DÖNEM,421,23 Mart,2000-03-23,,2000,Pertev Naili Boratav Arşivi’nin 1. Bölümünün Kullanıma Hazır Hale Getirilmesi ve Tarih Vakfı Web Sitesinde  Boratav Arşivi’nin Nantern Üniversitesi’ndeki Kısmının Dizininin Açılması,Arşiv Bağışı,organizational,1.0,verified,
TV00628,2. Dönem (1996–2000),2. DÖNEM,421,23 Mart,2000-03-23,,2000,"Tarih Vakfı  Pertev Naili Boratav, Halk Edebiyatları Dersleri - Murat Güvenç, Oğuz Işık, Emlak Bankası 1926-1998 (İngilizce Çeviri)",Yayın (Vakıf),publication,2,verified,
TV00629,2. Dönem (1996–2000),2. DÖNEM,422,23 Mart,2000-03-23,,2000,"Yurt  Dror Ze'evi, Kudüs 17. YY'da Bir Kudüs Sancağında Toplum ve Ekonomi, Çev. Serpil Çağlayan.",Yayın (Vakıf),publication,1,verified,
TV00630,2. Dönem (1996–2000),2. DÖNEM,423,23 Mart,2000-03-23,,2000,"Toplumsal Tarih Dergisi 75. Sayı ""Feminizm ve Kadın Tarihçiliği""",Dergi (Toplumsal Tarih),publication,1,verified,
TV00631,2. Dönem (1996–2000),2. DÖNEM,426,1 Nisan,2000-04-01,,2000,Ankara Üye Toplantısı,İç Toplantı,organizational,1,verified,
TV00632,2. Dönem (1996–2000),2. DÖNEM,427,7-8 Nisan,2000-04-07,2000-04-08,2000,“Türkiye’de Çevrenin ve Çevre Korumanın Tarihi” Sempozyumu (Heinrich Böll Vakfı ile),Sempozyum,event,1,verified,
TV00633,2. Dönem (1996–2000),2. DÖNEM,428,8-16 nisan,2000-04-08,2000-04-16,2000,Tarih Vakfı İzmir Kitap Fuarı’nda,Fuar,event,1,verified,
TV00634,2. Dönem (1996–2000),2. DÖNEM,429,20 Nisan,2000-04-20,,2000,Tarihçinin Mutfağı Konferans Dizisi: Paul Dumont,Konferans/Söyleşi,event,1,verified,
TV00635,2. Dönem (1996–2000),2. DÖNEM,430,20 Nisan,2000-04-20,,2000,Çanakkale Yerel Tarih Grubu “Toplumsal İletişim Yolu Olarak Müzeler” Toplantısı,Diğer Etkinlik,event,1,verified,
TV00636,2. Dönem (1996–2000),2. DÖNEM,431,22 Nisan,2000-04-22,,2000,Tarih Vakfı IV. Olağan Genel Kurulu,,organizational,,uncertain_category,
TV00637,2. Dönem (1996–2000),2. DÖNEM,432,25 Nisan,2000-04-25,,2000,Mersin Yerel Tarih Grubu Toplantısı,Diğer Etkinlik,event,1,verified,
TV00638,2. Dönem (1996–2000),2. DÖNEM,433,30 Nisan,2000-04-30,,2000,Nuri Akbayar ve Necdet Sakaoğlu ile İznik Gezisi,Gezi,event,1,verified,
TV00639,2. Dönem (1996–2000),2. DÖNEM,434,30 Nisan,2000-04-30,,2000,“Osmanlı’dan Günümüze Bankacılık ve İktisat Kitapları Bibliyografyası” Çalışmasının Ercan Güngöroğlu Yönetiminde Başlaması,Proje (Diğer),project,1,verified,
TV00640,2. Dönem (1996–2000),2. DÖNEM,435,30 Nisan,2000-04-30,,2000,“Bankalar Caddesi Sergisi” Çalışmalarının Başlaması,Proje,project,1,verified,
TV00641,2. Dönem (1996–2000),2. DÖNEM,436,30 Nisan,2000-04-30,,2000,“Egebank Arşiv Ön Araştırma”  Projesinin Fikret Yılmaz Yönetiminde Başlaması,Arşiv Bağışı,organizational,1,verified,
TV00642,2. Dönem (1996–2000),2. DÖNEM,437,30 Nisan,2000-04-30,,2000,“Toplumsal Tarih Dergisi Üniversite Öğrencileri Tarih Yarışması” Başvurularının Başlaması,Yarışma,event,1,verified,
TV00643,2. Dönem (1996–2000),2. DÖNEM,438,30 Nisan,2000-04-30,,2000,Tarih Vakfı Web Sitesinde E-Abonelik Servisinin Açılması,Web/Dijital,event,1.0,verified,
TV00644,2. Dönem (1996–2000),2. DÖNEM,438,30 Nisan,2000-04-30,,2000,"Yurt  William J. Grıswold, Anadolu’da Büyük İsyan (1591 – 1611)",Yayın (Vakıf),publication,1,verified,
TV00645,2. Dönem (1996–2000),2. DÖNEM,439,30 Nisan,2000-04-30,,2000,"Ali Atıf Bir, Kerem Ünüvar, Bir Reklam Ajansının Öyküsü, Cenajans Grey (Proje Kitabı)",Yayın (Yurt Yayınları),publication,1,verified,
TV00646,2. Dönem (1996–2000),2. DÖNEM,440,30 Nisan,2000-04-30,,2000,"Metin Berke, Selanik Bankası’ndan İnterbank’a 110 Yıllık Mazi (Proje Kitabı)",Yayın (Vakıf),publication,1,verified,
TV00647,2. Dönem (1996–2000),2. DÖNEM,441,30 Nisan,2000-04-30,,2000,"Yurt  Michael Balivet, Şeyh Bedrettin Tasavvuf ve İsyan (1591-1611)",Yayın (Vakıf),publication,1,verified,
TV00648,2. Dönem (1996–2000),2. DÖNEM,442,30 Nisan,2000-04-30,,2000,Yerel Tarih Bülteni Tarihçe’nin 1. Sayısının,Bülten,publication,1,verified,
TV00649,2. Dönem (1996–2000),2. DÖNEM,443,30 Nisan,2000-04-30,,2000,İstanbul Dergisi 33. Sayı: “Kent - Üniversite”,D_İstanbul Dergisi,publication,1,verified,
TV00650,2. Dönem (1996–2000),2. DÖNEM,444,30 Nisan,2000-04-30,,2000,Toplumsal Tarih Dergisi 76. Sayı,Dergi (Toplumsal Tarih),publication,1,verified,
TV00651,2. Dönem (1996–2000),2. DÖNEM,447,10 Mayıs,2000-05-10,,2000,"""Pertev Naili Boratav Arşivi Danışma Kurulu"" Toplantısı",Diğer Etkinlik,event,1,verified,
TV00652,2. Dönem (1996–2000),2. DÖNEM,448,18-21 Mayıs,2000-05-18,2000-05-21,2000,"Atilla Yücel, Bünyad Dinç ile Mardin-Midyat-Hasankeyf-Diyarbakır Gezisi",Gezi,event,1,verified,
TV00653,2. Dönem (1996–2000),2. DÖNEM,449,19-30 Mayıs,2000-05-19,2000-05-30,2000,“Taşın ve İnancın Şiiri Mardin” Fotoğraf Sergisinin Mardin’de Açılışı,Sergi,event,1,verified,
TV00654,2. Dönem (1996–2000),2. DÖNEM,450,20 Mayıs,2000-05-20,,2000,“Mardin Kentsel Koruma” Projesi Toplantısı – Atilla Yücel,Diğer Etkinlik,event,1,verified,
TV00655,2. Dönem (1996–2000),2. DÖNEM,451,25 Mayıs,2000-05-25,,2000,Tarihçinin Mutfağı Konferans Dizisi: Günkut Akın,Konferans/Söyleşi,event,1,verified,
TV00656,2. Dönem (1996–2000),2. DÖNEM,452,27-28 Mayıs,2000-05-27,2000-05-28,2000,Nuri Akbayar ve Necdet Sakaoğlu ile Edirne Gezisi,Gezi,event,1,verified,
TV00657,2. Dönem (1996–2000),2. DÖNEM,453,27-28 Mayıs,2000-05-27,2000-05-28,2000,Mehmet Tevfik Biren Arşivi’nin torunu Fatma Rezzan Hürmen Tarafından Bağışlanması,,organizational,,uncertain_category,
TV00658,2. Dönem (1996–2000),2. DÖNEM,453,27-28 Mayıs,2000-05-27,2000-05-28,2000,"Yurt  Michel Balivet, Şeyh Bedreddin Tasavvuf ve İsyan, Çev. Ela Güntekin.",Yayın (Vakıf),publication,1,verified,
TV00659,2. Dönem (1996–2000),2. DÖNEM,454,27-28 Mayıs,2000-05-27,2000-05-28,2000,"Tarih Vakfı  Pertev Naili Boratav, Tekerleme",Yayın (Vakıf),publication,1,verified,
TV00660,2. Dönem (1996–2000),2. DÖNEM,455,27-28 Mayıs,2000-05-27,2000-05-28,2000,Toplumsal Tarih Dergisi 77. Sayı,Dergi (Toplumsal Tarih),publication,1,verified,
TV00661,2. Dönem (1996–2000),2. DÖNEM,458,2-3 Haziran,2000-06-02,2000-06-03,2000,STK Sempozyumları VII: “AB Yolunda Türkiye’de STK-Devlet İlişkileri” (Bazı STK’lar ile),Sempozyum,event,1,verified,
TV00662,2. Dönem (1996–2000),2. DÖNEM,459,4 Haziran,2000-06-04,,2000,Nedim Gürsel ile Boğazkesen Gezisi,Gezi,event,1,verified,
TV00663,2. Dönem (1996–2000),2. DÖNEM,460,10-11 Haziran,2000-06-10,2000-06-11,2000,“Yerel Tarih Çalışmalarında Sözlü Tarih” Atölyesi – Gaziantep,Atölye,event,1,verified,
TV00664,2. Dönem (1996–2000),2. DÖNEM,461,14 Haziran,2000-06-14,,2000,"Barajlar ve Kültürel Miras İzleme Kurulu, Tarih Vakfı’nın eşgüdümünde, Mimarlar Odası, İnşaat Mühendisleri Odası, ICOMOS-Türkiye, Arkeologlar Derneği İstanbul Şubesi, Arkeoloji ve Sanat Dergisi ve Hasankeyf Kurtarma Komitesi tarafından kuruldu.",Diğer Etkinlik,event,1,verified,
TV00665,2. Dönem (1996–2000),2. DÖNEM,462,16 Haziran,2000-06-16,,2000,Ankara Yerel Tarih Grubu Toplantısı,Diğer Etkinlik,event,1,verified,
TV00666,2. Dönem (1996–2000),2. DÖNEM,463,22 Haziran,2000-06-22,,2000,Tarihçinin Mutfağı Konferans Dizisi: Zafer Toprak,Konferans/Söyleşi,event,1,verified,
TV00667,2. Dönem (1996–2000),2. DÖNEM,464,24-25 Haziran,2000-06-24,2000-06-25,2000,“Yerel Tarih Çalışmalarında Sözlü Tarih” Atölyesi - Mardin,Atölye,event,1,verified,
TV00668,2. Dönem (1996–2000),2. DÖNEM,465,24-25 Haziran,2000-06-24,2000-06-25,2000,“İş Bankası Kurum Tarihi” Projesinin Tamamlanması,Proje (Kurum Tarihi),project,1,verified,
TV00669,2. Dönem (1996–2000),2. DÖNEM,466,24-25 Haziran,2000-06-24,2000-06-25,2000,"""Egebank Arşiv Ön Araştırma"" Projesinin Tamamlanması",Proje (Kurum Tarihi),project,1,verified,
TV00670,2. Dönem (1996–2000),2. DÖNEM,467,24-25 Haziran,2000-06-24,2000-06-25,2000,Bedii Yazıcı Arşivinin Varisleri Tarafından Bağışlanması,,organizational,,uncertain_category,
TV00671,2. Dönem (1996–2000),2. DÖNEM,467,24-25 Haziran,2000-06-24,2000-06-25,2000,Arşiv,,chronology,1,uncertain_category,
TV00672,2. Dönem (1996–2000),2. DÖNEM,468,24-25 Haziran,2000-06-24,2000-06-25,2000,Tarih Vakfı Yurt  100. Kitaba Ulaşması,,organizational,,uncertain_category,
TV00673,2. Dönem (1996–2000),2. DÖNEM,468,24-25 Haziran,2000-06-24,2000-06-25,2000,Vakıf Yayınları ?,,chronology,1.0,uncertain_category,
TV00674,2. Dönem (1996–2000),2. DÖNEM,468,24-25 Haziran,2000-06-24,2000-06-25,2000,"Yurt  Bilmez Bülent Can, Demiryolundan Petrole Chester Projesi (1908-1923)",Yayın (Vakıf),publication,1,verified,
TV00675,2. Dönem (1996–2000),2. DÖNEM,469,24-25 Haziran,2000-06-24,2000-06-25,2000,Tarih Vakfı  Sivil Toplum Kuruluşları ve Yasalar-Etik-Deprem,Yayın (Vakıf),publication,1,verified,
TV00676,2. Dönem (1996–2000),2. DÖNEM,470,24-25 Haziran,2000-06-24,2000-06-25,2000,"Yurt  Georg G. Iggers, Bilimsel Nesnellikten Postmodernizme Yirminci Yüzyılda Tarih Yazımı – Pierre de Tchihatchef, İstanbul ve Boğaziçi -  Tarık Demirkan, Macar Turancıları – Claude Cahen, Osmanlılardan Önce Anadolu – Doğan Kuban, İstanbul Bir Kent Tarihi",Yayın (Vakıf),publication,1,verified,
TV00677,2. Dönem (1996–2000),2. DÖNEM,471,24-25 Haziran,2000-06-24,2000-06-25,2000,Tarih Vakfı  Yasalar-Etik-Deprem ve Sivil Toplum Kuruluşları.,Yayın (Vakıf),publication,1,verified,
TV00678,2. Dönem (1996–2000),2. DÖNEM,472,24-25 Haziran,2000-06-24,2000-06-25,2000,"New Perspectives On Turkey , Spring 2000",Dergi (NPT),publication,1,verified,
TV00679,2. Dönem (1996–2000),2. DÖNEM,473,24-25 Haziran,2000-06-24,2000-06-25,2000,Tarihçe 2. Sayı,Bülten,publication,1,verified,
TV00680,2. Dönem (1996–2000),2. DÖNEM,474,24-25 Haziran,2000-06-24,2000-06-25,2000,Toplumsal Tarih Dergisi 78. Sayı,Dergi (Toplumsal Tarih),publication,1,verified,
TV00681,2. Dönem (1996–2000),2. DÖNEM,476,1 Temmuz,2000-07-01,,2000,“Taşın ve İnancın Şiiri Mardin” Fotoğraf Sergisinin Açılışı – Darphane-i Amire,Sergi,event,1,verified,
TV00682,2. Dönem (1996–2000),2. DÖNEM,477,1 Temmuz,2000-07-01,,2000,“Yerel Tarih Bilinci ve Kültürel Sorumluluk” Paneli - Bursa,Konferans/Söyleşi,event,1,verified,
TV00683,2. Dönem (1996–2000),2. DÖNEM,477,1 Temmuz,2000-07-01,,2000,"Yurt  Claude Cahen, Osmanlılardan Önce Anadolu",Yayın (Vakıf),publication,1,verified,
TV00684,2. Dönem (1996–2000),2. DÖNEM,478,1 Temmuz,2000-07-01,,2000,"Yurt  Pierre de Tchihatchef, İstanbul ve Boğaziçi",Yayın (Vakıf),publication,1,verified,
TV00685,2. Dönem (1996–2000),2. DÖNEM,479,1 Temmuz,2000-07-01,,2000,"Yurt  Tarık Demirkan, Macar Turancıları",Yayın (Vakıf),publication,1,verified,
TV00686,2. Dönem (1996–2000),2. DÖNEM,480,1 Temmuz,2000-07-01,,2000,",",,chronology,,uncertain_category,
TV00687,2. Dönem (1996–2000),2. DÖNEM,480,1 Temmuz,2000-07-01,,2000,İstanbul Dergisi 34. Sayı: “Su”,D_İstanbul Dergisi,publication,1,verified,
TV00688,2. Dönem (1996–2000),2. DÖNEM,481,1 Temmuz,2000-07-01,,2000,Toplumsal Tarih Dergisi 79. Sayı: “Özel Dosya: Bankacılık ve Finans Tarihi”,Dergi (Toplumsal Tarih),publication,1,verified,
TV00689,2. Dönem (1996–2000),2. DÖNEM,484,4-6 Ağustos,2000-08-04,2000-08-06,2000,Ian Hodder ile Konya-Çatalhöyük Gezisi,Gezi,event,1,verified,
TV00690,2. Dönem (1996–2000),2. DÖNEM,485,11-20 Ağustos,2000-08-11,2000-08-20,2000,“17 Ağustos: Uyku ve Uyanış Etkinlikleri” – Darphane (40’a Yakın STK ile Birlikte),Diğer Etkinlik,event,1,verified,
TV00691,2. Dönem (1996–2000),2. DÖNEM,486,24-25 Ağustos,2000-08-24,2000-08-25,2000,“Yerel Tarih Çalışmalarında Sözlü Tarih” Atölyesi - Çanakkale,Atölye,event,1.0,verified,
TV00692,2. Dönem (1996–2000),2. DÖNEM,486,24-25 Ağustos,2000-08-24,2000-08-25,2000,"Tarih Vakfı  Suavi Aydın, Kudret Emiroğlu, Oktay Özel, Süha Ünsal, Mardin Aşiret, Devlet Cemaat",Diğer Etkinlik,publication,,verified,
TV00693,2. Dönem (1996–2000),2. DÖNEM,487,24-25 Ağustos,2000-08-24,2000-08-25,2000,Toplumsal Tarih Dergisi 80. Sayı,Dergi (Toplumsal Tarih),publication,1,verified,
TV00694,2. Dönem (1996–2000),2. DÖNEM,490,8 Eylül,2000-09-08,,2000,Güncelin Tarihi Konferans Dizisi: “Darülfünun Tasfiyesi” – Dr. Haldun Özen,Konferans/Söyleşi,event,1,verified,
TV00695,2. Dönem (1996–2000),2. DÖNEM,491,15-17 Eylül,2000-09-15,2000-09-17,2000,"Cem Çetintaş ile Bağbozumu (Tekirdağ, Şarköy, Mürefte) Gezisi",Gezi,event,1,verified,
TV00696,2. Dönem (1996–2000),2. DÖNEM,492,18-28 Eylül,2000-09-18,2000-09-28,2000,“Çantalar Elimizde: Çanakkale Cumhuriyet Öncesi Eğitim Yapıları” Sergisi – Çanakkale (Çanakkale Yerel Tarih Grubu ve Rockefeller Vakfı ile),Sergi,event,1,verified,
TV00697,2. Dönem (1996–2000),2. DÖNEM,493,19-24 Eylül,2000-09-19,2000-09-24,2000,"Kathilena Statkakou, Saba Altınsay ile Mübadele’ye Yolculuk: Merhaba Doğduğum Toprak (Girit) Gezisi",Gezi,event,1,verified,
TV00698,2. Dönem (1996–2000),2. DÖNEM,494,21-24 Eylül,2000-09-21,2000-09-24,2000,Prof. Dr. Mehmet Özdoğan ve Rifat Ergeç ile Urfa-Harran-Antep Gezisi,Gezi,event,1,verified,
TV00699,2. Dönem (1996–2000),2. DÖNEM,495,24 Eylül,2000-09-24,,2000,Barajlar ve Tarihi Miras Toplantısı – Gaziantep [İŞBİRLİĞİ VAR MI?],Diğer Etkinlik,event,1,verified,
TV00700,2. Dönem (1996–2000),2. DÖNEM,496,26 Eylül,2000-09-26,,2000,“Merhaba Atina/Here İstanbul” Sergisinin Açılışı – [Pamukbank İle],Sergi,event,1,verified,
TV00701,2. Dönem (1996–2000),2. DÖNEM,497,26 Eylül,2000-09-26,,2000,BBM’nde Yunanca Seminerlerinin Başlaması,Seminer,event,1,verified,
TV00702,2. Dönem (1996–2000),2. DÖNEM,497,26 Eylül,2000-09-26,,2000,"Yurt  Carlo M. Cippola, Neşeli Öyküler",Yayın (Vakıf),publication,1,verified,
TV00703,2. Dönem (1996–2000),2. DÖNEM,499,26 Eylül,2000-09-26,,2000,Tarihçe 3. Sayı,çift******* olarak kaydedilmiş ancak diğerinin nerede olduğunu bulamadım.,publication,,verified,
TV00704,2. Dönem (1996–2000),2. DÖNEM,500,26 Eylül,2000-09-26,,2000,"Toplumsal Tarih 81. Sayı, “İstanbul’u Sarsan Gece: 6/7 Eylül 1955”",Dergi (Toplumsal Tarih),publication,1,verified,
TV00705,2. Dönem (1996–2000),2. DÖNEM,503,4 Ekim,2000-10-04,,2000,Güncelin Tarihi Konferans Dizisi – Ankara (Mülkiyeliler Birliği ile) KİM?????,Konferans/Söyleşi,event,1,verified,
TV00706,2. Dönem (1996–2000),2. DÖNEM,504,7 Ekim,2000-10-07,,2000,“Zeugma Yalnız Değil” Toplantısı – Darphane (Barajlar ve Kültürel Miras STK İzleme Kurulu),Diğer Etkinlik,event,1,verified,
TV00707,2. Dönem (1996–2000),2. DÖNEM,505,8 Ekim,2000-10-08,,2000,M. Ali Aybar Anısına “Türkiye’de Anayasayı Değiştirme Çabaları” Sempozyumu,Sempozyum,event,1,verified,
TV00708,2. Dönem (1996–2000),2. DÖNEM,506,13-14 Ekim,2000-10-13,2000-10-14,2000,Yerel Tarih Grupları Değerlendirme Toplantısı,Diğer Etkinlik,event,1,verified,
TV00709,2. Dönem (1996–2000),2. DÖNEM,507,19 Ekim,2000-10-19,,2000,Tarihçinin Mutfağı Konferans Dizisi: Çağlar Keyder,Konferans/Söyleşi,event,1,verified,
TV00710,2. Dönem (1996–2000),2. DÖNEM,508,26 Ekim,2000-10-26,,2000,“Bankalar Caddesi: Osmanlıdan Günümüze Voyvoda Caddesi” Sergisinin Açılışı – Osmanlı Bankası Eski Genel Müdürlüğü (Osmanlı Bankası Tarihi Araştırma Merkezi ile),Sergi,event,1,verified,
TV00711,2. Dönem (1996–2000),2. DÖNEM,509,26-29 Ekim,2000-10-26,2000-10-29,2000,Esra Danacıoğlu ile Mardin-Midyat-Hasankeyf-Diyarbakır Gezisi,Gezi,event,1,verified,
TV00712,2. Dönem (1996–2000),2. DÖNEM,510,28 Ekim,2000-10-28,,2000,Afet İnan Ödül Töreni (İnan Ailesi ile) - Ankara,Yarışma,event,1,verified,
TV00713,2. Dönem (1996–2000),2. DÖNEM,511,28 Ekim,2000-10-28,,2000,“Merhaba Atina / Here İstanbul” Sergisinin Kapanışı,Sergi,event,1.0,verified,
TV00714,2. Dönem (1996–2000),2. DÖNEM,511,28 Ekim,2000-10-28,,2000,"Yurt  David E. Kyvig, Myron A. Marty, Yanıbaşımızdaki Tarih – Sami Zubaida, Richard Tapper, Ortadoğu Mutfak Kültürleri",Yayın (Yurt Yayınları),publication,2,verified,
TV00715,2. Dönem (1996–2000),2. DÖNEM,512,28 Ekim,2000-10-28,,2000,"Hacer Ansal, Emek Piyasasının Yapısı",Yayın (Vakıf),publication,1,verified,
TV00716,2. Dönem (1996–2000),2. DÖNEM,514,28 Ekim,2000-10-28,,2000,"Yurt  Sami Zubaida, Richard Tapper, Ortadoğu Mutfak Kültürleri",Yayın (Vakıf),publication,1,verified,
TV00717,2. Dönem (1996–2000),2. DÖNEM,516,28 Ekim,2000-10-28,,2000,"Tarih Vakfı  E. Füsun Alioğlu, Mardin Şehir Dokusu ve Evler – Kemal Giray, Çağatay Anadol (ed), Osmanlı Sahra Postaları – Zeynep Boratav (ed.)Türkiye'de Çevrenin ve Çevre Korumanın Tarihi",Yayın (Vakıf),publication,1,verified,
TV00718,2. Dönem (1996–2000),2. DÖNEM,517,28 Ekim,2000-10-28,,2000,"Yurt  Stefanos Yerasimos, İstanbul İmparatorluklar Başkenti - Murat Özyüksel, Hicaz Demiryolu – Peter Brown, Geç Antikçağda Roma ve Bizans Dünyası – Aydın Babuna, Bir Ulusun Doğuşu: Geçmişten Günümüze Boşnaklar – Ahmet Refik Altınay, Kadınlar Saltanatı I, II – Sula Bozis, İstanbul Lezzeti, İstanbullu Rumların Mutfak Kültürü - Renee Hirschon, Mübadele Çocukları",Yayın (Vakıf),publication,1,verified,
TV00719,2. Dönem (1996–2000),2. DÖNEM,518,28 Ekim,2000-10-28,,2000,İstanbul Dergisi 35. Sayı: “Şehir Merkezi”,D_İstanbul Dergisi,publication,1,verified,
TV00720,2. Dönem (1996–2000),2. DÖNEM,519,28 Ekim,2000-10-28,,2000,Toplumsal Tarih Dergisi 82. Sayı,Dergi (Toplumsal Tarih),publication,1,verified,
TV00721,2. Dönem (1996–2000),2. DÖNEM,522,1 Kasım,2000-11-01,,2000,Güncelin Tarihi Konferans Dizisi: “Osmanlı Döneminde Filistinliler ve Yahudiler” – Akşin Somel,Konferans/Söyleşi,event,1,verified,
TV00722,2. Dönem (1996–2000),2. DÖNEM,523,4 Kasım,2000-11-04,,2000,“Bankalar Caddesi ve Şehrin Odağının Hareketi” – İhsan Bilgin (Osmanlı Bankası Tarihi Araştırma Merkezi ile),Konferans/Söyleşi,event,1,verified,
TV00723,2. Dönem (1996–2000),2. DÖNEM,524,11 Kasım,2000-11-11,,2000,“İstanbul: Kent Mekanı ve Kent İmgesi Değişmeleri” – Atilla Yücel - (Osmanlı Bankası Tarihi Araştırma Merkezi ile),Konferans/Söyleşi,event,1,verified,
TV00724,2. Dönem (1996–2000),2. DÖNEM,525,13 Kasım,2000-11-13,,2000,“Tarih Ölümü Nasıl Okur?” Konferansı – Edhem Eldem – Eyüboğlu Lisesi,Konferans/Söyleşi,event,1,verified,
TV00725,2. Dönem (1996–2000),2. DÖNEM,526,17 Kasım,2000-11-17,,2000,Tarihçinin Mutfağı Konferans Dizisi: Mehmet Özdoğan,Konferans/Söyleşi,event,1,verified,
TV00726,2. Dönem (1996–2000),2. DÖNEM,527,25 Kasım,2000-11-25,,2000,“Sözlü Tarih Tanıkları İle Buluşma” Paneli (Osmanlı Bankası Tarihi Araştırma Merkezi ile),Konferans/Söyleşi,event,1,verified,
TV00727,2. Dönem (1996–2000),2. DÖNEM,527,25 Kasım,2000-11-25,,2000,"Yurt  Murat Özyüksel, Hicaz Demiryolu",Yayın (Yurt Yayınları),publication,1,verified,
TV00728,2. Dönem (1996–2000),2. DÖNEM,528,25 Kasım,2000-11-25,,2000,"Yurt  Aydın Babuna, Bir Ulusun Doğuşu Geçmişten Günümüze Boşnaklar, Çev. Serpil Çağlayan",Yayın (Yurt Yayınları),publication,1,verified,
TV00729,2. Dönem (1996–2000),2. DÖNEM,529,25 Kasım,2000-11-25,,2000,"Yurt  Renée Hirschon, Mübadele Çocukları, Çev. Serpil Çağlayan",Yayın (Yurt Yayınları),publication,1,verified,
TV00730,2. Dönem (1996–2000),2. DÖNEM,530,25 Kasım,2000-11-25,,2000,"Yurt  Peter Brown, Geç Antikçağ'da Romave Bizans Dünyası, Çev. Turhan Kaçar",Yayın (Yurt Yayınları),publication,1,verified,
TV00731,2. Dönem (1996–2000),2. DÖNEM,531,25 Kasım,2000-11-25,,2000,"Yurt  Sula Bozis, İstanbul Lezzeti: İstanbullu Rumların Mutfak Kültürü",Yayın (Yurt Yayınları),publication,1,verified,
TV00732,2. Dönem (1996–2000),2. DÖNEM,532,25 Kasım,2000-11-25,,2000,"Yurt  Tarihe Yolculuk Dizisi, Ahmet Refik Altınay, Kadınlar Saltanatı 1, Kadınlar Saltanatı 2",Yayın (Yurt Yayınları),publication,3,verified,
TV00733,2. Dönem (1996–2000),2. DÖNEM,534,25 Kasım,2000-11-25,,2000,Tarihçe 4. Sayı,Bülten,publication,1,verified,
TV00734,2. Dönem (1996–2000),2. DÖNEM,535,25 Kasım,2000-11-25,,2000,"Toplumsal Tarih Dergisi 83. Sayı: ""Kemalist Devrimler Şapka ve Yeni Yazı""",Dergi (Toplumsal Tarih),publication,1,verified,
TV00735,2. Dönem (1996–2000),2. DÖNEM,539,2-3 Aralık,2000-12-02,2000-12-03,2000,“Tarih Eğitiminin Yeniden Yapılandırılması” Atölyesi – ODTÜ Kongre Merkezi (ODTÜ Tarih ve Eğitim Bölümleri ile),Atölye,event,1,verified,
TV00736,2. Dönem (1996–2000),2. DÖNEM,540,9 Aralık,2000-12-09,,2000,“Mimar Vallauri Üzerine Söyleşi” – Afife Batur - (Osmanlı Bankası Tarihi Araştırma Merkezi ile),Konferans/Söyleşi,event,1,verified,
TV00737,2. Dönem (1996–2000),2. DÖNEM,541,14 Aralık,2000-12-14,,2000,"""Gençler Tarih Yazıyor Yarışması"" Ödül Töreni",Ödül/Ödül Töreni,event,1,verified,
TV00738,2. Dönem (1996–2000),2. DÖNEM,542,16-17 Aralık,2000-12-16,2000-12-17,2000,STK Sempozyumları VIII: “Türkiye-AB Bütünleşmesinde STKların Rolü” (Bazı STK’lar ile),Sempozyum,event,1,verified,
TV00739,2. Dönem (1996–2000),2. DÖNEM,543,21 Aralık,2000-12-21,,2000,Tarihçinin Mutfağı Konferans Dizisi: Cemil Koçak,Konferans/Söyleşi,event,1,verified,
TV00740,2. Dönem (1996–2000),2. DÖNEM,544,21 Aralık,2000-12-21,,2000,“Osmanlı’dan Günümüze Bankacılık ve İktisat Kitapları Bibliyografyası” Çalışmasının Tamamlanması,Proje (Diğer),project,1.0,verified,
TV00741,2. Dönem (1996–2000),2. DÖNEM,544,21 Aralık,2000-12-21,,2000,"Tarih Vakfı  Jacques Pervititch, Sigorta Haritalarında İstanbul (Proje Kitabı) - il - Tarih Öğretiminin Yeniden Yapılandırılması",Yayın (Vakıf),publication,2,verified,
TV00742,2. Dönem (1996–2000),2. DÖNEM,545,21 Aralık,2000-12-21,,2000,"Yurt  Madeline C. Zilfi, Modernleşme Eşiğinde Osmanlı Kadınları",Yayın (Vakıf),publication,1,verified,
TV00743,2. Dönem (1996–2000),2. DÖNEM,546,21 Aralık,2000-12-21,,2000,"New Perspectives On Turkey, Fall 2000",Dergi (NPT),publication,1,verified,
TV00744,2. Dönem (1996–2000),2. DÖNEM,547,21 Aralık,2000-12-21,,2000,Toplumsal Tarih Dergisi 84. Sayı,Dergi (Toplumsal Tarih),publication,1,verified,
TV00745,2. Dönem (1996–2000),2. DÖNEM,549,21 Aralık,2000-12-21,,2000,"Selim Deringil, Denge Oyunu İkinci dünya Savaşı'nda Türkiye'nin Dış Politikası",Yayın (Yurt Yayınları),publication,1,verified,
TV00746,2. Dönem (1996–2000),2. DÖNEM,550,21 Aralık,2000-12-21,,2000,"Oya Köymen (Ed.), Tarih Eğitimine Eleştirel Yaklaşımlar, Avrupalı-Türkiyeli Tarih Eğitimcileri Buluşması Ekim 2001- Kasım 2002",Yayın (Yurt Yayınları),publication,1,verified,
TV00747,2. Dönem (1996–2000),2. DÖNEM,551,21 Aralık,2000-12-21,,2000,"Murat Belge, İstanbul Gezi Rehberi",Yayın (Vakıf),publication,1,verified,
TV00748,2. Dönem (1996–2000),2. DÖNEM,553,21 Aralık,2000-12-21,,2000,Toplumsal Tarih Dergisi 111. Sayı: “Çanakkale 1915”; 32 sayfalık Avrupa Bölümü’nin başlaması,Dergi (Toplumsal Tarih),publication,1,verified,
TV00749,3. Dönem (2001–2005),3. DÖNEM,3,13 Ocak,2001-01-13,,2001,“Voyvoda’dan Adem Yavuz’a” - Sema Erder  - (Osmanlı Bankası Tarihi Araştırma Merkezi ile),Konferans/Söyleşi,event,1,verified,
TV00750,3. Dönem (2001–2005),3. DÖNEM,4,18 Ocak,2001-01-18,,2001,Tarihçinin Mutfağı Konferans Dizisi: Murat Özyüksel,Konferans/Söyleşi,event,1,verified,
TV00751,3. Dönem (2001–2005),3. DÖNEM,5,26-28 Ocak,2001-01-26,2001-01-28,2001,“Bankalar Caddesi Örneğinde İstanbul’da Sosyal-Kültürel-Ekonomik Gelişim” Atölyesi (Osmanlı Bankası Tarihi Araştırma Merkezi ve Mimar Sinan Üniversitesi ile),Atölye,event,1,verified,
TV00752,3. Dönem (2001–2005),3. DÖNEM,6,27-28 Ocak,2001-01-27,2001-01-28,2001,Nuri Akbayar ile İznik-Bilecik-Söğüt-Mudurnu-Göynük Gezisi,Gezi,event,1.0,verified,
TV00753,3. Dönem (2001–2005),3. DÖNEM,6,27-28 Ocak,2001-01-27,2001-01-28,2001,"Yurt  Jacques Perot, Frederic Hitzel, Robert Anhegger, Hatice Sultan ile Melling Kalfa-Mektuplar",Yayın (Yurt Yayınları),publication,1,verified,
TV00754,3. Dönem (2001–2005),3. DÖNEM,7,27-28 Ocak,2001-01-27,2001-01-28,2001,Türk Hava Yolları’nın 2001 Yılı İçin Tarih Vakfı’nın Kurumsal Destekçisi Olması,,organizational,,uncertain_category,
TV00755,3. Dönem (2001–2005),3. DÖNEM,7,27-28 Ocak,2001-01-27,2001-01-28,2001,İstanbul Dergisi 36. Sayı: “Ankara-İstanbul”,D_İstanbul Dergisi,publication,1,verified,
TV00756,3. Dönem (2001–2005),3. DÖNEM,8,27-28 Ocak,2001-01-27,2001-01-28,2001,"Toplumsal Tarih Dergisi 85. Sayı, “Karadeniz’de Doğa ve Tarih”",Dergi (Toplumsal Tarih),publication,1,verified,
TV00757,3. Dönem (2001–2005),3. DÖNEM,9,27-28 Ocak,2001-01-27,2001-01-28,2001,İzahlı Türk Şiiri Antolojisi Boratav Arşivinden,Yayın (Vakıf),publication,1,verified,
TV00758,3. Dönem (2001–2005),3. DÖNEM,10,27-28 Ocak,2001-01-27,2001-01-28,2001,Zeugma Yalnız Değil Türkiye'de Barajlar ve Kültürel Miras,Yayın (Yurt Yayınları),publication,1,verified,
TV00759,3. Dönem (2001–2005),3. DÖNEM,11,27-28 Ocak,2001-01-27,2001-01-28,2001,Tarih Yazımında Yeni Yaklaşımlar Kürselleşme ve Yerelleşme,Yayın (Vakıf),publication,1,verified,
TV00760,3. Dönem (2001–2005),3. DÖNEM,12,27-28 Ocak,2001-01-27,2001-01-28,2001,Müzecilikte Yeni Yaklaşımlar Küreselleşme ve Yerelleşme,Yayın (Vakıf),publication,1,verified,
TV00761,3. Dönem (2001–2005),3. DÖNEM,14,1 Şubat,2001-02-01,,2001,Güncelin Tarihi Konferans Dizisi: “Osmanlı’da Zaptiye Teşkilatı” – Musa Çadırcı - Ankara,Konferans/Söyleşi,event,1,verified,
TV00762,3. Dönem (2001–2005),3. DÖNEM,15,11 Şubat,2001-02-11,,2001,“Bankalar Caddesi” Sergisinin Kapanışı,Sergi,event,1,verified,
TV00763,3. Dönem (2001–2005),3. DÖNEM,16,15 Şubat,2001-02-15,,2001,Mersin Yerel Tarih Grubu Toplantısı,Diğer Etkinlik,event,1,verified,
TV00764,3. Dönem (2001–2005),3. DÖNEM,17,15 Şubat,2001-02-15,,2001,Tarihçinin Mutfağı Konferans Dizisi: Ara Altun,Konferans/Söyleşi,event,1,verified,
TV00765,3. Dönem (2001–2005),3. DÖNEM,18,17-18 Şubat,2001-02-17,2001-02-18,2001,“Yerel Tarih Çalışmalarında Sözlü Tarih” Atölyesi – Antakya,Diğer Etkinlik,event,1,verified,
TV00766,3. Dönem (2001–2005),3. DÖNEM,19,24-25 Şubat,2001-02-24,2001-02-25,2001,Nuri Akbayar ile “İlk Başkent Bursa Gezisi”,Gezi,event,1,verified,
TV00767,3. Dönem (2001–2005),3. DÖNEM,19,24-25 Şubat,2001-02-24,2001-02-25,2001,"Madeline C. Zilfi, Modernleşmenin Eşiğinde Osmanlı Kadınları",Yayın (Yurt Yayınları),publication,1,verified,
TV00768,3. Dönem (2001–2005),3. DÖNEM,20,24-25 Şubat,2001-02-24,2001-02-25,2001,"Sabri Yetkin, Erkan Serçe, Egebank Tarihi",Yayın (Vakıf),publication,1,verified,
TV00769,3. Dönem (2001–2005),3. DÖNEM,21,24-25 Şubat,2001-02-24,2001-02-25,2001,"Yurt  Ahmet Refik Altınay, Sultan Cem",Yayın (Yurt Yayınları),publication,1,verified,
TV00770,3. Dönem (2001–2005),3. DÖNEM,22,24-25 Şubat,2001-02-24,2001-02-25,2001,Toplumsal Tarih Dergisi 86. Sayı,Dergi (Toplumsal Tarih),publication,1,verified,
TV00771,3. Dönem (2001–2005),3. DÖNEM,24,15 Mart,2001-03-15,,2001,Tarihçinin Mutfağı Konferans Dizisi: Baha Tanman,Konferans/Söyleşi,event,1,verified,
TV00772,3. Dönem (2001–2005),3. DÖNEM,25,24-25 Mart,2001-03-24,2001-03-25,2001,Nuri Akbayar ile “İkinci Başkent Edirne Gezisi”,Gezi,event,1,verified,
TV00773,3. Dönem (2001–2005),3. DÖNEM,26,29-31 Mart,2001-03-29,2001-03-31,2001,Ünye Yerel Tarih Grubu Toplantısı,Diğer Etkinlik,event,1,verified,
TV00774,3. Dönem (2001–2005),3. DÖNEM,26,29-31 Mart,2001-03-29,2001-03-31,2001,"Jacques Perot, Frederic Hitzel, Robert Anhegger, Hatice Sultan ve Mellling Kalfa Mektuplar",Yayın (Yurt Yayınları),publication,1,verified,
TV00775,3. Dönem (2001–2005),3. DÖNEM,27,29-31 Mart,2001-03-29,2001-03-31,2001,"Ahmet Refik Altınay, Sultan Cem",Yayın (Yurt Yayınları),publication,,verified,
TV00776,3. Dönem (2001–2005),3. DÖNEM,28,29-31 Mart,2001-03-29,2001-03-31,2001,"Yurt  Doland M. Nicol, Bizansın Soylu Kadınları",Yayın (Yurt Yayınları),publication,,verified,
TV00777,3. Dönem (2001–2005),3. DÖNEM,29,29-31 Mart,2001-03-29,2001-03-31,2001,"Toplumsal Tarih Dergisi 87. Sayı, “Kadın Yazıları”",Dergi (Toplumsal Tarih),publication,1,verified,
TV00778,3. Dönem (2001–2005),3. DÖNEM,31,7 Nisan,2001-04-07,,2001,“Fotoğrafın Tarihsel Belge Olarak Anlamı” Konferansı – Prof. Dr. Klaus Tenfelde,Konferans/Söyleşi,event,1,verified,
TV00779,3. Dönem (2001–2005),3. DÖNEM,32,5-8 Nisan,2001-04-05,2001-04-08,2001,“Taşın ve İnancın Şiiri Mardin” ve “Merhaba Atina/Here İstanbul Sergilerinin TÜYAP Beylikdüzü’nde Açılması,Sergi,event,2,verified,
TV00780,3. Dönem (2001–2005),3. DÖNEM,33,19 Nisan,2001-04-19,,2001,Tarihçinin Mutfağı Konferans Dizisi: Ahmet Kuyaş,Konferans/Söyleşi,event,1,verified,
TV00781,3. Dönem (2001–2005),3. DÖNEM,34,20-23 Nisan,2001-04-20,2001-04-23,2001,Esra Danacıoğlu ile Antep-Nemrut-Urfa-Mardin-Hasankeyf Gezisi,Gezi,event,1,verified,
TV00782,3. Dönem (2001–2005),3. DÖNEM,35,20-23 Nisan,2001-04-20,2001-04-23,2001,İnci Türkoğlu ile Mardin Gezisi,Gezi,event,1,verified,
TV00783,3. Dönem (2001–2005),3. DÖNEM,36,28-30 Nisan,2001-04-28,2001-04-30,2001,Antakya Yerel Tarih Grubu Toplantısı,Diğer Etkinlik,event,1,verified,
TV00784,3. Dönem (2001–2005),3. DÖNEM,37,28-29 Nisan,2001-04-28,2001-04-29,2001,Nuri Akbayar ile İznik-Bilecik-Söğüt-Mudurnu Gezisi,Gezi,event,1,verified,
TV00785,3. Dönem (2001–2005),3. DÖNEM,38,29 Nisan,2001-04-29,,2001,Kilis Yerel Tarih Grubu Toplantısı,Diğer Etkinlik,event,1,verified,
TV00786,3. Dönem (2001–2005),3. DÖNEM,38,29 Nisan,2001-04-29,,2001,"Donald M. Nicol, Bizans'ın Soylu Kadınları On Protre, 1250-1500, Çev. Özden Arıkan",Yayın (Yurt Yayınları),publication,1,verified,
TV00787,3. Dönem (2001–2005),3. DÖNEM,39,29 Nisan,2001-04-29,,2001,“Balkan Tarih Ders Kitaplarının İyileştirilmesi” Projesinin Başlaması,Proje (Diğer),publication,1,verified,
TV00788,3. Dönem (2001–2005),3. DÖNEM,40,29 Nisan,2001-04-29,,2001,"Yurt  Stephen Caunce, Sözlü Tarih ve Yerel Tarihçi",Yayın (Yurt Yayınları),publication,1,verified,
TV00789,3. Dönem (2001–2005),3. DÖNEM,41,29 Nisan,2001-04-29,,2001,Tarihçe 5. Sayı,Bülten,publication,1,verified,
TV00790,3. Dönem (2001–2005),3. DÖNEM,42,29 Nisan,2001-04-29,,2001,Toplumsal Tarih 88. Sayı,Dergi (Toplumsal Tarih),publication,1,verified,
TV00791,3. Dönem (2001–2005),3. DÖNEM,43,29 Nisan,2001-04-29,,2001,İstanbul Dergisi 37. Sayı: “İstanbul'un Kapıları”,D_İstanbul Dergisi,publication,1,verified,
TV00792,3. Dönem (2001–2005),3. DÖNEM,45,12 Mayıs,2001-05-12,,2001,“Yerel Tarih Çalışmalarında Sözlü Tarih” Atölyesi -Konya,Diğer Etkinlik,event,1,verified,
TV00793,3. Dönem (2001–2005),3. DÖNEM,46,14-15 Mayıs,2001-05-14,2001-05-15,2001,“Tarih Öğrencileri Kongresi”  - ODTÜ Kongre Merkezi (ODTÜ ve ODTÜ Tarih Bölümü ile),Kongre,event,1,verified,
TV00794,3. Dönem (2001–2005),3. DÖNEM,47,17 Mayıs,2001-05-17,,2001,Tarihçinin Mutfağı Konferans Dizisi: Zeynep Ahunbay,Konferans/Söyleşi,event,1,verified,
TV00795,3. Dönem (2001–2005),3. DÖNEM,48,27 Mayıs,2001-05-27,,2001,Ünye Yerel Tarih Grubu Toplantısı - Darphane,Diğer Etkinlik,event,1,verified,
TV00796,3. Dönem (2001–2005),3. DÖNEM,49,27 Mayıs,2001-05-27,,2001,“Adım Adım Mardin Rehber Kitap” Projesi Çalışmasının Başlaması,Proje (Diğer),project,1,verified,
TV00797,3. Dönem (2001–2005),3. DÖNEM,50,27 Mayıs,2001-05-27,,2001,“Sanal İstanbul Müzesi” Çalışmalarının Bülent Özden Yönetiminde Başlaması,Proje (Diğer),project,1,verified,
TV00798,3. Dönem (2001–2005),3. DÖNEM,50,27 Mayıs,2001-05-27,,2001,"Stephen Caunce, Sözlü Tarih ve Yerel Tarihçi, Çev. Bilmez Bülent Can, Alper Yalçınkaya",Yayın (Yurt Yayınları),publication,1,verified,
TV00799,3. Dönem (2001–2005),3. DÖNEM,51,27 Mayıs,2001-05-27,,2001,"Tarih Vakfı  Pertev Naili Boratav, Uçar Leyli – STK Sempozyumları Dizisi: Avrupa Birliği Devlet ve STK'lar - Ali Akyıldız, Osmanlı Dönemi Tahvil ve Hisse Senetleri",Yayın (Vakıf),publication,3,verified,
TV00800,3. Dönem (2001–2005),3. DÖNEM,52,27 Mayıs,2001-05-27,,2001,Toplumsal Tarih 89. Sayı,Dergi (Toplumsal Tarih),publication,1,verified,
TV00801,3. Dönem (2001–2005),3. DÖNEM,54,2 Haziran,2001-06-02,,2001,“Yerel Tarih Çalışmalarında Sözlü Tarih” Atölyesi - Kilis,Diğer Etkinlik,event,1,verified,
TV00802,3. Dönem (2001–2005),3. DÖNEM,55,2-3 Haziran,2001-06-02,2001-06-03,2001,"STK Sempozyumları IX: “Sivil Toplum Kuruluşlarında Örgüt İçi Demokrasi, Katılım ve Gönüllülük” (Bazı STK’lar ile)",Sempozyum,event,1,verified,
TV00803,3. Dönem (2001–2005),3. DÖNEM,56,8-10 Haziran,2001-06-08,2001-06-10,2001,Mardin Yerel Tarih Grubu Toplantısı,Diğer Etkinlik,event,1,verified,
TV00804,3. Dönem (2001–2005),3. DÖNEM,57,15-16 Haziran,2001-06-15,2001-06-16,2001,Kayseri Yerel Tarih Grubu Toplantısı,Diğer Etkinlik,event,1,verified,
TV00805,3. Dönem (2001–2005),3. DÖNEM,58,16-17 Haziran,2001-06-16,2001-06-17,2001,“Balkan Tarih Ders Kitaplarının İyileştirilmesi” Projesi Uluslararası Planlama Atölyesi,Atölye,event,1,verified,
TV00806,3. Dönem (2001–2005),3. DÖNEM,59,21-24 Haziran,2001-06-21,2001-06-24,2001,Oktay Belli ile Kars-Van-Doğu Beyazıt Gezisi,Gezi,event,1,verified,
TV00807,3. Dönem (2001–2005),3. DÖNEM,60,23 Haziran,2001-06-23,,2001,“Tabularımız ve Tarihçiliğimiz” Atölyesi,Atölye,event,1,verified,
TV00808,3. Dönem (2001–2005),3. DÖNEM,60,23 Haziran,2001-06-23,,2001,[Gizli bilgi içeriyor],,publication,,uncertain_category,
TV00809,3. Dönem (2001–2005),3. DÖNEM,61,25-29 Haziran,2001-06-25,2001-06-29,2001,Ferruh Armutçu ile Tokat-Sivas-Divriği-Nemrud-Urfa-Hasankeyf-Diyarbakır Gezisi,Gezi,event,1,verified,
TV00810,3. Dönem (2001–2005),3. DÖNEM,62,28-30 Haziran,2001-06-28,2001-06-30,2001,Bünyad Dinç ile Van-Doğu Beyazıt-Kars-Erzurum Gezisi,Gezi,event,1,verified,
TV00811,3. Dönem (2001–2005),3. DÖNEM,62,28-30 Haziran,2001-06-28,2001-06-30,2001,"Masallar 1 Uçar Leyli, PNB Arşivinden, Haz. Muhsine Helimoğlu Yavuz",Yayın (Vakıf),publication,1,verified,
TV00812,3. Dönem (2001–2005),3. DÖNEM,63,28-30 Haziran,2001-06-28,2001-06-30,2001,"Avrupa Birliği, Devlet ve STK'lar, STK Sempozyummları 7-8.",Yayın (Vakıf),publication,1,verified,
TV00813,3. Dönem (2001–2005),3. DÖNEM,64,28-30 Haziran,2001-06-28,2001-06-30,2001,"Yurt  Doğan Kuban, Türkiye’de Kentsel Koruma",Yayın (Yurt Yayınları),publication,1,verified,
TV00814,3. Dönem (2001–2005),3. DÖNEM,65,28-30 Haziran,2001-06-28,2001-06-30,2001,"New Perspectives On Turkey, Spring 2001",Dergi (NPT),publication,1,verified,
TV00815,3. Dönem (2001–2005),3. DÖNEM,66,28-30 Haziran,2001-06-28,2001-06-30,2001,"Toplumsal Tarih Dergisi, 90. Sayı Ek: Tarihsel Belge Olarak Fotoğraf",Dergi (Toplumsal Tarih),publication,1,verified,
TV00816,3. Dönem (2001–2005),3. DÖNEM,68,7 Temmuz,2001-07-07,,2001,"""Sanal İstanbul Müzesi Danışma Toplantısı"" - Darphane",İç Toplantı,organizational,1,verified,
TV00817,3. Dönem (2001–2005),3. DÖNEM,69,20 Temmuz,2001-07-20,,2001,“Çınarın Gölgesinde: Cumhuriyet Meydanı” Sergisinin Açılışı – Ünye (Ünye Yerel Tarih Grubu ile),Sergi,event,1,verified,
TV00818,3. Dönem (2001–2005),3. DÖNEM,70,27-29 Temmuz,2001-07-27,2001-07-29,2001,Ian Hodder ve Konya Yerel Tarih Grubu ile Konya/Çatalhöyük Gezisi,Gezi,event,1,verified,
TV00819,3. Dönem (2001–2005),3. DÖNEM,71,27-29 Temmuz,2001-07-27,2001-07-29,2001,"""Basında Osmanlı Bankası"" Projesinin Tamamlanması",Proje (Kurum Tarihi),project,1.0,verified,
TV00820,3. Dönem (2001–2005),3. DÖNEM,71,27-29 Temmuz,2001-07-27,2001-07-29,2001,"Yurt  Elizabeth Zachariadou, Osmanlı İmparatorluğu’nda Doğal Afetler ;",Yayın (Yurt Yayınları),publication,1,verified,
TV00821,3. Dönem (2001–2005),3. DÖNEM,72,27-29 Temmuz,2001-07-27,2001-07-29,2001,"Doğan Kuban, İstanbul Bir Kent Tarihi Bizantion, Konstantinopolis",Yayın (Vakıf),publication,1,verified,
TV00822,3. Dönem (2001–2005),3. DÖNEM,73,27-29 Temmuz,2001-07-27,2001-07-29,2001,"Tarih Vakfı  Ahmet Refik Altınay, Sokollu",Yayın (Vakıf),publication,1,verified,
TV00823,3. Dönem (2001–2005),3. DÖNEM,74,27-29 Temmuz,2001-07-27,2001-07-29,2001,Toplumsal Tarih Dergisi 91. Sayı. Dosya: Osmanlı'dan Cumhuriyet'e İdamlar,Dergi (Toplumsal Tarih),publication,1,verified,
TV00824,3. Dönem (2001–2005),3. DÖNEM,76,22 Ağustos,2001-08-22,,2001,Türk Tabipler Birliği ile Kardeş Kuruluş Sözleşmesinin İmzalanması,,organizational,,uncertain_category,
TV00825,3. Dönem (2001–2005),3. DÖNEM,77,25 Ağustos,2001-08-25,,2001,“Yeni Zeugmalar Olmasın! Hasankeyf Kurtulsun!” Toplantısı (Atlas Dergisi ile),Gezi,event,1.0,verified,
TV00826,3. Dönem (2001–2005),3. DÖNEM,77,25 Ağustos,2001-08-25,,2001,"Yurt  Peter Burke, Bilginin Toplumsal Tarihi",Yayın (Yurt Yayınları),publication,1,verified,
TV00827,3. Dönem (2001–2005),3. DÖNEM,78,25 Ağustos,2001-08-25,,2001,"Ahmet Refik Altınay, Sokollu",Yayın (Yurt Yayınları),publication,1,verified,
TV00828,3. Dönem (2001–2005),3. DÖNEM,79,25 Ağustos,2001-08-25,,2001,Tarihçe 6. Sayı,Bülten,publication,3,verified,
TV00829,3. Dönem (2001–2005),3. DÖNEM,80,25 Ağustos,2001-08-25,,2001,New Perspectives On Turkey,Dergi (NPT),publication,1,verified,
TV00830,3. Dönem (2001–2005),3. DÖNEM,81,25 Ağustos,2001-08-25,,2001,Toplumsal Tarih Dergisi 92. Sayı. Dosya: Türk Amerikan İlişkileri,Dergi (Toplumsal Tarih),publication,1,verified,
TV00831,3. Dönem (2001–2005),3. DÖNEM,82,Eylül 2001,,,2001,",",,chronology,,uncertain_category,
TV00832,3. Dönem (2001–2005),3. DÖNEM,83,8-9 Eylül,2001-09-08,2001-09-09,2001,“Balkan Tarih Ders Kitaplarının İyileştirilmesi Projesi” Atölye Toplantısı – Bulgaristan/Pamporovo,Atölye,event,1,verified,
TV00833,3. Dönem (2001–2005),3. DÖNEM,84,15 Eylül,2001-09-15,,2001,Tarih Vakfı 10. Yıl Toplantısı – Darphane,İç Toplantı,organizational,1,verified,
TV00834,3. Dönem (2001–2005),3. DÖNEM,85,15 Eylül,2001-09-15,,2001,“Sanal İstanbul Müzesi”nin Açılışı,Proje (Diğer),project,1,verified,
TV00835,3. Dönem (2001–2005),3. DÖNEM,86,15 Eylül,2001-09-15,,2001,Tarih Dostu Yapılanmasının Başlaması,İç Toplantı,organizational,,verified,
TV00836,3. Dönem (2001–2005),3. DÖNEM,87,23 Eylül,2001-09-23,,2001,Kafkas Kültür Derneği ile Balballı Köyü/Adapazarı Gezisi,Gezi,event,1,verified,
TV00837,3. Dönem (2001–2005),3. DÖNEM,88,23 Eylül,2001-09-23,,2001,“Çimento Müstahsilleri Birliği Tarih Projeleri” Çalışmalarının Yıldız Sey Yönetiminde Başlaması,Proje (Diğer),project,1,verified,
TV00838,3. Dönem (2001–2005),3. DÖNEM,88,23 Eylül,2001-09-23,,2001,"İstanbul Dergisi, 38. Sayı. Dosya: Gece",D_İstanbul Dergisi,publication,1,verified,
TV00839,3. Dönem (2001–2005),3. DÖNEM,89,23 Eylül,2001-09-23,,2001,"Ali Akyıldız, Osmanlı Döenmi Tahvil ve Hisse Senetleri ""Ottoma  Securities""",Yayın (Vakıf),publication,1,verified,
TV00840,3. Dönem (2001–2005),3. DÖNEM,90,23 Eylül,2001-09-23,,2001,"Yurt  Ahmet Refik Altınay, Köprülüler",Yayın (Yurt Yayınları),publication,1,verified,
TV00841,3. Dönem (2001–2005),3. DÖNEM,91,23 Eylül,2001-09-23,,2001,"Toplumsal Tarih Dergisi 93. Sayı, “Özel Dosya: Tarih Vakfı’nın On Yılı”",Dergi (Toplumsal Tarih),publication,1,verified,
TV00842,3. Dönem (2001–2005),3. DÖNEM,93,6 Ekim,2001-10-06,,2001,“Türkiye’de Coğrafya Eğitimi ve Coğrafya 2001 Projesi” Atölyesi (Atlas Dergisi ile),Atölye,event,1,verified,
TV00843,3. Dönem (2001–2005),3. DÖNEM,94,7 Ekim,2001-10-07,,2001,M. Ali Aybar Anısına “Ulusal Bağımsızlık Anlayışımız: Dün-Bugün” Sempozyumu,Sempozyum,event,1,verified,
TV00844,3. Dönem (2001–2005),3. DÖNEM,95,12-14 Ekim,2001-10-12,2001-10-14,2001,IV. Tarih Kongresi: “Tarih Yazımında Biyografilerin ve Anıların Kullanımı” – İstanbul Bilgi Üniversitesi ile),Kongre,event,1,verified,
TV00845,3. Dönem (2001–2005),3. DÖNEM,96,18 Ekim,2001-10-18,,2001,Tarihçinin Mutfağı Konferans Dizisi: Orhan Silier,Konferans/Söyleşi,event,1,verified,
TV00846,3. Dönem (2001–2005),3. DÖNEM,97,25 Ekim,2001-10-25,,2001,“Asi Kıyısında Bir Hoş Sada” Sergisi’nin Açılması -  Antakya (Antakya Yerel Tarih Grubu ile),Sergi,event,1,verified,
TV00847,3. Dönem (2001–2005),3. DÖNEM,98,28-29 Ekim,2001-10-28,2001-10-29,2001,Avrupalı - Türkiyeli Tarih Öğretmenleri Buluşması,Atölye,event,,verified,
TV00848,3. Dönem (2001–2005),3. DÖNEM,98,28-29 Ekim,2001-10-28,2001-10-29,2001,"Tarih Vakfı  Burçak Madran (ed), Kent, Toplum, Müze",Yayın (Vakıf),publication,1,verified,
TV00849,3. Dönem (2001–2005),3. DÖNEM,99,28-29 Ekim,2001-10-28,2001-10-29,2001,"Yurt  Suraiya Faroqhi, Osmanlı Tarihi Nasıl İncelenir?",Yayın (Yurt Yayınları),publication,1,verified,
TV00850,3. Dönem (2001–2005),3. DÖNEM,100,28-29 Ekim,2001-10-28,2001-10-29,2001,Tarihçe 7. Sayı,Bülten,publication,3,verified,
TV00851,3. Dönem (2001–2005),3. DÖNEM,101,28-29 Ekim,2001-10-28,2001-10-29,2001,İstanbul  Dergisi 39. Sayı: “Boğaziçi”,D_İstanbul Dergisi,publication,1,verified,
TV00852,3. Dönem (2001–2005),3. DÖNEM,102,28-29 Ekim,2001-10-28,2001-10-29,2001,Toplumsal Tarih Dergisi 94. Sayı,Dergi (Toplumsal Tarih),publication,1,verified,
TV00853,3. Dönem (2001–2005),3. DÖNEM,104,2-4 Kasım,2001-11-02,2001-11-04,2001,"X. Türkiye’de Sivil Toplum Kuruluşları Sempozyumu: “Gençlik, Katılım ve Sivil Toplum” (Bazı STK’lar ile)",Sempozyum,event,1,verified,
TV00854,3. Dönem (2001–2005),3. DÖNEM,105,5 Kasım,2001-11-05,,2001,Dekovilin Peşi Sıra… Uray’dan Çıktık Yola Sergisi’nin Açılması - Mersin (Mersin Yerel Tarih Grubu ile),Sergi,event,1,verified,
TV00855,3. Dönem (2001–2005),3. DÖNEM,106,9 Kasım,2001-11-09,,2001,Ankara’da Üyeler ve Tarih Dostları Toplantısı,İç Toplantı,organizational,1,verified,
TV00856,3. Dönem (2001–2005),3. DÖNEM,107,10 Kasım,2001-11-10,,2001,Sosyal Demokrasi Arşivi Toplantısı (BBM),Diğer Etkinlik,event,1,verified,
TV00857,3. Dönem (2001–2005),3. DÖNEM,107,10 Kasım,2001-11-10,,2001,arşiv,,publication,,uncertain_category,
TV00858,3. Dönem (2001–2005),3. DÖNEM,108,11 Kasım,2001-11-11,,2001,“Tarih Derslerinde Yerel Tarihin Malzeme Olarak Kullanımı” Atölyesi – Semih Aktekin - Ankara,Atölye,event,1,verified,
TV00859,3. Dönem (2001–2005),3. DÖNEM,109,15 Kasım,2001-11-15,,2001,Tarihçinin Mutfağı Konferans Dizisi: Huricihan İslamoğlu,Konferans/Söyleşi,event,1,verified,
TV00860,3. Dönem (2001–2005),3. DÖNEM,110,16-17 Kasım,2001-11-16,2001-11-17,2001,"Yerel Tarih Grupları Değerlendirme Konferansı – Christoph Neumann, Murat Belge, Akın Atauz, Ayşe Durakbaşa, Esra Danacıoğlu, İlhan Tekeli",Diğer Etkinlik,event,1,verified,
TV00861,3. Dönem (2001–2005),3. DÖNEM,111,30 Kasım-2 Aralık,,,2001,Balkan Tarih Ders Kitaplarının İyileştirilmesi Projesi Değerlendirme Toplantısı,Atölye,event,1,uncertain_date,
TV00862,3. Dönem (2001–2005),3. DÖNEM,112,30 Kasım-2 Aralık,,,2001,"Yurt  Meropi Anastassiadou, Selanik – Fikret Adanır, Makedonya Sorunu",Yayın (Yurt Yayınları),publication,1,uncertain_date,
TV00863,3. Dönem (2001–2005),3. DÖNEM,113,30 Kasım-2 Aralık,,,2001,Toplumsal Tarih Dergisi 95. Sayı,Dergi (Toplumsal Tarih),publication,1,uncertain_date,
TV00864,3. Dönem (2001–2005),3. DÖNEM,115,8 Aralık,2001-12-08,,2001,Tarih Dostları Tanışma ve Bilgilendirme Toplantısı,İç Toplantı,organizational,1,verified,
TV00865,3. Dönem (2001–2005),3. DÖNEM,116,20 Aralık,2001-12-20,,2001,Tarihçinin Mutfağı Konferans Dizisi: Ali Akyıldız,Konferans/Söyleşi,event,1,verified,
TV00866,3. Dönem (2001–2005),3. DÖNEM,117,20 Aralık,2001-12-20,,2001,"Tarih Vakfı  Bahar Aksel, Filiz Öğretmen ( Haz.), Kent Araştırmaları Bibliyografyası; Funda Çelebi (Ed.), Yerel Tarihçilik, Kent, Sivil Girişim;",Yayın (Vakıf),publication,2,verified,
TV00867,3. Dönem (2001–2005),3. DÖNEM,118,20 Aralık,2001-12-20,,2001,"Yurt   Nuri Akbayar, Osmanlı Yer Adları Sözlüğü;  Esra Danacıoğlu, Geçmişin İzleri: Yanıbaşımızdaki Tarih İçin Bir Kılavuz",Yayın (Yurt Yayınları),publication,2,verified,
TV00868,3. Dönem (2001–2005),3. DÖNEM,119,20 Aralık,2001-12-20,,2001,"New Perspectives On Turkey, Fall 2000",Dergi (NPT),publication,1,verified,
TV00869,3. Dönem (2001–2005),3. DÖNEM,120,20 Aralık,2001-12-20,,2001,"Toplumsal Tarih Dergisi, 96. Sayı",Dergi (Toplumsal Tarih),publication,1,verified,
TV00870,3. Dönem (2001–2005),3. DÖNEM,122,4 Ocak,2002-01-04,,2002,Akdeniz’de Tarih Öncesi Alanlar Projesinin Başlaması (Univ. of Cambridge ile),Proje (Diğer),project,1,verified,
TV00871,3. Dönem (2001–2005),3. DÖNEM,123,17 Ocak,2002-01-17,,2002,Tarihçinin Mutfağı Konferans Dizisi: Muazzez İlmiye Çığ,Konferans/Söyleşi,event,1,verified,
TV00872,3. Dönem (2001–2005),3. DÖNEM,124,21 Ocak,2002-01-21,,2002,İstanbul Rehberler Odası ile kardeş kuruluş sözleşmesinin imzalanması,Diğer Etkinlik,event,1.0,verified,
TV00873,3. Dönem (2001–2005),3. DÖNEM,124,21 Ocak,2002-01-21,,2002,"Tarih Vakfı  Uygur Kocabaşoğlu, Türkiye İş Bankası Tarihi",Yayın (Vakıf),publication,1,verified,
TV00874,3. Dönem (2001–2005),3. DÖNEM,125,21 Ocak,2002-01-21,,2002,"Yurt  Metin Kunt, Christine Woodhead(ed), Kanuni ve Çağı",Yayın (Yurt Yayınları),publication,1,verified,
TV00875,3. Dönem (2001–2005),3. DÖNEM,126,21 Ocak,2002-01-21,,2002,"New Perspectives On Turkey, Fall 2002",Dergi (NPT),publication,1,verified,
TV00876,3. Dönem (2001–2005),3. DÖNEM,127,21 Ocak,2002-01-21,,2002,"Toplumsal Tarih Dergisi 97. Sayı, “Özel Dosya: Bektaşilik”",Dergi (Toplumsal Tarih),publication,1,verified,
TV00877,3. Dönem (2001–2005),3. DÖNEM,129,28 Şubat,2002-02-28,,2002,Tarihçinin Mutfağı Konferans Dizisi: Yavuz Cezar,Konferans/Söyleşi,event,1.0,verified,
TV00878,3. Dönem (2001–2005),3. DÖNEM,129,28 Şubat,2002-02-28,,2002,"Tarih Vakfı  Elif Keser, Tur Abdin",Yayın (Vakıf),publication,1,verified,
TV00879,3. Dönem (2001–2005),3. DÖNEM,130,28 Şubat,2002-02-28,,2002,Tarihçe 8. Sayı,Bülten,publication,3,verified,
TV00880,3. Dönem (2001–2005),3. DÖNEM,131,28 Şubat,2002-02-28,,2002,"Metin Kunt, Christine Woodhead, Kanuni ve Çağı",Yayın (Yurt Yayınları),publication,1,verified,
TV00881,3. Dönem (2001–2005),3. DÖNEM,132,28 Şubat,2002-02-28,,2002,"İstanbul Dergisi, 40. Sayı. Dosya: Mahalle",D_İstanbul Dergisi,publication,1,verified,
TV00882,3. Dönem (2001–2005),3. DÖNEM,133,28 Şubat,2002-02-28,,2002,Toplumsal Tarih Dergisi 98. Sayı,Dergi (Toplumsal Tarih),publication,1,verified,
TV00883,3. Dönem (2001–2005),3. DÖNEM,134,Mart 2002,,,2002,"Yiğit Gülöksüz ve Özkan Taner’in Yönetim Kurulu’ndaki görevlerin ayrılmaları, Mehmet Özdoğan ve Edhem Eldem’in göreve başlamaları.",,organizational,,uncertain_category,
TV00884,3. Dönem (2001–2005),3. DÖNEM,135,1 Mart,2002-03-01,,2002,“Tarihi Silahsızlandırmak Paneli” (Lions 118-T ve Yeni Oluşum Hukukçular Derneği ile),Panel,event,1,verified,
TV00885,3. Dönem (2001–2005),3. DÖNEM,136,8 Mart,2002-03-08,,2002,“10 Yılda İstanbul ve İstanbul Dergisi”  Paneli,Panel,event,1,verified,
TV00886,3. Dönem (2001–2005),3. DÖNEM,137,9-14 Mart,2002-03-09,2002-03-14,2002,“11 Eylül Sonrası Görüntüler” Fotoğraf Sergisi (ABD Başkonsolosluğu ile),Sergi,event,1,verified,
TV00887,3. Dönem (2001–2005),3. DÖNEM,138,21 Mart,2002-03-21,,2002,Tarihçinin Mutfağı Konferans Dizisi: Oktay Belli,Konferans/Söyleşi,event,1,verified,
TV00888,3. Dönem (2001–2005),3. DÖNEM,140,21 Mart,2002-03-21,,2002,"Tarih Vakfı  Orhan Koçak, Atatürk’ün Bankası",Yayın (Vakıf),publication,1,verified,
TV00889,3. Dönem (2001–2005),3. DÖNEM,141,21 Mart,2002-03-21,,2002,"Yurt  Salih Aynural, İstanbul Değirmenleri ve Fırınları. Zahire Ticareti",Yayın (Yurt Yayınları),publication,1,verified,
TV00890,3. Dönem (2001–2005),3. DÖNEM,142,21 Mart,2002-03-21,,2002,Toplumsal Tarih Dergisi 99. Sayı,Dergi (Toplumsal Tarih),publication,1,verified,
TV00891,3. Dönem (2001–2005),3. DÖNEM,143,Nisan 2002,,,2002,“Tarihin Peşinde Bir Başka Yolculuk” Projesinin Başlaması,Diğer Etkinlik,event,1,needs_review,
TV00892,3. Dönem (2001–2005),3. DÖNEM,144,Nisan 2002,,,2002,“Bankacılık ve Finans Tarihi Araştırma Yarışması” Projesinin Başlaması (Garanti Bankası ile),Yarışma,event,1,needs_review,
TV00893,3. Dönem (2001–2005),3. DÖNEM,145,18 Nisan,2002-04-18,,2002,Tarihçinin Mutfağı Konferans Dizisi: Serpil Çakır,Konferans/Söyleşi,event,1,verified,
TV00894,3. Dönem (2001–2005),3. DÖNEM,146,19 Nisan,2002-04-19,,2002,"Toplumsal Tarih 100. Sayı, İstanbul 10. Yıl Kokteyli",Diğer Etkinlik,event,1,verified,
TV00895,3. Dönem (2001–2005),3. DÖNEM,147,27 Nisan,2002-04-27,,2002,Tarih Dostları Buluşması,İç Toplantı,organizational,1,verified,
TV00896,3. Dönem (2001–2005),3. DÖNEM,147,27 Nisan,2002-04-27,,2002,"Nuri Akbayar, Osmanlıca Yer Adları Sözlüğü",osm4,publication,,verified,
TV00897,3. Dönem (2001–2005),3. DÖNEM,148,27 Nisan,2002-04-27,,2002,İstanbul Dergisi 41. Sayı: “10 Yılda İstanbul ve İstanbul”,D_İstanbul Dergisi,publication,,verified,
TV00898,3. Dönem (2001–2005),3. DÖNEM,149,27 Nisan,2002-04-27,,2002,"Toplumsal Tarih Dergisi 100. Sayı, “Tarihi Silahsızlandırmak. Çağdaş Bir Tarih Eğitimi” (Dergi Format, Tasarım ve İçeriğinde Köklü Değişme)",Dergi (Toplumsal Tarih),publication,1,verified,
TV00899,3. Dönem (2001–2005),3. DÖNEM,150,Mayıs 2002,,,2002,“Akdeniz Sesleri” Projesinin Başlaması – (Univ. of. North London ile),Diğer Etkinlik,event,1,needs_review,
TV00900,3. Dönem (2001–2005),3. DÖNEM,151,Mayıs 2002,,,2002,Darphane’de “Türk Süsleme Sanatları Seminerleri” – Tezhip -  Mehtab Kardaş,Kurs/Seminer,event,1,needs_review,
TV00901,3. Dönem (2001–2005),3. DÖNEM,152,16 Mayıs,2002-05-16,,2002,Tarihçinin Mutfağı Konferans Dizisi: Ahmet Demirel,Konferans/Söyleşi,event,1.0,verified,
TV00902,3. Dönem (2001–2005),3. DÖNEM,152,16 Mayıs,2002-05-16,,2002,"Yurt  Artun Ünsal, Umuttan Yalnızlığa. Türkiye İşçi Partisi (1961-1971)",Yayın (Yurt Yayınları),publication,1,verified,
TV00903,3. Dönem (2001–2005),3. DÖNEM,153,16 Mayıs,2002-05-16,,2002,Toplumsal Tarih Dergisi 101. Sayı: “Arkeolojiyi Gömmeyelim”,Dergi (Toplumsal Tarih),publication,1,verified,
TV00904,3. Dönem (2001–2005),3. DÖNEM,155,Haziran 2002,,,2002,"Darphane’de “Türk Süsleme Sanatları Seminerleri” –Ebru, Selmin Özcan",Kurs/Seminer,event,1,needs_review,
TV00905,3. Dönem (2001–2005),3. DÖNEM,156,20 Haziran,2002-06-20,,2002,Sosyal Demokrasi Arşivi Girişim Grubu Toplantısı,Diğer Etkinlik,event,1,verified,
TV00906,3. Dönem (2001–2005),3. DÖNEM,157,20 Haziran,2002-06-20,,2002,Tarihçinin Mutfağı Konferans Dizisi: Ufuk Esin,Konferans/Söyleşi,event,1,verified,
TV00907,3. Dönem (2001–2005),3. DÖNEM,158,21-22 Haziran,2002-06-21,2002-06-22,2002,"STK Sempozyumları XI: “STK’lar, Yerelleşme ve Yerel Yönetimler” (Bazı STK’lar ile)",Sempozyum,event,1,verified,
TV00908,3. Dönem (2001–2005),3. DÖNEM,159,23 Haziran,2002-06-23,,2002,“Ders Kitaplarında İnsan Hakları İşliği” (TÜBA ile),Atölye,event,1,verified,
TV00909,3. Dönem (2001–2005),3. DÖNEM,160,28 Haziran,2002-06-28,,2002,"“Emeğe Saygı – Görev Değişimi” Toplantısı: İlhan Tekeli’nin Yönetim Kurulu Başkanlığından ve Orhan Silier’in Vakıf Genel Sekreterliğinden ayrılması, Orhan Silier’in Yönetim Kurulu Başkanlığı Görevini Devralması",İç Toplantı,organizational,1,verified,
TV00910,3. Dönem (2001–2005),3. DÖNEM,160,28 Haziran,2002-06-28,,2002,Emeğe Saygı Top ***,İç Toplantı,publication,,verified,
TV00911,3. Dönem (2001–2005),3. DÖNEM,161,28 Haziran,2002-06-28,,2002,"Tarih Vakfı  Herkül Millas, Daha İyi Türk-Yunan İlişkileri İçin Yap Yapma Klavuz ; STK’lar Gönüllülük ve Gençlik",Yayın (Vakıf),publication,2,verified,
TV00912,3. Dönem (2001–2005),3. DÖNEM,162,28 Haziran,2002-06-28,,2002,"Yurt  Irvin Cemil Schick, Batı’nın Cinsel Kıyısı. Başkalıkçı Söylemde Cinsellik ve Mekansallık",Yayın (Yurt Yayınları),publication,1,verified,
TV00913,3. Dönem (2001–2005),3. DÖNEM,163,28 Haziran,2002-06-28,,2002,"New Perspectives On Turkey , Spring 2002",Dergi (NPT),publication,1,verified,
TV00914,3. Dönem (2001–2005),3. DÖNEM,164,28 Haziran,2002-06-28,,2002,"Toplumsal Tarih Dergisi 102. Sayı, “Arsadan Borsaya Futbol”",Dergi (Toplumsal Tarih),publication,1,verified,
TV00915,3. Dönem (2001–2005),3. DÖNEM,165,Temmuz 2002,,,2002,“Ders Kitaplarında İnsan Hakları” Projesinin Başlaması (TÜBA ve TİHV ile),Proje (Diğer),project,1,needs_review,
TV00916,3. Dönem (2001–2005),3. DÖNEM,166,5 Temmuz,2002-07-05,,2002,“Mekan Teknolojileri ve Şark’ın İnşasında Cinsellik” Konferansı – Irvin Cemil Schick (Karşı Sanat İle),Konferans/Söyleşi,event,1,verified,
TV00917,3. Dönem (2001–2005),3. DÖNEM,167,5 Temmuz,2002-07-05,,2002,İstanbul Dergisi 42. Sayı: “İstanbul’a Sivil Sahip Çıkış”,D_İstanbul Dergisi,publication,1,verified,
TV00918,3. Dönem (2001–2005),3. DÖNEM,168,5 Temmuz,2002-07-05,,2002,Toplumsal Tarih Dergisi 103. Sayı: “Fetihten Günümüze Kıbrıs”,Dergi (Toplumsal Tarih),publication,1,verified,
TV00919,3. Dönem (2001–2005),3. DÖNEM,169,Ağustos 2002,,,2002,“Türkiye’de İnsan Hakları Sergisi” Projesinin Başlaması (İnsan Hakları Vakfı ve TÜBA ile),Proje (Diğer),project,1,needs_review,
TV00920,3. Dönem (2001–2005),3. DÖNEM,170,17-30 Ağustos,2002-08-17,2002-08-30,2002,Haluk Şahin ile “Bozcaada-Truva” Gezisi,Gezi,event,1.0,verified,
TV00921,3. Dönem (2001–2005),3. DÖNEM,170,17-30 Ağustos,2002-08-17,2002-08-30,2002,Tarihçe 9. Sayı,Bülten,publication,3,verified,
TV00922,3. Dönem (2001–2005),3. DÖNEM,171,17-30 Ağustos,2002-08-17,2002-08-30,2002,Toplumsal Tarih Dergisi 104. Sayı: “Balkan Savaşları”,Dergi (Toplumsal Tarih),publication,1,verified,
TV00923,3. Dönem (2001–2005),3. DÖNEM,172,Eylül 2002,,,2002,Darphane’de “Türk Süsleme Sanatları Seminerleri” – Minyatür – Selmin Özcan,Kurs/Seminer,event,1,needs_review,
TV00924,3. Dönem (2001–2005),3. DÖNEM,173,07.09.2002,,,2002,"Vakfın 2. Baskanı: Orhan Silier, (başkanlık süresi: 2002-2006)",,organizational,,uncertain_date,
TV00925,3. Dönem (2001–2005),3. DÖNEM,174,18-30 Eylül,2002-09-18,2002-09-30,2002,Geleneksel Türk El Sanatları Sergisi - Darphane,Sergi,event,1,verified,
TV00926,3. Dönem (2001–2005),3. DÖNEM,175,28 Eylül,2002-09-28,,2002,Haluk Şahin ile “Bozcaada-Truva” Gezisi,Gezi,event,1,verified,
TV00927,3. Dönem (2001–2005),3. DÖNEM,176,29 Eylül,2002-09-29,,2002,M. Ali Aybar Anısına “Geleceğin Üniversitesi – Gelecekte Bilimsel Özgürlük/Özerklik” Sempozyumu,Sempozyum,event,1.0,verified,
TV00928,3. Dönem (2001–2005),3. DÖNEM,176,29 Eylül,2002-09-29,,2002,"Yurt  Jane Hathaway, Osmanlı Mısır’ında Hane Politikaları. Kazdağlıların Yükselişi",Yayın (Yurt Yayınları),publication,1,verified,
TV00929,3. Dönem (2001–2005),3. DÖNEM,177,29 Eylül,2002-09-29,,2002,Toplumsal Tarih Dergisi 105. Sayı: “Ermeni Sorunu”,Dergi (Toplumsal Tarih),publication,1,verified,
TV00930,3. Dönem (2001–2005),3. DÖNEM,178,Ekim 2002,,,2002,“Çelebi Kurum Tarihi” Projesinin Başlaması,Proje (Kurum Tarihi),project,1,needs_review,
TV00931,3. Dönem (2001–2005),3. DÖNEM,179,3 Ekim,2002-10-03,,2002,“Türkiye’de Seçim Afişleri” Sergisi’nin Açılışı (Garanti Bankası İle),Sergi,event,1,verified,
TV00932,3. Dönem (2001–2005),3. DÖNEM,180,11-15 Ekim,2002-10-11,2002-10-15,2002,Veli Sevin ile “Anadolu’nun Kapıları Van “ Gezisi,Gezi,event,1,verified,
TV00933,3. Dönem (2001–2005),3. DÖNEM,181,17 Ekim,2002-10-17,,2002,Tarihçinin Mutfağı Konferans Dizisi: Günay Göksu Özdoğan,Konferans/Söyleşi,event,1,verified,
TV00934,3. Dönem (2001–2005),3. DÖNEM,182,24 Ekim,2002-10-24,,2002,"“Seçim Afişleri” Konferansı – Nermin Abadan Unat, Hıfzı Topuz",Konferans/Söyleşi,event,1,verified,
TV00935,3. Dönem (2001–2005),3. DÖNEM,183,25 Ekim-3 Kasım,,,2002,Tarih Vakfı TÜYAP Kitap Fuarı’nda,Fuar,event,1,uncertain_date,
TV00936,3. Dönem (2001–2005),3. DÖNEM,184,25-29 Ekim,2002-10-25,2002-10-29,2002,Çiğdem Maner ile “Taşın ve İnancın Şiiri Mardin” Gezisi,Gezi,event,1,verified,
TV00937,3. Dönem (2001–2005),3. DÖNEM,185,27 Ekim,2002-10-27,,2002,“Hakkari’de iki Mevsim” Dia Gösterisi – Bünyad Dinç,Gösteri,event,1,verified,
TV00938,3. Dönem (2001–2005),3. DÖNEM,186,31 Ekim-2 Kasım,,,2002,“İspanyal Osmanlı İlişkileri” Sempozyumu (Cervantes Enst. ve Boğaziçi Ü. ile),Sempozyum,event,1.0,uncertain_date,
TV00939,3. Dönem (2001–2005),3. DÖNEM,186,31 Ekim-2 Kasım,,,2002,"Jane Hathaway, Osmanlı mısır'ında Hane Politikaları, Kazdağlıların Yükselişi",Yayın (Yurt Yayınları),publication,1,uncertain_date,
TV00940,3. Dönem (2001–2005),3. DÖNEM,187,31 Ekim-2 Kasım,,,2002,İstanbul Dergisi 43. Sayı: “İstanbul’da Eğlence”,D_İstanbul Dergisi,publication,1,uncertain_date,
TV00941,3. Dönem (2001–2005),3. DÖNEM,188,31 Ekim-2 Kasım,,,2002,Toplumsal Tarih Dergisi 106. Sayı: “Tek Partili Hayat”,Dergi (Toplumsal Tarih),publication,1,uncertain_date,
TV00942,3. Dönem (2001–2005),3. DÖNEM,189,Kasım 2002,,,2002,"Suay Aksoy’un Yönetim Kurulu’ndan ayrılması, Sülün Falay’ın göreve başlaması.",,organizational,,uncertain_category,
TV00943,3. Dönem (2001–2005),3. DÖNEM,190,1-2 Kasım,2002-11-01,2002-11-02,2002,Avrupalı-Türkiyeli Tarih Eğitimcileri Buluşması – İzmir,Atölye,event,1,verified,
TV00944,3. Dönem (2001–2005),3. DÖNEM,190,1-2 Kasım,2002-11-01,2002-11-02,2002,tar?,,publication,,uncertain_category,
TV00945,3. Dönem (2001–2005),3. DÖNEM,191,4-5 Kasım,2002-11-04,2002-11-05,2002,Avrupalı-Türkiyeli Tarih Eğitimcileri Buluşması – Mersin,Atölye,event,1,verified,
TV00946,3. Dönem (2001–2005),3. DÖNEM,191,4-5 Kasım,2002-11-04,2002-11-05,2002,tar?,,publication,,uncertain_category,
TV00947,3. Dönem (2001–2005),3. DÖNEM,192,7-8 Kasım,2002-11-07,2002-11-08,2002,Avrupalı-Türkiyeli Tarih Eğitimcileri Buluşması – Şanlıurfa,Atölye,event,1,verified,
TV00948,3. Dönem (2001–2005),3. DÖNEM,192,7-8 Kasım,2002-11-07,2002-11-08,2002,tar?,,publication,,uncertain_category,
TV00949,3. Dönem (2001–2005),3. DÖNEM,193,2 Kasım,2002-11-02,,2002,“Daha İyi Türk-Yunan İlişkileri için Neler Yapmalı?” Konferansı – Herkül Millas,Konferans/Söyleşi,event,,verified,
TV00950,3. Dönem (2001–2005),3. DÖNEM,194,3 Kasım,2002-11-03,,2002,“Türkiye’de Seçim Afişleri” Sergisi’nin Kapanışı,,chronology,,uncertain_category,
TV00951,3. Dönem (2001–2005),3. DÖNEM,195,14 Kasım,2002-11-14,,2002,Afet İnan Tarih Araştırmaları Ödül Töreni - Ankara,Ödül/Ödül Töreni,event,1,verified,
TV00952,3. Dönem (2001–2005),3. DÖNEM,196,17-30 Kasım,2002-11-17,2002-11-30,2002,“Türkiye’de Seçim Afişleri” Sergisi – Ankara (Garanti Bankası ve ODTÜ ile),Sergi,event,1,verified,
TV00953,3. Dönem (2001–2005),3. DÖNEM,197,21 Kasım,2002-11-21,,2002,Tarihçinin Mutfağı Konferans Dizisi: Ayda Arel,Konferans/Söyleşi,event,1.0,verified,
TV00954,3. Dönem (2001–2005),3. DÖNEM,197,21 Kasım,2002-11-21,,2002,Tarih Vakfı  Improvement of Balkan History Textbooks;  STK’lar Yerelleşme ve Yerel Yönetimler,Yayın (Vakıf),publication,2,verified,
TV00955,3. Dönem (2001–2005),3. DÖNEM,198,21 Kasım,2002-11-21,,2002,Toplumsal Tarih Dergisi 107. Sayı: “Ramazan Geldi Hoş Geldi!”,Dergi (Toplumsal Tarih),publication,1,verified,
TV00956,3. Dönem (2001–2005),3. DÖNEM,200,13-14 Aralık,2002-12-13,2002-12-14,2002,"STK Sempozyumları XII: “Projeler, Projecilik ve Sivil Toplum Kuruluşları” (Bazı STK’lar ile)",Sempozyum,event,1.0,verified,
TV00957,3. Dönem (2001–2005),3. DÖNEM,200,13-14 Aralık,2002-12-13,2002-12-14,2002,"Tarih Vakfı  Pertev Naili Boratav, Halk Hikayeleri ve Halk Hikayeciliği",Yayın (Vakıf),publication,4,verified,
TV00958,3. Dönem (2001–2005),3. DÖNEM,201,13-14 Aralık,2002-12-13,2002-12-14,2002,Toplumsal Tarih Dergisi 108. Sayı:”Edebiyatçılar ve Tarih”,Dergi (Toplumsal Tarih),publication,1,verified,
TV00959,3. Dönem (2001–2005),3. DÖNEM,203,Ocak 2003,,,2003,“Avrupalılık Bilinci  Projesinin Başlaması,Proje (Diğer),project,1,needs_review,
TV00960,3. Dönem (2001–2005),3. DÖNEM,204,Ocak 2003,,,2003,“Gençler Aile Tarihi Yazıyor” Yarışmasının Başlaması (İstanbul Bilgi Üniversitesi ile),Yarışma,event,1,needs_review,
TV00961,3. Dönem (2001–2005),3. DÖNEM,205,16 Ocak,2003-01-16,,2003,Tarihçinin Mutfağı Konferans Dizisi: Artun Ünsal,Konferans/Söyleşi,event,1.0,verified,
TV00962,3. Dönem (2001–2005),3. DÖNEM,205,16 Ocak,2003-01-16,,2003,"Yurt  Carlo M. Cipolla, Fatihler, Korsanlar, Tüccarlar",Yayın (Yurt Yayınları),publication,1,verified,
TV00963,3. Dönem (2001–2005),3. DÖNEM,206,16 Ocak,2003-01-16,,2003,"New Perspectives On Turkey , Fall 2002",Dergi (NPT),publication,1,verified,
TV00964,3. Dönem (2001–2005),3. DÖNEM,207,16 Ocak,2003-01-16,,2003,"İstanbul Dergisi 44. Sayı: “25 Fotoğraf, 25 Yorum”",D_İstanbul Dergisi,publication,1,verified,
TV00965,3. Dönem (2001–2005),3. DÖNEM,208,16 Ocak,2003-01-16,,2003,Toplumsal Tarih Dergisi 109. Sayı: “Yazının Tarihi”,Dergi (Toplumsal Tarih),publication,1,verified,
TV00966,3. Dönem (2001–2005),3. DÖNEM,210,20 Şubat,2003-02-20,,2003,Tarihçinin Mutfağı Konferans Dizisi: Murat Belge,Konferans/Söyleşi,event,1,verified,
TV00967,3. Dönem (2001–2005),3. DÖNEM,210,20 Şubat,2003-02-20,,2003,"Pertev Naili Boratav, Halk Hikayeleri ve Halk Hikayeciliği",Yayın (Vakıf),publication,1,verified,
TV00968,3. Dönem (2001–2005),3. DÖNEM,211,20 Şubat,2003-02-20,,2003,"Carlo M. Cipolla, Fatihler, Korsanlar, Tüccarlar",Yayın (Yurt Yayınları),publication,1,verified,
TV00969,3. Dönem (2001–2005),3. DÖNEM,212,20 Şubat,2003-02-20,,2003,"Yurt  Amnon Cohen, Osmanlı Kudüs’ünde Loncalar",Yayın (Yurt Yayınları),publication,1,verified,
TV00970,3. Dönem (2001–2005),3. DÖNEM,213,20 Şubat,2003-02-20,,2003,New Perspectives On Turkey,Dergi (NPT),publication,1,verified,
TV00971,3. Dönem (2001–2005),3. DÖNEM,214,20 Şubat,2003-02-20,,2003,Toplumsal Tarih Dergisi 110. Sayı: “Osmanlılar ve Ölüm”,Dergi (Toplumsal Tarih),publication,1,verified,
TV00972,3. Dönem (2001–2005),3. DÖNEM,216,11-16 Mart,2003-03-11,2003-03-16,2003,Tarih Vakfı TÜYAP Bursa Kitap Fuarı’nda,Fuar,event,1,verified,
TV00973,3. Dönem (2001–2005),3. DÖNEM,217,15 Mart,2003-03-15,,2003,Tarih Dostları Buluşması / Yansımalar Grubu Konseri,Konser,event,1,verified,
TV00974,3. Dönem (2001–2005),3. DÖNEM,218,15 Mart,2003-03-15,,2003,"Temper Tarih Öncesi Eğitim Programı Kitapları: Gülay Sert, Bala Çatalhöyük’te, Bala İle Çatalhöyük Gezisi, Evvel Zaman İçinde İnsanın Öyküsü, Tarihöncesinde İnsan",tar3,event,,verified,
TV00975,3. Dönem (2001–2005),3. DÖNEM,218,15 Mart,2003-03-15,,2003,"Ammon Cohen, Osmanlı Kudüs'ünde Loncalar",Yayın (Yurt Yayınları),publication,1,verified,
TV00976,3. Dönem (2001–2005),3. DÖNEM,219,15 Mart,2003-03-15,,2003,"Selim Deringil, Denge Oyunu İkinci dünya Savaşı'nda Türkiye'nin Dış Politikası",Yayın (Yurt Yayınları),publication,1,verified,
TV00977,3. Dönem (2001–2005),3. DÖNEM,220,15 Mart,2003-03-15,,2003,"Oya Köymen (Ed.), Tarih Eğitimine Eleştirel Yaklaşımlar, Avrupalı-türkiyeli Tarih Eğitimcileri Buluşması Ekim 2001- Kasım 2002",Yayın (Vakıf),publication,1,verified,
TV00978,3. Dönem (2001–2005),3. DÖNEM,221,15 Mart,2003-03-15,,2003,"Murat Belge, İstanbul Gezi Rehberi",Yayın (Vakıf),publication,1,verified,
TV00979,3. Dönem (2001–2005),3. DÖNEM,222,15 Mart,2003-03-15,,2003,Tarihçe 10. Sayı,Bülten,publication,3,verified,
TV00980,3. Dönem (2001–2005),3. DÖNEM,223,15 Mart,2003-03-15,,2003,Toplumsal Tarih Dergisi 111. Sayı: “Çanakkale 1915”; 32 sayfalık Avrupa Bölümü’nin başlaması,Dergi (Toplumsal Tarih),publication,1,verified,
TV00981,3. Dönem (2001–2005),3. DÖNEM,224,Nisan 2003,,,2003,"Ayfer Bartu’nun Yönetim Kurulu’ndaki görevinden ayrılması, Ersin Salman’ın göreve başlaması.",,organizational,,uncertain_category,
TV00982,3. Dönem (2001–2005),3. DÖNEM,225,3 Nisan,2003-04-03,,2003,“Savaş ve Tarihsel – Kültürel Miras” Paneli – Tarih Dostu Milletvekilleri Grubu – TBMM Eski Senato Salonu’nda,Panel,event,1,verified,
TV00983,3. Dönem (2001–2005),3. DÖNEM,225,3 Nisan,2003-04-03,,2003,paneli – TMMM***,,publication,,uncertain_category,
TV00984,3. Dönem (2001–2005),3. DÖNEM,226,12-20 Nisan,2003-04-12,2003-04-20,2003,Tarih Vakfı TÜYAP İzmir Kitap Fuarı’nda,Fuar,event,1,verified,
TV00985,3. Dönem (2001–2005),3. DÖNEM,227,12-20 Nisan,2003-04-12,2003-04-20,2003,Sivil Toplum Kuruluşları Rehberi Projesinin Başlaması (Dünya Bankası ve Açık Toplum Enstitüsü Desteği İle),Proje (Diğer),project,1,verified,
TV00986,3. Dönem (2001–2005),3. DÖNEM,228,17 Nisan,2003-04-17,,2003,Tarihçinin Mutfağı Konferans Dizisi: Yavuz Selim Karakışla,Konferans/Söyleşi,event,1,verified,
TV00987,3. Dönem (2001–2005),3. DÖNEM,229,19 Nisan,2003-04-19,,2003,“Ders Kitaplarında İnsan Hakları” Atölyesi (TÜBA ile),Atölye,event,1.0,verified,
TV00988,3. Dönem (2001–2005),3. DÖNEM,229,19 Nisan,2003-04-19,,2003,"Tarih Vakfı  Robert Stradling, 20. Yüzyıl Avrupa Tarihi Nasıl Öğretilmeli",Yayın (Vakıf),publication,1,verified,
TV00989,3. Dönem (2001–2005),3. DÖNEM,230,19 Nisan,2003-04-19,,2003,"Yurt  Kemal Karpat, Osmanlı Nüfusu; İlhan Tekeli, Selim İlkin, Kadrocuları ve Kadroyu Anlamak",Yayın (Yurt Yayınları),publication,2,verified,
TV00990,3. Dönem (2001–2005),3. DÖNEM,231,19 Nisan,2003-04-19,,2003,"Kemaml Arı, Türkiye'ye Zorunlu Göç (1923-1925)",Yayın (Yurt Yayınları),publication,1,verified,
TV00991,3. Dönem (2001–2005),3. DÖNEM,232,19 Nisan,2003-04-19,,2003,İstanbul Dergisi 45. Sayı: ”Müzik”,D_İstanbul Dergisi,publication,1,verified,
TV00992,3. Dönem (2001–2005),3. DÖNEM,233,19 Nisan,2003-04-19,,2003,Toplumsal Tarih Dergisi 112. Sayı: “Bizans Dünyası”,Dergi (Toplumsal Tarih),publication,1,verified,
TV00993,3. Dönem (2001–2005),3. DÖNEM,235,3 Mayıs,2003-05-03,,2003,Boğaziçi Üniversitesi Rektörlük Salonu’nda Tarih Vakfı’nın 5. Genel Kurulu yapıldı.,,organizational,,uncertain_category,
TV00994,3. Dönem (2001–2005),3. DÖNEM,236,6 Mayıs,2003-05-06,,2003,Samsun Yerel Tarih Grubu’nun “Samsun Tarihiyle Buluşuyor” fotoğraf sergisini açması.,Sergi,event,1,verified,
TV00995,3. Dönem (2001–2005),3. DÖNEM,237,8-20 Mayıs,2003-05-08,2003-05-20,2003,"Benetton’un Dergisi Colors’ın Sergisi, Darphane.",Sergi,event,1,verified,
TV00996,3. Dönem (2001–2005),3. DÖNEM,238,28 Mayıs,2003-05-28,,2003,Çanakkale Yerel Tarih Grubu’nun düzenlediği Orhan Silier:”Tarih Vakfı” söyleşisi,Diğer Etkinlik,event,1,verified,
TV00997,3. Dönem (2001–2005),3. DÖNEM,239,28 Mayıs,2003-05-28,,2003,Tarihçinin Mutfağı Konferans Dizisi: Selim Deringil.,Konferans/Söyleşi,event,1,verified,
TV00998,3. Dönem (2001–2005),3. DÖNEM,240,28 Mayıs,2003-05-28,,2003,"Robert Stradling, Tarihi Öğrenmek ve Öğretmek, 20. Yüzyıl Avrupa Tarihi Nasıl Öğretilmeli",Yayın (Vakıf),publication,1,verified,
TV00999,3. Dönem (2001–2005),3. DÖNEM,241,28 Mayıs,2003-05-28,,2003,"Toplumsal Tarih 113. Sayı, ""Anadolu Uygarlıkları""",Dergi (Toplumsal Tarih),publication,1,verified,
TV01000,3. Dönem (2001–2005),3. DÖNEM,243,6 Haziran,2003-06-06,,2003,Tarih Vakfı İzmirlilerle Buluşuyor Toplantısı - İzmir  (Ege İşadamları Derneği desteğiyle),İç Toplantı,organizational,1,verified,
TV01001,3. Dönem (2001–2005),3. DÖNEM,244,6 Haziran,2003-06-06,,2003,"Edirne Yerel Tarih Grubu’nun davetiyle Hafızağa Konağı’nı Kent Müzesi Olarak Düzenlenmesi Konferansı, Orhan Silier",Konferans/Söyleşi,event,1,verified,
TV01002,3. Dönem (2001–2005),3. DÖNEM,245,3 Haziran,2003-06-03,,2003,"“Türkiye’de Sivil Toplum ve Müzecilik” Konferansı, Orhan Silier, Berlin Wissenshaftskollege",Konferans/Söyleşi,event,1,verified,
TV01003,3. Dönem (2001–2005),3. DÖNEM,246,3 Haziran,2003-06-03,,2003,Temper Projesi kapsamında Mart 2003 tarihinden beri uygulanan Tarihöncesi Eğitim Programının  sona ermesi,Proje (Diğer),project,1,verified,
TV01004,3. Dönem (2001–2005),3. DÖNEM,247,26 Mayıs-6 Haziran,,,2003,"13. STK Sempozyumu : “Düşünen Toplum : Felsefi Yaklaşımlar , Açılımlar”. YTÜ Otidoryumu (Düzenleme Komitesine Üye Öteki STK’larla Birlikte).",Sempozyum,event,1,uncertain_date,
TV01005,3. Dönem (2001–2005),3. DÖNEM,248,6 Haziran,2003-06-06,,2003,"“Osmanlıdan Günümüze Eğitim Tarihi” söyleşisi, Necdet Sakaoğlu - Osmanlıca Seminerleri katılımcıları için",Konferans/Söyleşi,event,1,verified,
TV01006,3. Dönem (2001–2005),3. DÖNEM,249,6 Haziran,2003-06-06,,2003,“Danıştay Tarihi” Projesinin Ülkü Azrak yönetiminde başlaması,Proje (Kurum Arşivi),organizational,1,verified,
TV01007,3. Dönem (2001–2005),3. DÖNEM,250,6 Haziran,2003-06-06,,2003,Tarihçinin Mutfağı Konferans Dizisi: Taner Timur,Konferans/Söyleşi,event,1,verified,
TV01008,3. Dönem (2001–2005),3. DÖNEM,250,6 Haziran,2003-06-06,,2003,"Toplumsal Tarih 114. Sayı, ""Irak Gibi Diyar""",Dergi (Toplumsal Tarih),publication,1,verified,
TV01009,3. Dönem (2001–2005),3. DÖNEM,252,Temmuz 2003,,,2003,Çimento Mustahsilleri İşverenleri Sendikası ve Türkiye Çimento Mustahsilleri Birliği için hazırlanan Türk Çimento Tarihi kitabı Esma Sultan’da düzenlenen bir toplantıyla kamuoyuna ve basına tanıtıldı.,Basın Açıklaması,event,,needs_review,
TV01010,3. Dönem (2001–2005),3. DÖNEM,253,Temmuz 2003,,,2003,"Toplumsal Tarih 115. Sayı, ""80 yıl Sonra Lozan""",Dergi (Toplumsal Tarih),publication,1,needs_review,
TV01011,3. Dönem (2001–2005),3. DÖNEM,254,Temmuz 2003,,,2003,İstanbul Dergisi 46. Sayı: ”Arkeolojistan”,D_İstanbul Dergisi,publication,1,needs_review,
TV01012,3. Dönem (2001–2005),3. DÖNEM,256,16 Ağustos,2003-08-16,,2003,"TEMPER Projesi kapsamında “Çatalhöyük Festivali” (pilot okullar “Galatasaray İlköğretim Okulu” , “Marmara İlköğretim Okulu”, “Çumra Atatürk İllöğretim Okulu” ve “Küçükköy İlköğretim Okulu” öğrenci ve öğretmenlerinin katılımıyla)",Festival/Şenlik,event,1,verified,
TV01013,3. Dönem (2001–2005),3. DÖNEM,256,16 Ağustos,2003-08-16,,2003,"Barbara Hill, Bizans İmparatolruk Kadınları (1025-1204) İktidar, Himaye ve İdeoloji",Yayın (Yurt Yayınları),publication,1,verified,
TV01014,3. Dönem (2001–2005),3. DÖNEM,257,16 Ağustos,2003-08-16,,2003,"Dominique Chansel, Beyaz Perdedeki Avrupa Tarih Öğretimi ve Sinema",Yayın (Vakıf),publication,1,verified,
TV01015,3. Dönem (2001–2005),3. DÖNEM,258,16 Ağustos,2003-08-16,,2003,"Toplumsal Tarih 116. Sayı, ""Rönesans ve Osmanlı Dünyası"", arşivde dergi yok, EY.",Dergi (Toplumsal Tarih),publication,1,verified,
TV01016,3. Dönem (2001–2005),3. DÖNEM,260,1-14 Eylül,2003-09-01,2003-09-14,2003,"Josephine Powell Sergisi, Darphane",Sergi,event,1,verified,
TV01017,3. Dönem (2001–2005),3. DÖNEM,261,30 Ağustos-13 Eylül,,,2003,"Alptekin Baloğlu’nun “Sualtının Yıldızları” sergisi,  Darphane  (Lundbeck İlaçları’nın sponsorluğunda)",Sergi,event,1,uncertain_date,
TV01018,3. Dönem (2001–2005),3. DÖNEM,262,11-15 Eylül,2003-09-11,2003-09-15,2003,Tarih Vakfı’nın evsahipliğinde Europa Nostra Bilimsel Konseyi’nin 39. Toplantısı,Sempozyum,event,1,verified,
TV01019,3. Dönem (2001–2005),3. DÖNEM,263,26-27 Eylül,2003-09-26,2003-09-27,2003,"Tarih Vakfı “Kuşaklar, Deneyimler, Tanıklıklar” Konferansı, Darphane",Konferans/Söyleşi,event,1,verified,
TV01020,3. Dönem (2001–2005),3. DÖNEM,263,26-27 Eylül,2003-09-26,2003-09-27,2003,"Edhem Eldem, Daniel Goffman, Bruce Masters, Doğu ile Batı Arasında Osmanlı Kenti Halep, İzmir ve İstanbul",Yayın (Yurt Yayınları),publication,1,verified,
TV01021,3. Dönem (2001–2005),3. DÖNEM,264,26-27 Eylül,2003-09-26,2003-09-27,2003,"Toplumsal Tarih 117. Sayı, ""Azınlıklar, Tarih, Siyaset""",Dergi (Toplumsal Tarih),publication,1,verified,
TV01022,3. Dönem (2001–2005),3. DÖNEM,266,16 Ekim,2003-10-16,,2003,Tarihçinin Mutfağı: Mehmet Alkan,Konferans/Söyleşi,event,1,verified,
TV01023,3. Dönem (2001–2005),3. DÖNEM,267,5 Ekim,2003-10-05,,2003,"7. Mehmet Ali Aybar Sempozyumu : “Türkiye’de Değişim ve Ordu”, Darphane.",Sempozyum,event,1,verified,
TV01024,3. Dönem (2001–2005),3. DÖNEM,268,5 Ekim,2003-10-05,,2003,STK Rehberi’nin güncellenmesi çalışmasına başlanması (Dünya Bankası ve Açık Toplum Ensitüsü’nün desteğiyle),Proje (Diğer),project,1,verified,
TV01025,3. Dönem (2001–2005),3. DÖNEM,269,12 Ekim,2003-10-12,,2003,Toplumsal Tarih tarafından düzenlenen “Gençler Tarih Yazıyor” yarışmasında dereceye girenlerin ödül töreni,Ödül/Ödül Töreni,event,1,verified,
TV01026,3. Dönem (2001–2005),3. DÖNEM,269,12 Ekim,2003-10-12,,2003,yarış ödül,,publication,,uncertain_category,
TV01027,3. Dönem (2001–2005),3. DÖNEM,270,15-22 Ekim,2003-10-15,2003-10-22,2003,"Iraklı kadın ressam Vian Sora’nın resim sergisi, Darphane (Grundfos firmasının desteğiyle)",Sergi,event,1,verified,
TV01028,3. Dönem (2001–2005),3. DÖNEM,271,25 Ekim-2 Kasım,,,2003,"22. TÜYAP Kitap Fuarı’na katılım. Fuar süresince çeşitli söyleşiler , belgesel ve dia gösterileri.",Fuar,event,1,uncertain_date,
TV01029,3. Dönem (2001–2005),3. DÖNEM,271,25 Ekim-2 Kasım,,,2003,"Salih Özbaran (Ed.), Richard Knolles, History of The Turks V. J. Perry",Yayın (Vakıf),publication,1,uncertain_date,
TV01030,3. Dönem (2001–2005),3. DÖNEM,272,25 Ekim-2 Kasım,,,2003,"Toplumsal Tarih 118. Sayı, ""Cumhuriyet, Parti, Rejim""",Dergi (Toplumsal Tarih),publication,1,uncertain_date,
TV01031,3. Dönem (2001–2005),3. DÖNEM,273,25 Ekim-2 Kasım,,,2003,İstanbul Dergisi 47. Sayı: ”Tadıyla Tuzuyla İstanbul”,D_İstanbul Dergisi,publication,1,uncertain_date,
TV01032,3. Dönem (2001–2005),3. DÖNEM,275,28 Kasım-20 Aralık,,,2003,IFSAK tarafından düzenlenen World Press Photo 2003 ödüllü fotoğraflar sergisi,Sergi,event,1,uncertain_date,
TV01033,3. Dönem (2001–2005),3. DÖNEM,276,28 Kasım-20 Aralık,,,2003,"Toplumsal Tarih 119. Sayı, ""Oryantalizmi Tartışmak""",Dergi (Toplumsal Tarih),publication,1,uncertain_date,
TV01034,3. Dönem (2001–2005),3. DÖNEM,278,9 Aralık,2003-12-09,,2003,İTÜ Maçka Mustafa Kemal Anfi’sinde “Ders Kitapları ve İnsan Hakları” başlıklı bir kamuoyu Bilgilendirme Toplantısı;  “Eğitimde İnsan Hakları İçin İletişim Ağı Arayışları” – İstanbul toplantısı,Panel,event,1,verified,
TV01035,3. Dönem (2001–2005),3. DÖNEM,279,10 Aralık,2003-12-10,,2003,Çarşamba günü TBMM Eski Senato Salonunda “Ders Kitapları ve İnsan Hakları” Başlıklı Panel “Eğitimde İnsan Hakları İçin İletişim Ağı Arayışları” – Ankara toplantısı,Panel,event,2,verified,
TV01036,3. Dönem (2001–2005),3. DÖNEM,280,12-13 Aralık,2003-12-12,2003-12-13,2003,"14. STK Sempozyumu: “AB Süreci ve STK’lar,” İTÜ Vakfı Maçka Sosyal Tesisleri (Düzenleme Komitesi üyesi öteki STK’larla birlikte)",Sempozyum,event,1,verified,
TV01037,3. Dönem (2001–2005),3. DÖNEM,281,18 Aralık,2003-12-18,,2003,Tarihçinin Mutfağı Konferans Dizisi: Ali Dinçol,Konferans/Söyleşi,event,1,verified,
TV01038,3. Dönem (2001–2005),3. DÖNEM,281,18 Aralık,2003-12-18,,2003,"Cengiz İlhan, Mecelle/Hukukukn Doksan Dkouz İlkesi",Yayın (Vakıf),publication,1,verified,
TV01039,3. Dönem (2001–2005),3. DÖNEM,282,18 Aralık,2003-12-18,,2003,Tarhi Öğrenitiminde Çoğulcu ve Hoşgörülü Bir Yaklaşıma Doğru,Yayın (Vakıf),publication,1,verified,
TV01040,3. Dönem (2001–2005),3. DÖNEM,283,18 Aralık,2003-12-18,,2003,"Sevgi Aktüre, Anadolu'da Demir Çağı Kentleri",Yayın (Yurt Yayınları),publication,1,verified,
TV01041,3. Dönem (2001–2005),3. DÖNEM,284,18 Aralık,2003-12-18,,2003,"Toplumsal Tarih 120. Sayı, ""Türk-Amerikan İlişkileri""",Dergi (Toplumsal Tarih),publication,1,verified,
TV01042,3. Dönem (2001–2005),3. DÖNEM,287,10 Nisan - 7 Kasım 2004,,,2004,Hikâyemi Dinler Misin? Sergisi ve Belgesel Gösterimi (İzmir Başlangıç ve 20 il),Sergi,event,1,uncertain_date,
TV01043,3. Dönem (2001–2005),3. DÖNEM,288,10 Nisan 2004,2004-04-10,,2004,sergi-İZM kon belgesel ????,Konferans/Söyleşi,event,1,verified,
TV01044,3. Dönem (2001–2005),3. DÖNEM,289,17-18 Nisan 2004,2004-04-17,2004-04-18,2004,İnsan Hakları Eğitimi ve Ders Kitabı Araştırmaları Sempozyumu,Sempozyum,event,1,verified,
TV01045,3. Dönem (2001–2005),3. DÖNEM,290,3 Mayıs 2004,2004-05-03,,2004,Hikâyemi Dinler Misin? - Edirne (Edirne - Devecihan Kültür Merkezi),Sergi,event,1,verified,
TV01046,3. Dönem (2001–2005),3. DÖNEM,291,3 Mayıs 2004,2004-05-03,,2004,serg-EDİ  kon????,Konferans/Söyleşi,event,1,verified,
TV01047,3. Dönem (2001–2005),3. DÖNEM,292,24 Mayıs 2004,2004-05-24,,2004,Hikâyemi Dinler Misin? - Diyarbakır( Diyarbakır Keçi Burcu),,chronology,,uncertain_category,
TV01048,3. Dönem (2001–2005),3. DÖNEM,293,24 Mayıs 2004,2004-05-24,,2004,sergi-DİY kon,Sergi,event,1,verified,
TV01049,3. Dönem (2001–2005),3. DÖNEM,296,1-5 Haziran 2004,2004-06-01,2004-06-05,2004,Hikâyemi Dinler Misin? Sergisi (Mardin- Mardin Eğitim Hizmetleri Merkezi),,chronology,,uncertain_category,
TV01050,3. Dönem (2001–2005),3. DÖNEM,297,14 Haziran 2004,2004-06-14,,2004,Hikâyemi Dinler Misin? Sergisi (Antalya- Antalya Kültür Merkezi),,chronology,,uncertain_category,
TV01051,3. Dönem (2001–2005),3. DÖNEM,298,28 Haziran 2004,2004-06-28,,2004,"""Hikâyemi Dinler Misin?"" Sergisi (Antakya)(Antakya Belediye Meclisi Salonu)",,chronology,,uncertain_category,
TV01052,3. Dönem (2001–2005),3. DÖNEM,299,5 Temmuz 2004,2004-07-05,,2004,Hikâyemi Dinler Misin? - Gaziantep(Gaziantep Büyükşehir Belediyesi),,chronology,,uncertain_category,
TV01053,3. Dönem (2001–2005),3. DÖNEM,300,9 Ağustos 2004,2004-08-09,,2004,Hikâyemi Dinler Misin? - Çanakkale(Çanakkale - Mehmet Akif Ersoy Tiyatro Salonu),,chronology,,uncertain_category,
TV01054,3. Dönem (2001–2005),3. DÖNEM,301,23 Ağustos 2004,2004-08-23,,2004,Hikâyemi Dinler Misin? - Denizli(Denizli - Vali Yusuf Ziya Göksu Kongre Merkezi),,chronology,,uncertain_category,
TV01055,3. Dönem (2001–2005),3. DÖNEM,302,20 Eylül 2004,2004-09-20,,2004,Hikâyemi Dinler Misin? - Ankara(Ankara - Çankaya Belediyesi Çağdaş Sanatlar Merkezi),,chronology,,uncertain_category,
TV01056,3. Dönem (2001–2005),3. DÖNEM,303,11-22 Ekim 2004,2004-10-11,2004-10-22,2004,İstanbul – Sergi/Söyleşi (Hikâyenin Hikâyesi sunumu ile),,chronology,,uncertain_category,
TV01057,3. Dönem (2001–2005),3. DÖNEM,304,19 Temmuz 2004,2004-07-19,,2004,"Hikâyemi Dinler Misin? Sergi Açılışı (Samsun, Atatürk Kültür Merkezi ) 20-24 Temmuz 2004",,chronology,,uncertain_category,
TV01058,3. Dönem (2001–2005),3. DÖNEM,305,26 Temmuz 2004,2004-07-26,,2004,"Hikâyemi Dinler Misin? Sergi Açılışı (Trabzon, Hüseyin Kazaz Kültür Merkezi Konferans Salonu)27-31 Temmuz 2004",Sergi,event,1,verified,
TV01059,3. Dönem (2001–2005),3. DÖNEM,306,21 Eylül - 2 Ekim 2004,,,2004,"""Hikâyemi Dinler Misin?"" Sergisi ve Yan Etkinlikler",Sergi,event,1,uncertain_date,
TV01060,3. Dönem (2001–2005),3. DÖNEM,306,21 Eylül - 2 Ekim 2004,,,2004,[Gizli bilgi içeriyor],,publication,,uncertain_date,
TV01061,3. Dönem (2001–2005),3. DÖNEM,307,14.Aralık 2004,,,2004,Ders Kitaplarında İnsan Hakları ve Yeni Müfredat Değerlendirme Toplantısı,Atölye,event,1,uncertain_date,
TV01062,3. Dönem (2001–2005),3. DÖNEM,309,04 Şubat 2005,2005-02-04,,2005,Ders Kitaplarında İnsan Hakları Projesi Sonuç Duyurusu -Basın Toplantısı- Tüba İstanbul Ofisi,Basın Toplantısı,event,1,verified,
TV01063,3. Dönem (2001–2005),3. DÖNEM,310,07 Mart 2005,2005-03-07,,2005,Tarih Vakfı Genel Merkezi'nin taşınması ( Nişantaşı'ndan Yıldız Sarayı'na),,organizational,,uncertain_category,
TV01064,3. Dönem (2001–2005),3. DÖNEM,311,09 Mart 2005,2005-03-09,,2005,"20. Yüzyıl Dünya ve Türkiye Tarihi Kitap Tanıtımı (İstanbul Kitaplığı), Basın Toplantısı",Basın Toplantısı,event,1,verified,
TV01065,3. Dönem (2001–2005),3. DÖNEM,311,09 Mart 2005,2005-03-09,,2005,20. Yüzyıl Dünya ve Türkiye Tarihi,Yayın (Vakıf),publication,1,verified,
TV01066,3. Dönem (2001–2005),3. DÖNEM,313,12 Nisan 2005,2005-04-12,,2005,"4. Ulusal Eczacılık Fuarı Standı , Tanıtım Etkinliği",Fuar,event,1,verified,
TV01067,3. Dönem (2001–2005),3. DÖNEM,313,12 Nisan 2005,2005-04-12,,2005,"STK Rehberi,  2005.",Yayın (Vakıf),publication,1,verified,
TV01068,3. Dönem (2001–2005),3. DÖNEM,314,21 Nisan 2005,2005-04-21,,2005,"""STK Rehberi 2005"" Tanıtım ve Tartışma Toplantısı, (Darphane-i Amire)",Basın Toplantısı,event,1,verified,
TV01069,3. Dönem (2001–2005),3. DÖNEM,315,23 Nisan 2005,2005-04-23,,2005,Oyunlar ve Oyuncaklar Sergisi (Darphane-i Amire),Sergi,event,1,verified,
TV01070,3. Dönem (2001–2005),3. DÖNEM,316,Mayıs 2005,,,2005,"Tarih Vakfı  Kampanyası (İstanbul, Ankara)",,chronology,,uncertain_category,
TV01071,3. Dönem (2001–2005),3. DÖNEM,317,24 Mayıs 2005,2005-05-24,,2005,osmanlı ermenileri konferansının iptali,,chronology,,uncertain_category,
TV01072,3. Dönem (2001–2005),3. DÖNEM,318,Temmuz2005,,,2005,"Yönetim Kurulu Yapılanması (Orhan Silier Başkanlığında, İstanbul/ Ankara)",,chronology,,uncertain_date,
TV01073,3. Dönem (2001–2005),3. DÖNEM,320,6 - 20 Ağustos 2005,2005-08-06,2005-08-20,2005,Gönüllü ve Tanışma Toplantıları,İç Toplantı,organizational,1,verified,
TV01074,3. Dönem (2001–2005),3. DÖNEM,321,06 Ağustos 2005,2005-08-06,,2005,1. Gönüllüler Toplantısı (Dönüşüm 2006 Hazırlığı),İç Toplantı,organizational,1,verified,
TV01075,3. Dönem (2001–2005),3. DÖNEM,323,13 ve 20 Ağustos 2005,,,2005,Gönüllüler İçin Özel Tanışma Toplantıları,İç Toplantı,organizational,1,uncertain_date,
TV01076,3. Dönem (2001–2005),3. DÖNEM,324,12-16 Ağustos 2005,2005-08-12,2005-08-16,2005,"""Bellek’12"" Proje Duyurusu",Basın Toplantısı,event,1,verified,
TV01077,3. Dönem (2001–2005),3. DÖNEM,325,03 Eylül 2005,2005-09-03,,2005,2. Genel Gönüllüler Toplantısı (Darphane-i Amire),İç Toplantı,organizational,1,verified,
TV01078,3. Dönem (2001–2005),3. DÖNEM,326,6 - 26 Eylül 2005,2005-09-06,2005-09-26,2005,"""50. Yılında 6-7 Eylül Olayları"" Sergi ve Belgesel (Karşı Sanat Çalışmaları, Beyoğlu, İstanbul)",Sergi,event,1,verified,
TV01079,3. Dönem (2001–2005),3. DÖNEM,327,12 Eylül 2005,2005-09-12,,2005,"""6-7 Eylül Olayları"" Paneli ve ""Bellek’12"" Web Sitesi  ( Bilgi Üniversitesi, Dolapdere, İstanbul)",Panel,event,1,verified,
TV01080,3. Dönem (2001–2005),3. DÖNEM,328,23-25 Eylül 2005,2005-09-23,2005-09-25,2005,"""Günümüzde Geçmiş: Tarihsel Koruma ve Alan Yönetimi"" (Darphane-i Amire)",Atölye,event,1,verified,
TV01081,3. Dönem (2001–2005),3. DÖNEM,329,23 Eylül-12 Ekim 2005,,,2005,"Cem Boyner - ""Uzak ve Yakın"" Fotoğraf Sergisi",Sergi,event,1,uncertain_date,
TV01082,3. Dönem (2001–2005),3. DÖNEM,330,29 Eylül - 16 Ekim 2005,,,2005,Steve McCurry Fotoğraf Sergisi,Sergi,event,1,uncertain_date,
TV01083,3. Dönem (2001–2005),3. DÖNEM,331,1 Ekim 2005,2005-10-01,,2005,3. Gönüllüler Toplantısı (Darphane-i Amire),İç Toplantı,organizational,1,verified,
TV01084,3. Dönem (2001–2005),3. DÖNEM,332,08 Ekim 2005,2005-10-08,,2005,"Mehmet Ali Aybar’ı Anma Sempozyumu (Bilgi Üniversitesi, Dolapdere, İstanbul)",Sempozyum,event,1,verified,
TV01085,3. Dönem (2001–2005),3. DÖNEM,333,8 - 16 Ekim 2005,2005-10-08,2005-10-16,2005,"TÜYAP Kitap Fuarı Katılımı (Tüyap Beylikdüzü, İstanbul)",Fuar,event,1,verified,
TV01086,3. Dönem (2001–2005),3. DÖNEM,333,8 - 16 Ekim 2005,2005-10-08,2005-10-16,2005,[Gizli bilgi içeriyor],,publication,,uncertain_category,
TV01087,3. Dönem (2001–2005),3. DÖNEM,334,10 Ekim 2005,2005-10-10,,2005,İstanbul Müzesi Projesi Protokol İmza Töreni,,chronology,,uncertain_category,
TV01088,3. Dönem (2001–2005),3. DÖNEM,335,19 Ekim - 18 Aralık 2005,,,2005,Eyüp Oyuncakçılığı Projesi ve Sergisi ( Darphane-i Amire),Sergi,event,1,uncertain_date,
TV01089,3. Dönem (2001–2005),3. DÖNEM,336,26 - 28 Ekim 2005,2005-10-26,2005-10-28,2005,"5. Uluslararası Tarih Kongresi:Tarihsel Sosyoloji: Stratejiler, Problemler ve Paradigmalar, (Odtü, Ankara)",Kongre,event,1,verified,
TV01090,3. Dönem (2001–2005),3. DÖNEM,336,26 - 28 Ekim 2005,2005-10-26,2005-10-28,2005,"Ercan Eren, Geçmişten Günümüze Anadolu’da Bira",Yayın (Vakıf),publication,1,verified,
TV01091,3. Dönem (2001–2005),3. DÖNEM,337,09 Kasım 2005,2005-11-09,,2005,"""Geçmişten Günümüze Anadolu’da Bira"" Kitap Tanıtımı ve Sergi",Sergi,event,1,verified,
TV01092,3. Dönem (2001–2005),3. DÖNEM,338,09 Kasım 2005,2005-11-09,,2005,sergi basın,Basın Toplantısı,event,1,verified,
TV01093,3. Dönem (2001–2005),3. DÖNEM,339,12 Kasım 2005,2005-11-12,,2005,Gönüllü Toplantısı,İç Toplantı,organizational,1,verified,
TV01094,3. Dönem (2001–2005),3. DÖNEM,340,Aralık 2005,,,2005,Hedef 2010: Darphane-i Amire İstanbul Müzesi'ne Dönüşecek (Kurumsal Duyuru),,organizational,,uncertain_category,
TV01095,3. Dönem (2001–2005),3. DÖNEM,340,Aralık 2005,,,2005,"Hedef 2010: Darphane-i Amire İstanbul Müzesi'ne Dönüşecek , Darphane-i Amire/ Web Sitesi",,chronology,,uncertain_category,
TV01096,3. Dönem (2001–2005),3. DÖNEM,341,14 Aralık 2005,2005-12-14,,2005,"Prof. Dr. Korkut Boratav’a Saygı Toplantısı , Ankara Üniversitesi, SBF.",Panel,event,1,verified,
TV01097,4. Dönem (2006–2010),4. DÖNEM,2,2006,,,2006,"Toplumsal Tarih Sayı 145  – İstanbul Kolera Salgını, Notre Dame de Sion Arşivleri",Dergi (Toplumsal Tarih),publication,1,uncertain_date,
TV01098,4. Dönem (2006–2010),4. DÖNEM,3,Ocak 2006,,,2006,“Türkiye’de Enflasyonun Tarihi” kitabı  (Fatma & A. Suut Doğruel) (Merkez Bankası & Tarih Vakfı),Yayın (Vakıf),publication,1,needs_review,
TV01099,4. Dönem (2006–2010),4. DÖNEM,5,27 Şubat 2006,2006-02-27,,2006,"“Belleklerde İstanbul” sergisinin 
açılış duyurusu yapıldı",,chronology,,uncertain_category,
TV01100,4. Dönem (2006–2010),4. DÖNEM,6,28 Şubat 2006,2006-02-28,,2006,Gönüllü Çağrısı: 2006 yılının ilk gönüllü toplantısı 4 Mart'ta: Darphane,İç Toplantı,organizational,1.0,verified,
TV01101,4. Dönem (2006–2010),4. DÖNEM,6,28 Şubat 2006,2006-02-28,,2006,"Toplumsal Tarih Sayı 147 – Kadınlar Günü Özel Dosyası, Kadın Doktorların Mücadelesi",Dergi (Toplumsal Tarih),publication,1,verified,
TV01102,4. Dönem (2006–2010),4. DÖNEM,7,1 Mart 2006,2006-03-01,,2006,İngiltere Başkonsolosluğu aracılığıyla Anadolu okullarına kitap bağış:İstanbul'dan Anadolu'da 45 okula,,chronology,,uncertain_category,
TV01103,4. Dönem (2006–2010),4. DÖNEM,8,04 Mart 2006,2006-03-04,,2006,"Tarih Vakfı Gönüllü Toplantısı (2006’nın ilk toplantısı):Darphane, İstanbul.",İç Toplantı,organizational,1.0,verified,
TV01104,4. Dönem (2006–2010),4. DÖNEM,10,14-18 Mart 2006,2006-03-14,2006-03-18,2006,Osmanlıca kursları başladı,Kurs/Seminer,event,1,verified,
TV01105,4. Dönem (2006–2010),4. DÖNEM,11,20 Mart 2006,2006-03-20,,2006,"""Günümüzde Kent Müzeleri"" Konferansı , David Fleming, Yapı Kredi Kültür Merkezi",Konferans/Söyleşi,event,1.0,verified,
TV01106,4. Dönem (2006–2010),4. DÖNEM,12,21 Mart - 9 Haziran 2006,,,2006,"Yunan Dili ve Tarihi Semineri düzenlendi:Salı-Perşembe 18:30-20:30: Yrd. Doç. Dr. Elçin Macar - Yunanca dil eğitimi, Ege tarihi, Bizans-Osmanlı, azınlıklar, Rum Patrikhanesi gezileri",Gezi,event,1,uncertain_date,
TV01107,4. Dönem (2006–2010),4. DÖNEM,14,24 Mart 2006,2006-03-24,,2006,Nisan ayı gönüllü toplantısı 1 Nisan'da: Darphane,İç Toplantı,organizational,1.0,verified,
TV01108,4. Dönem (2006–2010),4. DÖNEM,15,28 Mart 2006,2006-03-28,,2006,Hacivat Karagöz Neden Öldürüldü? özel gösterimi,Sinema,event,,verified,
TV01109,4. Dönem (2006–2010),4. DÖNEM,16,30 Mart-13 Nisan 2006,,,2006,"""Belleklerde İstanbul"" Sergisi , Darphane-i Amire, Salon 4.1, İstanbul",Sergi,event,1,uncertain_date,
TV01110,4. Dönem (2006–2010),4. DÖNEM,17,8 - 28 Nisan 2006,2006-04-08,2006-04-28,2006,"Zamanın Lale Hali (Lale motifli eserler sergisi): Darphane-i Amire, İstanbul",Sergi,event,1,verified,
TV01111,4. Dönem (2006–2010),4. DÖNEM,18,14 Nisan 2006,2006-04-14,,2006,"Müzecilik Konferansları Serisi’nin yedincisi gerçekleştirildi. ,Oslo Kent Müzesi Müdürü Lars Roede., Yapı Kredi Kültür Merkezi Sermet Çifter Salonu.",Konferans/Söyleşi,event,1.0,verified,
TV01112,4. Dönem (2006–2010),4. DÖNEM,19,15 Nisan 2006,2006-04-15,,2006,"Konferans: Volkan Aytar: “Çoğul Sesler: İstanbul’da Kent, Toplum ve Müzik”, Darphane-i Amire Binaları, İstanbul",Konferans/Söyleşi,event,1.0,verified,
TV01113,4. Dönem (2006–2010),4. DÖNEM,21,Nisan 2006,,,2006,"Osmanlıca, Latince, Yunanca ve Belgesel Sinema seminerleri, Tarih Vakfı Ankara Temsilciliği",Kurs/Seminer,event,4,needs_review,
TV01114,4. Dönem (2006–2010),4. DÖNEM,23,18 - 24 Nisan 2006,2006-04-18,2006-04-24,2006,"Sergi: Eyüp Oyuncakları Sergisi: AB Bilgi Merkezi, Taksim – İstanbul",Sergi,event,1,verified,
TV01115,4. Dönem (2006–2010),4. DÖNEM,24,21-22 Nisan 2006,2006-04-21,2006-04-22,2006,Uluslararası Kent Müzeleri Sempozyumu: Antalya,Sempozyum,event,1,verified,
TV01116,4. Dönem (2006–2010),4. DÖNEM,25,30 Nisan 2006,2006-04-30,,2006,Tarih Vakfı 6. Genel Kurulu yapıldı: Halim Bulutoğlu başkan oldu. (Başkanlık süresi: 2006-2008),,organizational,,uncertain_category,
TV01117,4. Dönem (2006–2010),4. DÖNEM,26,Mayıs 2006,,,2006,1. Uluslararası Mardin Tarihi Sempozyumu,Sempozyum,event,1,needs_review,
TV01118,4. Dönem (2006–2010),4. DÖNEM,27,2006-05-01 00:00:00,,,2006,Proje Hazırlığı: Türkiye’nin İnsanları Projesi: Proje hazırlık sürecinin devam ettiği duyurusu: Türkiye geneli,Proje (Diğer),project,1,uncertain_date,
TV01119,4. Dönem (2006–2010),4. DÖNEM,28,2006-05-05 00:00:00,,,2006,"Anma Programı / Belgesel: Haldun Özen’i Saygıyla Andık, Ankara",Panel,event,1,uncertain_date,
TV01120,4. Dönem (2006–2010),4. DÖNEM,29,06 Mayıs 2006,2006-05-06,,2006,"Tarih Vakfı Gönüllü Toplantısı: Darphane, İstanbul",İç Toplantı,organizational,1.0,verified,
TV01121,4. Dönem (2006–2010),4. DÖNEM,30,20 Mayıs 2006,2006-05-20,,2006,"Konferans: Zafer Yenal: “Türkiye’de Yemeğin Tarihini Yeniden Düşünmek”: Darphane-i Amire, İstanbul",Konferans/Söyleşi,event,1,verified,
TV01122,4. Dönem (2006–2010),4. DÖNEM,31,23 Mayıs 2006,2006-05-23,,2006,"“Müzecilik ve Sürdürülebilirlik” paneli: Milli Kütüphane, Ankara",Panel,event,1,verified,
TV01123,4. Dönem (2006–2010),4. DÖNEM,32,2006-05-27 00:00:00,,,2006,"Müzecilik Konferansları serisinin sekizincisi gerçekleştirildi. David Anderson, “Kirpi mi, Tilki mi? Kültür Kurumları İçin Stratejik Seçimler” , Darphane",Konferans/Söyleşi,event,1.0,uncertain_date,
TV01124,4. Dönem (2006–2010),4. DÖNEM,32,2006-05-27 00:00:00,,,2006,"Toplumsal Tarih Sayı 150: Karantina İsyanları, Şah Rıza Pehlevi Ziyareti",Dergi (Toplumsal Tarih),publication,1,uncertain_date,
TV01125,4. Dönem (2006–2010),4. DÖNEM,34,2006-06-01 00:00:00,,,2006,İnşaatçıların Tarihi – Türkiye’de Müteahhitlik Hizmetlerinin Gelişimi,Yayın (Vakıf),publication,1,uncertain_date,
TV01126,4. Dönem (2006–2010),4. DÖNEM,35,3 Haziran 2006,2006-06-03,,2006,Yeni Yönetim Kurulu'nun ilk toplantısı ve görev dağılımı,,organizational,,uncertain_category,
TV01127,4. Dönem (2006–2010),4. DÖNEM,36,8 - 18 Haziran 2006,2006-06-08,2006-06-18,2006,"Gezici Sergi: Bira’nın Sergisi (ilk durak İstanbul): İstanbul (devamında Ankara, İzmir vb.)",Sergi,event,1.0,verified,
TV01128,4. Dönem (2006–2010),4. DÖNEM,37,13 - 24 Haziran 2006,2006-06-13,2006-06-24,2006,"Festival / Performans: Transit İstanbul Doğaçlama Günleri: Çeşitli mekânlar, Darphane dahil",,chronology,,uncertain_category,
TV01129,4. Dönem (2006–2010),4. DÖNEM,38,2026-06-17 00:00:00,,,2026,İstanbul Dergisi Sayı 56 – Avrupa Kültür Başkeni 2010 teması,D_İstanbul Dergisi,publication,1,uncertain_date,
TV01130,4. Dönem (2006–2010),4. DÖNEM,40,1 Temmuz 2006,2006-07-01,,2006,"Yaz Projeleri Gönüllü Katılım Toplantısı, Darphane-i Amire, İstanbul",İç Toplantı,organizational,1,verified,
TV01131,4. Dönem (2006–2010),4. DÖNEM,40,1 Temmuz 2006,2006-07-01,,2006,"Öğretmenler Platformu 9-10. sınıf tarih müfredatı değerlendirmesi, Talim ve Terbiye Kurulu / Tarih Vakfı.",Resmi Toplantı,publication,,verified,
TV01132,4. Dönem (2006–2010),4. DÖNEM,42,Ağustos 2006,,,2006,Ankara Temsilciliği'nin Çankaya'ya taşınması: Ankara (Küçükesat'tan Çankaya'ya),,organizational,,uncertain_category,
TV01133,4. Dönem (2006–2010),4. DÖNEM,43,17-22 Ağustos,2006-08-17,2006-08-22,2006,Efes Pilsen ile Biranın Sergisi : Darphane.,Sergi,event,1,verified,
TV01134,4. Dönem (2006–2010),4. DÖNEM,44,18 Ağustos - 2 Eylül,,,2006,Etkinlik: Tarih Vakfı ve İnsan Yerleşimleri Derneği işbirliğiyle “Haydarpaşa 0 noktası”,Gösteri,event,1.0,uncertain_date,
TV01135,4. Dönem (2006–2010),4. DÖNEM,44,18 Ağustos - 2 Eylül,,,2006,İstanbul' Dergisi Sayı 57: Kentsel Dönüşüm Özel Sayısı,D_İstanbul Dergisi,publication,1,uncertain_date,
TV01136,4. Dönem (2006–2010),4. DÖNEM,46,14 Ekim 2006,2006-10-14,,2006,Tarih Vakfı 15. yıl kutlaması,15. YIL KUTLAMASI,event,,verified,
TV01137,4. Dönem (2006–2010),4. DÖNEM,47,17 Ekim 2006,2006-10-17,,2006,"Konferans: Prof. Randolph Starn: “Müzeler Krizde mi?”:Yapı Kredi Kültür Merkezi, İstanbul",Konferans/Söyleşi,event,1,verified,
TV01138,4. Dönem (2006–2010),4. DÖNEM,49,27 Ekim - 5 Kasım 2006,,,2006,25. İstanbul Kitap Fuarı’na katılım,Fuar,event,1.0,uncertain_date,
TV01139,4. Dönem (2006–2010),4. DÖNEM,49,27 Ekim - 5 Kasım 2006,,,2006,Toplumsal Tarih Sayı 155  Tarih Kırım Savaşı'nın Rus/Sovyet tarih yazımı,Dergi (Toplumsal Tarih),publication,1,uncertain_date,
TV01140,4. Dönem (2006–2010),4. DÖNEM,51,3 Kasım 2006,2006-11-03,,2006,"Bir Barış Çağrısı Olarak Sema' Gösterisi, Darphane-i Amire, İstanbul",Gösteri,event,1,verified,
TV01141,4. Dönem (2006–2010),4. DÖNEM,52,8-12 Kasım 2006,2006-11-08,2006-11-12,2006,"Dans Atölyesi: 'İstanbul Tango Ritual' Etkinliği, İstanbul , Çeşitli Mekanlar",Dans,event,,verified,
TV01142,4. Dönem (2006–2010),4. DÖNEM,53,Aralık 2006,,,2006,"Antalya Kent Belleği Merkezi Açılışı 
Etkinliği- Antalya",,chronology,,uncertain_category,
TV01143,4. Dönem (2006–2010),4. DÖNEM,54,21 Aralık 2006,2006-12-21,,2006,"Tarihçinin Gündemi 1. Toplantı - 
Tülün Değirmenci",Konferans/Söyleşi,event,1,verified,
TV01144,4. Dönem (2006–2010),4. DÖNEM,55,31 Aralık 2006- 01 Ocak 2007,,,2006,"Tarih Vakfı Yılbaşı Yemeği: Vakıf mensupları yılbaşı buluşması-Darphane-i Amire, İstanbul",,organizational,,uncertain_date,
TV01145,4. Dönem (2006–2010),4. DÖNEM,55,31 Aralık 2006- 01 Ocak 2007,,,2006,Kitap Lansmanı:Harun Reşid' André Clot - Arap Biliminin Altın Çağıİstanbul (Yurt,Yayın (Yurt Yayınları),publication,1,uncertain_date,
TV01146,4. Dönem (2006–2010),4. DÖNEM,56,31 Aralık 2006- 01 Ocak 2007,,,2006,Kitap Lansmanı:Harun Reşid' André Clot - Arap Biliminin Altın Çağıİstanbul (Yurt,Basın Toplantısı,publication,1,uncertain_date,
TV01147,4. Dönem (2006–2010),4. DÖNEM,57,2007.0,,,2007,İzmir - Allianoi:Europa Nostra'nın Allianoi antik kentinin su altında kalmasını önleme çağrısı :Kültürel Miras Çağrısı,,chronology,,uncertain_date,
TV01148,4. Dönem (2006–2010),4. DÖNEM,57,2007.0,,,2007,Toplumsal Tarih: Sayı 157.,Dergi (Toplumsal Tarih),publication,1,uncertain_date,
TV01149,4. Dönem (2006–2010),4. DÖNEM,58,Ocak 2007,,,2007,Mardin'in İnsan Manzarası Projesi: Mardin (Tarih Vakfı koordinasyonu) Proje Başkangıcı.- Mardin odaklı sosyal ve kültürel bellek projesi,Proje (Diğer),project,1,needs_review,
TV01150,4. Dönem (2006–2010),4. DÖNEM,59,12 Ocak 2007,2007-01-12,,2007,Dergi Tanıtımı: 'İstanbul' Dergisi Sayı 58: İstanbul 'cool şehir' olarak,D_İstanbul Dergisi,publication,1,verified,
TV01151,4. Dönem (2006–2010),4. DÖNEM,60,12 Ocak 2007,2007-01-12,,2007,Dergi Tanıtımı: 'İstanbul' Dergisi Sayı 58: İstanbul 'cool şehir' olarak,Basın Toplantısı,publication,1,verified,
TV01152,4. Dönem (2006–2010),4. DÖNEM,62,19 Ocak 2007,2007-01-19,,2007,"Antalya Kent Konseyi - Kent Müzesi Buluşması,Kent yönetimi ve müzecilik paneli: AKM Perge Salonu, Antalya",Panel,event,1.0,verified,
TV01153,4. Dönem (2006–2010),4. DÖNEM,62,19 Ocak 2007,2007-01-19,,2007,Türkiye’de Sözlü Tarih Çalışmaları' kitabı,Yayın (Vakıf),publication,1,verified,
TV01154,4. Dönem (2006–2010),4. DÖNEM,64,2007-01-25 00:00:00,,,2007,"Tarihçinin Gündemi 2. Toplantı - Lorans Izabel Baruh: Tarih Vakfı Bilgi Belge Merkezi, İstanbul",Konferans/Söyleşi,event,1,uncertain_date,
TV01155,4. Dönem (2006–2010),4. DÖNEM,66,5 Şubat 2007,2007-02-05,,2007,"Osmanlıca Seminerleri - Orta Seviye, Tarih Vakfı Merkezi, Yıldız - İstanbul",Kurs/Seminer,event,1.0,verified,
TV01156,4. Dönem (2006–2010),4. DÖNEM,67,7 Şubat 2007,2007-02-07,,2007,"Osmanlıca Seminerleri - İleri Seviye-Tarih Vakfı Merkezi, Yıldız - İstanbul",Kurs/Seminer,event,1.0,verified,
TV01157,4. Dönem (2006–2010),4. DÖNEM,68,13 Şubat 2007,2007-02-13,,2007,Tarihi binaların tahliye tehdidine ilişkin açıklama: Basın Açıklaması: Binalar yıkılma raporuyla tehdit altında; 22 Şubat tahliye riski:İstanbul (Tarihi Darphane Binaları),Basın Açıklaması,event,1.0,verified,
TV01158,4. Dönem (2006–2010),4. DÖNEM,69,20 Şubat 2007,2007-02-20,,2007,"Osmanlıca Seminerleri - Başlangıç Seviyesi: Tarih Vakfı Merkezi, Yıldız - İstanbul.",Kurs/Seminer,event,1.0,verified,
TV01159,4. Dönem (2006–2010),4. DÖNEM,70,26-27 Şubat 2007,2007-02-26,2007-02-27,2007,"Acil Basın Bülteni: İstanbul (Darphane Binaları, Eminönü): Binalar acil tahliye riski altında; tahliye işlemleri",Basın Açıklaması,event,1.0,verified,
TV01160,4. Dönem (2006–2010),4. DÖNEM,70,26-27 Şubat 2007,2007-02-26,2007-02-27,2007,Toplumsal Tarih Sayı 159: Kurtuluş Savaşı'nda Sovyet-Ankara ilişkileri,Dergi (Toplumsal Tarih),publication,1,verified,
TV01161,4. Dönem (2006–2010),4. DÖNEM,72,5 Mart - 30 Mayıs 2007,,,2007,Yunan Dili ve Kültürü Semineri,Kurs/Seminer,event,1.0,uncertain_date,
TV01162,4. Dönem (2006–2010),4. DÖNEM,73,18 Mart 2007,2007-03-18,,2007,Olağanüstü Genel Kurul Toplantısı,,organizational,,uncertain_category,
TV01163,4. Dönem (2006–2010),4. DÖNEM,73,18 Mart 2007,2007-03-18,,2007,Toplumsal Tarih Sayı 160: Korsanlık tarihi & Nazım Hikmet,Dergi (Toplumsal Tarih),publication,1,verified,
TV01164,4. Dönem (2006–2010),4. DÖNEM,74,18 Mart 2007,2007-03-18,,2007,"Basın Açıklaması: 11 Yıldır İstanbul
 Müzesi Egelleniyor",Basın Açıklaması,event,1.0,verified,
TV01165,4. Dönem (2006–2010),4. DÖNEM,76,Nisan-Mayıs 2007,,,2007,"Antalya Kent Müzesi Projesi Çalışmaları: Gezi, danışma kurulu ve atölye etkinlikleri: Antalya ve Bursa",Atölye,event,1,needs_review,
TV01166,4. Dönem (2006–2010),4. DÖNEM,77,5 Nisan 2007,2007-04-05,,2007,"Darphane mühürlerinin mahkeme kararıyla sökülmesi- Basın Açıklaması: Mühürler söküldü, binalar İstanbullulara yeniden açıldı:İstanbul (Tarihi Darphane Binaları)",,organizational,,uncertain_category,
TV01167,4. Dönem (2006–2010),4. DÖNEM,78,26 Nisan 2007,2007-04-26,,2007,"Seminer / Toplantı, Tarihçinin Gündemi – 5. Buluşma: Ebubekir Ceylan sunumu: Tarih Vakfı Bilgi Belge Merkezi",Konferans/Söyleşi,event,1.0,verified,
TV01168,4. Dönem (2006–2010),4. DÖNEM,78,26 Nisan 2007,2007-04-26,,2007,Toplumsal Tarih Sayı 161 & İstanbul Sayı 59 (Güvenlik teması),Dergi (Toplumsal Tarih),publication,1,verified,
TV01169,4. Dönem (2006–2010),4. DÖNEM,80,11 Mayıs 2007,2007-05-11,,2007,"Atölye Duyurusu: Tarih Ders Kitapları Nasıl Yazılmalı?' Atölyesi 18-19 Mayıs: Şişli, İstanbul (Notre Dame de Sion Lisesi)",Atölye,event,1.0,verified,
TV01170,4. Dönem (2006–2010),4. DÖNEM,80,11 Mayıs 2007,2007-05-11,,2007,Toplumsal Tarih Sayı 162: Fes-Şapka çatışması ve modernleşme,Dergi (Toplumsal Tarih),publication,1,verified,
TV01171,4. Dönem (2006–2010),4. DÖNEM,82,Haziran 2007,,,2007,"Sergi, ' El Alem' Seramik Sergisi,Ayşegül Akın-Ezgi Hakan Darphane-i Amire Salon 4.1",Sergi,event,1.0,needs_review,
TV01172,4. Dönem (2006–2010),4. DÖNEM,82,Haziran 2007,,,2007,"Toplumsal Tarih Sayı 163: Sultan II. Abdülhamid'in sağlığı, sivil savunma",Dergi (Toplumsal Tarih),publication,1,needs_review,
TV01173,4. Dönem (2006–2010),4. DÖNEM,83,2007-07-02 00:00:00,,,2007,'İstanbul' Dergisi Sayı 60: Neoliberalizmin kentsel taarruzu,D_İstanbul Dergisi,publication,1,uncertain_date,
TV01174,4. Dönem (2006–2010),4. DÖNEM,85,Ağustos 2007 - Şubat 2009,,,2007,"Ders Kitaplarında İnsan Hakları II (DKİH-II): İlk ve ortaöğretim ders kitaplarının insan hakları açısından incelenmesi, anketler, saha çalışmaları , Araştırma Projesi",Proje (Diğer),project,1.0,uncertain_date,
TV01175,4. Dönem (2006–2010),4. DÖNEM,85,Ağustos 2007 - Şubat 2009,,,2007,"Toplumsal Tarih Sayı 164: Antik kentler, zorunlu askerlik, bisiklet tarihi",Dergi (Toplumsal Tarih),publication,1,uncertain_date,
TV01176,4. Dönem (2006–2010),4. DÖNEM,87,2007-08-18 00:00:00,,,2007,Toplumsal Tarih Sayı 165: Osmanlı İmparatorluğu'nda göç olgusu,Dergi (Toplumsal Tarih),publication,1,uncertain_date,
TV01177,4. Dönem (2006–2010),4. DÖNEM,88,2007-09-01 00:00:00,,,2007,Bsasın Bülteni : 'Ders Kitaplarında İnsan Hakları II' projesi yeniden başlama duyurusu,,publication,,uncertain_date,
TV01178,4. Dönem (2006–2010),4. DÖNEM,89,2007-09-13 00:00:00,,,2007,Toplumsal Tarih Sayı 166: Osmanlı/İran'da Modernite & Meşrutiyet,Dergi (Toplumsal Tarih),publication,1,uncertain_date,
TV01179,4. Dönem (2006–2010),4. DÖNEM,91,2007-10-07 00:00:00,,,2007,11. Mehmet Ali Aybar'ı Anma Sempozyumu: 'Politik Özne Olarak Aydın': İstanbul (Bilgi Üniversitesi Santralistanbul),Sempozyum,event,1.0,uncertain_date,
TV01180,4. Dönem (2006–2010),4. DÖNEM,92,2007-10-15 00:00:00,,,2007,Osmanlıca ve Yunanca seminerleri yeni dönem kaydı: İstanbul (Eminönü Bilgi Belge Merkezi),Kurs/Seminer,event,2.0,uncertain_date,
TV01181,4. Dönem (2006–2010),4. DÖNEM,93,17-24 Ekim 2007,2007-10-17,2007-10-24,2007,EUROCLIO Hollandalı Tarih Eğitimcileri Gezisi:Ankara ve İstanbul,,chronology,,uncertain_category,
TV01182,4. Dönem (2006–2010),4. DÖNEM,94,20 Ekim 2007 - 17 Ocak 2008,,,2007,Osmanlıca Kursu (Başlangıç Seviyesi) - 48 saat ( Tarih Vakfı Eminönü Binası),,chronology,,uncertain_date,
TV01183,4. Dönem (2006–2010),4. DÖNEM,95,27 Ekim - 4 Kasım 2007,,,2007,Belleklerde İstanbul Sergisi' 26. İstanbul Kitap Fuarı'nda: İstanbul (TÜYAP Fuar Merkezi),Sergi,event,1.0,uncertain_date,
TV01184,4. Dönem (2006–2010),4. DÖNEM,95,27 Ekim - 4 Kasım 2007,,,2007,'İstanbul' Dergisi Sayı 61: 'Zoraki Metropol' - zorunlu göç,D_İstanbul Dergisi,publication,1,uncertain_date,
TV01185,4. Dönem (2006–2010),4. DÖNEM,96,2007-11-01 00:00:00,,,2007,"Toplumsal Tarih Sayı 167: İki şehzadenin polisiye hikayeleri, 1933 Darülfünun Tasfiyesi",Dergi (Toplumsal Tarih),publication,1,uncertain_date,
TV01186,4. Dönem (2006–2010),4. DÖNEM,98,2007-11-22 00:00:00,,,2007,Sergi Duyurusu: 'Umutlarımız ve Korkularımız Sergisi' Antalya Kent Müzesi için,Sergi,event,1.0,uncertain_date,
TV01187,4. Dönem (2006–2010),4. DÖNEM,98,2007-11-22 00:00:00,,,2007,"Toplumsal Tarih Sayı 168: II. Dünya Savaşı dosyası, Türkiye'nin Yunanistan'a yardımı",Dergi (Toplumsal Tarih),publication,1,uncertain_date,
TV01188,4. Dönem (2006–2010),4. DÖNEM,100,2007-12-26 00:00:00,,,2007,6-7. sınıf öğrencileri için araştırma ve sözlü tarih atölyesi: Avcılar Vali Rıdvan Yenişen İlköğretim Okulu,Atölye,event,1,uncertain_date,
TV01189,4. Dönem (2006–2010),4. DÖNEM,101,2008.0,,,2008,Activeline Dergisi: Röportaj- Prof. Dr. Murat Güvenç Röportajı- İstanbul sosyo-ekonomik atlası çalışmaları üzerine,,publication,,uncertain_date,
TV01190,4. Dönem (2006–2010),4. DÖNEM,103,2008.0,,,2008,Anma Toplantısı: 1933 Üniversite Reformu 75. yıl (Tarih Vakfı & Türk Musevi Cemaati): İstanbul,Panel,event,1.0,uncertain_date,
TV01191,4. Dönem (2006–2010),4. DÖNEM,103,2008.0,,,2008,"Murat Güvenç - 1910-1922 sokak profilleri ve 1990-2000 sayım atlasları, İstanbul Sosyo-Ekonomik Atlasları",,publication,,uncertain_date,
TV01192,4. Dönem (2006–2010),4. DÖNEM,104,2008 (Meşrutiyet'in 100. yılı),,,2008,'İstanbul' Dergisi Sayı 62: Kentte eğlence,D_İstanbul Dergisi,publication,1,uncertain_date,
TV01193,4. Dönem (2006–2010),4. DÖNEM,105,2008.0,,,2008,'İstanbul' Dergisi Sayı 64: Son sayı (1968'in 40. yılı),D_İstanbul Dergisi,publication,1,uncertain_date,
TV01194,4. Dönem (2006–2010),4. DÖNEM,107,2026-01-15 00:00:00,,,2026,"Osmanlıca seminerleri (başlangıç seviyesi başlıyor): Tarih Vakfı, Yıldız Sarayı, İstanbul",Kurs/Seminer,event,1.0,uncertain_date,
TV01195,4. Dönem (2006–2010),4. DÖNEM,108,2008-01-16 00:00:00,,,2008,"İpek Yolu projesi için okul ziyareti (11 öğrenci, 5 öğretmen):Tarih Vakfı Bilgi Belge Merkezi",,chronology,,uncertain_date,
TV01196,4. Dönem (2006–2010),4. DÖNEM,109,2026-01-24 00:00:00,,,2026,"Osmanlıca seminerleri (ileri seviye başlıyor):Tarih Vakfı, Yıldız Sarayı, İstanbul",Kurs/Seminer,event,1.0,uncertain_date,
TV01197,4. Dönem (2006–2010),4. DÖNEM,110,2026-01-31 00:00:00,,,2026,"Kent Müzeciliği: Dün Bugün Yarın' Paneli: Caddebostan Kültür Merkezi (CKM), İstanbul",Panel,event,1.0,uncertain_date,
TV01198,4. Dönem (2006–2010),4. DÖNEM,110,2026-01-31 00:00:00,,,2026,Toplumsal Tarih Sayı 170: 'Sessiz Toprak Reformu' (Osmanlı-Rusya karşılaştırması),Dergi (Toplumsal Tarih),publication,1,uncertain_date,
TV01199,4. Dönem (2006–2010),4. DÖNEM,112,2026-02-07 00:00:00,,,2026,"Doğan Canku Konseri Tarih Vakfı yararına ('Tarih Dostları' Buluşması 2): Caddebostan Kültür Merkezi (CKM), İstanbul",Konser,event,1.0,uncertain_date,
TV01200,4. Dönem (2006–2010),4. DÖNEM,113,2026-02-18 00:00:00,,,2026,"Osmanlıca Seminerleri yeni dönem (eğitmen: Fatmagül Demirel):Yıldız Sarayı, Beşiktaş",Kurs/Seminer,event,1.0,uncertain_date,
TV01201,4. Dönem (2006–2010),4. DÖNEM,114,2026-02-26 00:00:00,,,2026,"Tarihi Yarımada ve Tarihi Mirası Koruma' Paneli:Caddebostan Kültür Merkezi, İstanbul",Panel,event,1.0,uncertain_date,
TV01202,4. Dönem (2006–2010),4. DÖNEM,114,2026-02-26 00:00:00,,,2026,Toplumsal Tarih Sayı 171: Tıp Tarihi Dosyası,Dergi (Toplumsal Tarih),publication,1,uncertain_date,
TV01203,4. Dönem (2006–2010),4. DÖNEM,115,2026-03-03 00:00:00,,,2026,'İstanbul' Dergisi Sayı 63: Kent yoksulları & barınma hakkı,D_İstanbul Dergisi,publication,1,uncertain_date,
TV01204,4. Dönem (2006–2010),4. DÖNEM,117,2008-04-26 00:00:00,,,2008,7. Olağan Genel Kurul. Murat Güvenç Başkan oldu: (Başkanlık süresi: 2008-2011),,organizational,,uncertain_date,
TV01205,4. Dönem (2006–2010),4. DÖNEM,117,2008-04-26 00:00:00,,,2008,Toplumsal Tarih Sayı 173: 'Eskiçağ'da Trakya ve Traklar' dosyası,Dergi (Toplumsal Tarih),publication,1,uncertain_date,
TV01206,4. Dönem (2006–2010),4. DÖNEM,119,Mayıs 2008,,,2008,Asaf Bayat (Leiden Üniversitesi) kentleşme & modernite söyleşisi,Konferans/Söyleşi,event,1.0,needs_review,
TV01207,4. Dönem (2006–2010),4. DÖNEM,119,Mayıs 2008,,,2008,"Toplumsal Tarih Sayı 174: Suraiya Faroqhi söyleşisi, tarih & kolektif bellek",Dergi (Toplumsal Tarih),publication,1,needs_review,
TV01208,4. Dönem (2006–2010),4. DÖNEM,120,2026-06-01 00:00:00,,,2026,"Toplumsal Tarih Sayı 176: 'Rus-Japon Savaşı' dosyası, 1909 Adana Olayları",Dergi (Toplumsal Tarih),publication,1,uncertain_date,
TV01209,4. Dönem (2006–2010),4. DÖNEM,121,2026-08-08 00:00:00,,,2026,Toplumsal Tarih Sayı 177: 'Berlin'de Türkiyeli Yahudiler' dosyası,Dergi (Toplumsal Tarih),publication,1,uncertain_date,
TV01210,4. Dönem (2006–2010),4. DÖNEM,123,19-21 Eylül 2008,2008-09-19,2008-09-21,2008,2008'den 1908'e Bakışlar' Sempozyumu (Jön Türk Devrimi'nin 100. yılı): İzmir Ekonomi Üniversitesi Konferans Salonu,Sempozyum,event,1.0,verified,
TV01211,4. Dönem (2006–2010),4. DÖNEM,124,19-23 Eylül 2008,2008-09-19,2008-09-23,2008,İzmir Ekonomi Üniversitesi Fuaye Alanı “Yadigar-I Hürriyet” başlıklı  sergi.,Sergi,event,1.0,verified,
TV01212,4. Dönem (2006–2010),4. DÖNEM,124,19-23 Eylül 2008,2008-09-19,2008-09-23,2008,"Toplumsal Tarih Sayı 178: Cumhuriyet'in ilk yılları, Kıbrıs sorunu",Dergi (Toplumsal Tarih),publication,1,verified,
TV01213,4. Dönem (2006–2010),4. DÖNEM,125,2026-10-01 00:00:00,,,2026,"Toplumsal Tarih Sayı 179: 1908 Manastır Kongresi, Arnavut ulusçuluğu",Dergi (Toplumsal Tarih),publication,1,uncertain_date,
TV01214,4. Dönem (2006–2010),4. DÖNEM,126,2026-11-01 00:00:00,,,2026,"Toplumsal Tarih Sayı 180: Jön Türklerin Paris yılları, Gurgum Krallığı",Dergi (Toplumsal Tarih),publication,1,uncertain_date,
TV01215,4. Dönem (2006–2010),4. DÖNEM,128,2008-12-18,,,2008,"75. Yılında 1933 Üniversite Reformu' Sempozyumu: İstanbul Bilgi Üniversitesi, Dolapdere",Sempozyum,event,1,uncertain_date,
TV01216,4. Dönem (2006–2010),4. DÖNEM,129,29-30 Kasım 2008,2008-11-29,2008-11-30,2008,"İnsan Hakları, Eğitim ve Ders Kitapları Araştırmaları II' Sempozyumu: İstanbul Bilgi Üniversitesi, Dolapdere",Sempozyum,event,1,verified,
TV01217,4. Dönem (2006–2010),4. DÖNEM,130,20-21 Aralık 2008,2008-12-20,2008-12-21,2008,Tarih Öğretimine Yeni Yaklaşımlar' Sempozyumu: İstanbul Kültür Üniversitesi & Kültür Koleji,Sempozyum,event,1,verified,
TV01218,4. Dönem (2006–2010),4. DÖNEM,131,2009-03-12 00:00:00,,,2009,"Basın Toplantısı: Ders Kitaplarında İnsan Hakları II: Tarama Sonuçları Kitabı Tanıtımı: Avrupa Birliği Bilgi Merkezi, Taksim - İstanbul",Basın Toplantısı,event,1,uncertain_date,
TV01219,4. Dönem (2006–2010),4. DÖNEM,131,2009-03-12 00:00:00,,,2009,Ders Kitaplarında İnsan Hakları II:İkinci DKİH-II projesi bulgular kitabı ve tavsiyeler raporu,Yayın (Vakıf),publication,1,uncertain_date,
TV01220,4. Dönem (2006–2010),4. DÖNEM,132,2009,,,2009,'Seyahatname-i Londra' - 1851 Osmanlı bürokratının Londra izlenimleri,Yayın (Yurt Yayınları),publication,1,uncertain_date,
TV01221,4. Dönem (2006–2010),4. DÖNEM,133,2009,,,2009,"İlhan Tekeli Toplu Eserler Serisi: 5., 6. ve 7. ciltler (Kültür Politikaları, Kentsel Arsa, Planlama)",Yayın (Yurt Yayınları),publication,7,uncertain_date,
TV01222,4. Dönem (2006–2010),4. DÖNEM,134,2009,,,2009,Zafer Toprak - 'Ulusaldan Küresele Milli Reasürans TAŞ ve Türkiye'de Reasüransın Evrimi',Yayın (Vakıf),publication,1,uncertain_date,
TV01223,4. Dönem (2006–2010),4. DÖNEM,135,2009,,,2009,'İsmail Kemal Bey'in Hatıratı' - 19-20. yüzyıl Osmanlı-Avrupa ilişkileri,Yayın (Yurt Yayınları),publication,1,uncertain_date,
TV01224,4. Dönem (2006–2010),4. DÖNEM,136,2009,,,2009,Dijital Arşiv: TİP (Türkiye İşçi Partisi) Arşivi kataloğu internette,Arşiv Bağışı,publication,,uncertain_date,
TV01225,4. Dönem (2006–2010),4. DÖNEM,137,2009 (Genel),,,2009,Elginkan Topluluğu Tarihi: 'Bir Ebedi Müessese Yaratmak' - Elginkan Topluluğu kurum tarihi.,Yayın (Vakıf),publication,1,uncertain_date,
TV01226,4. Dönem (2006–2010),4. DÖNEM,138,2009,,,2009,"Röportaj: ; Capital Dergisi: Tarih Vakfı Yönetim Kurulu Başkanı Halim Bulutoğlu Röportajı - 2009 yılı faaliyetleri, Capital Dergisi",cap4,publication,,uncertain_date,
TV01227,4. Dönem (2006–2010),4. DÖNEM,139,2009 sonu / 2010 başı,,,2009,"Toplumsal Tarih Sayı 181: Karagöz'ün modernleşmesi, Almanya-Osmanlı ilişkileri",Yayın (Vakıf),publication,1,uncertain_date,
TV01228,4. Dönem (2006–2010),4. DÖNEM,140,2009-01-01,,,2009,"Toplumsal Tarih Sayı 182: Vatandaşlık kavramı gelişimi, Türkleştirme",Yayın (Vakıf),publication,1,uncertain_date,
TV01229,4. Dönem (2006–2010),4. DÖNEM,142,2009-02-17,,,2009,"İleri seviye Osmanlıca seminerleri (12 hafta, Fuat Recep), Tarih Vakfı, Eminönü, İstanbul",Kurs/Seminer,event,1,uncertain_date,
TV01230,4. Dönem (2006–2010),4. DÖNEM,142,2009-02-17,,,2009,"Toplumsal Tarih Sayı 183: Dünya tarih eğitimi, Şehzade Abid'in 1936 düğünü",Dergi (Toplumsal Tarih),publication,1,uncertain_date,
TV01231,4. Dönem (2006–2010),4. DÖNEM,144,2009-03-02,,,2009,"Başlangıç seviyesi Osmanlıca seminerleri (12 hafta, Fatmagül Demirel)Tarih Vakfı, Eminönü, İstanbul",Kurs/Seminer,event,1,uncertain_date,
TV01232,4. Dönem (2006–2010),4. DÖNEM,144,2009-03-02,,,2009,"Basın Toplantısı: 'Ders Kitaplarında İnsan Hakları II' proje sonuçları kitap lansmanı, AB Bilgi Merkezi, Taksim, İstanbul",Yayın (Vakıf),publication,1,uncertain_date,
TV01233,4. Dönem (2006–2010),4. DÖNEM,145,2009-03-12,,,2009,Toplumsal Tarih Sayı 185: 'Nümizmatik ve Tarih' dosyası,Dergi (Toplumsal Tarih),publication,1,uncertain_date,
TV01234,4. Dönem (2006–2010),4. DÖNEM,146,2009-05-01,,,2009,Toplumsal Tarih Sayı 187: Başkentin tasarımı - Ankara (Lörcher & Jansen Planları),Dergi (Toplumsal Tarih),publication,1,uncertain_date,
TV01235,4. Dönem (2006–2010),4. DÖNEM,147,2009-07-01,,,2009,"Toplumsal Tarih Sayı 188: Türk-Alman ilişkileri, Berlin'de Hamidiye Hastanesi",Dergi (Toplumsal Tarih),publication,1,uncertain_date,
TV01236,4. Dönem (2006–2010),4. DÖNEM,148,2009-08-01,,,2009,Toplumsal Tarih Sayı 189: Türkiye'de Ulusalcılık ve Mimarlık,Dergi (Toplumsal Tarih),publication,1,uncertain_date,
TV01237,4. Dönem (2006–2010),4. DÖNEM,149,2009-09-01,,,2009,Toplumsal Tarih Sayı 190: Büyük Mübadele 1923 & entegrasyon,Dergi (Toplumsal Tarih),publication,1,uncertain_date,
TV01238,4. Dönem (2006–2010),4. DÖNEM,151,2009-10-05,,,2009,"Yeni dönem Osmanlıca seminerleri (başlangıç & ileri seviyeler),Tarih Vakfı, Eminönü, İstanbul",Kurs/Seminer,event,1.0,uncertain_date,
TV01239,4. Dönem (2006–2010),4. DÖNEM,152,22 Ekim 2009,2009-10-22,,2009,"13. Mehmet Ali Aybar'ı Anma Sempozyumu: Koç Üniversitesi Rumeli Feneri Kampüsü, İstanbul",Sempozyum,event,1,verified,
TV01240,4. Dönem (2006–2010),4. DÖNEM,152,22 Ekim 2009,2009-10-22,,2009,Toplumsal Tarih Sayı 191: Adana ve Çukurova sosyal & ekonomik tarihi,Dergi (Toplumsal Tarih),publication,1,verified,
TV01241,4. Dönem (2006–2010),4. DÖNEM,153,2009-11-01,,,2009,"Toplumsal Tarih Sayı 192: Mekteb-i Mülkiye 150. yıl, Atatürk-Latife boşanması",Dergi (Toplumsal Tarih),publication,1,uncertain_date,
TV01242,4. Dönem (2006–2010),4. DÖNEM,154,2009-12-01,,,2009,Kitap Tanıtımı: Ahmet Refik Altınay - Tarihi Simalar & Tesavir-i Rical:,,publication,,uncertain_date,
TV01243,4. Dönem (2006–2010),4. DÖNEM,155,2009-2011 arası,,,2009,"İlhan Tekeli Toplu Eserler 5, 6, 7: Kent, planlama ve kültür politikaları çalışmaları",Yayın (Yurt Yayınları),publication,1,uncertain_date,
TV01244,4. Dönem (2006–2010),4. DÖNEM,156,2009-2011 arası,,,2009,Dersim Harekâtı ve Cumhuriyet Bürokrasisi (1936-1950),kit          arşiv  ?,publication,,uncertain_date,
TV01245,4. Dönem (2006–2010),4. DÖNEM,157,2009-2011 arası,,,2009,Aydınlanma Çağında Bir Osmanlı Kâtibi: Ebubekir Râtib Efendi,Yayın (Yurt Yayınları),publication,1,uncertain_date,
TV01246,4. Dönem (2006–2010),4. DÖNEM,158,2009-2011 arası,,,2009,Digenēs Akritēs (Bizans Destanı),Yayın (Yurt Yayınları),publication,1,uncertain_date,
TV01247,4. Dönem (2006–2010),4. DÖNEM,159,2009-2011 arası,,,2009,Cumhuriyetin Belediyecilik Öyküsü - İlhan Tekeli,Yayın (Yurt Yayınları),publication,1,uncertain_date,
TV01248,4. Dönem (2006–2010),4. DÖNEM,160,2009-2011 arası,,,2009,İsmail Kemal Bey'in Hatıratı,Yayın (Yurt Yayınları),publication,1,uncertain_date,
TV01249,4. Dönem (2006–2010),4. DÖNEM,161,2009-2011 arası,,,2009,Kültür Politikaları ve İnsan Hakları Bağlamında Doğal ve Tarihi Çevreyi Korumak,Yayın (Yurt Yayınları),publication,1,uncertain_date,
TV01250,4. Dönem (2006–2010),4. DÖNEM,163,Şubat 2009 - Temmuz 2010,,,2009,Çatışmalı Toplumlarda Uzlaşma Aracı Olarak Eğitimin Rolü' projesi & alan araştırması: Türkiye (20 il),Proje (Diğer),project,1.0,uncertain_date,
TV01251,4. Dönem (2006–2010),4. DÖNEM,164,Şubat 2009 - Temmuz 2010,,,2009,Kürt Sorunu ve Eğitim Projesi,Proje (Diğer),project,1.0,uncertain_date,
TV01252,4. Dönem (2006–2010),4. DÖNEM,165,2010,,,2010,İstanbul Belleği: İstanbul 2010 Avrupa Kültür Başkenti kapsamında desteklenen bellek projesi,Proje (Diğer),project,1.0,uncertain_date,
TV01253,4. Dönem (2006–2010),4. DÖNEM,165,2010,,,2010,Toplumsal Tarih Sayı 194,Dergi (Toplumsal Tarih),publication,1,uncertain_date,
TV01254,4. Dönem (2006–2010),4. DÖNEM,167,2010-02-02,,,2010,"2. Seviye Osmanlıca seminerleri (Fuat Recep):Tarih Vakfı, Eminönü, İstanbul",Kurs/Seminer,event,1.0,uncertain_date,
TV01255,4. Dönem (2006–2010),4. DÖNEM,168,2010-02-08,,,2010,"1. Seviye Osmanlıca seminerleri (Fatmagül Demirel):Tarih Vakfı, Eminönü, İstanbul",Kurs/Seminer,event,1.0,uncertain_date,
TV01256,4. Dönem (2006–2010),4. DÖNEM,169,2010-03-01,,,2010,Toplumsal Tarih Sayı 195,Dergi (Toplumsal Tarih),publication,1,uncertain_date,
TV01257,4. Dönem (2006–2010),4. DÖNEM,170,2010-03-01,,,2010,'Doğu Sorunu' Necmeddin Sahir Sılan raporları (1939-1953),Yayın (Yurt Yayınları),publication,1,uncertain_date,
TV01258,4. Dönem (2006–2010),4. DÖNEM,171,2010-03-30,,,2010,Toplumsal Tarih Sayı 196,Dergi (Toplumsal Tarih),publication,1,uncertain_date,
TV01259,4. Dönem (2006–2010),4. DÖNEM,173,2010-04-24,,,2010,"Ermeni Tehciri'nin 95. yıl dönümü anma toplantıları: İstanbul, Berlin, Kudüs",Anma,event,,uncertain_date,
TV01260,4. Dönem (2006–2010),4. DÖNEM,173,2010-04-24,,,2010,Toplumsal Tarih Sayı 197,Dergi (Toplumsal Tarih),publication,1,uncertain_date,
TV01261,4. Dönem (2006–2010),4. DÖNEM,175,2010-05-15 00:00:00,,,2010,8. Olağan Genel Kurul,,organizational,,uncertain_date,
TV01262,4. Dönem (2006–2010),4. DÖNEM,175,2010-05-15 00:00:00,,,2010,Toplumsal Tarih Sayı 198,Dergi (Toplumsal Tarih),publication,1,uncertain_date,
TV01263,4. Dönem (2006–2010),4. DÖNEM,177,19-20 Haziran 2010,2010-06-19,2010-06-20,2010,"Toplumsal Barış İçin Eğitimin Yeniden Yapılandırılması' Uluslararası Sempozyumu:İstanbul Bilgi Üniversitesi, Dolapdere",Sempozyum,event,1.0,verified,
TV01264,4. Dönem (2006–2010),4. DÖNEM,177,19-20 Haziran 2010,2010-06-19,2010-06-20,2010,Eğitimin Rolü' projesi alan araştırması raporu,Yayın (Vakıf),publication,1.0,verified,
TV01265,4. Dönem (2006–2010),4. DÖNEM,178,2010-07-01,,,2010,Toplumsal Tarih Sayı 199,Dergi (Toplumsal Tarih),publication,1,uncertain_date,
TV01266,4. Dönem (2006–2010),4. DÖNEM,179,2010-07-01,,,2010,Toplumsal Tarih Sayı 200 (Yıl Dönümü Sayısı - 1994-2010 Dizin CD'si hediye),Dergi (Toplumsal Tarih),publication,1,uncertain_date,
TV01267,4. Dönem (2006–2010),4. DÖNEM,180,2010-08-01,,,2010,Toplumsal Tarih Sayı 201,Dergi (Toplumsal Tarih),publication,1,uncertain_date,
TV01268,4. Dönem (2006–2010),4. DÖNEM,181,2010-09-01,,,2010,İlhan Tekeli Toplu Eserler 12. ve 13. ciltler (Gündelik Yaşam & Konut Sorunu),Yayın (Yurt Yayınları),publication,2,uncertain_date,
TV01269,4. Dönem (2006–2010),4. DÖNEM,182,2010-10-01,,,2010,Toplumsal Tarih Sayı 202,Dergi (Toplumsal Tarih),publication,1,uncertain_date,
TV01270,4. Dönem (2006–2010),4. DÖNEM,184,2010-11-06,,,2010,"Doğan Kuban (onur konuğu) vakıf standında kitap imzaladı: TÜYAP, İstanbul",,chronology,,uncertain_date,
TV01271,4. Dönem (2006–2010),4. DÖNEM,184,2010-11-06,,,2010,Toplumsal Tarih Sayı 204,Dergi (Toplumsal Tarih),publication,1,uncertain_date,
TV01272,4. Dönem (2006–2010),4. DÖNEM,185,2010-12-01,,,2010,"Basın Toplantısı: 'Ders Kitaplarında İnsan Hakları II' proje sonuçları kitap lansmanı, AB Bilgi Merkezi, Taksim, İstanbul: Cezayir Restaurant, İstanbul",Basın Açıklaması,publication,,uncertain_date,
TV01273,4. Dönem (2006–2010),4. DÖNEM,187,30 Ekim - 7 Kasım 2010,,,2010,"29. İstanbul Kitap Fuarı - Tarih Vakfı standı (3. Salon, 310 No'lu Stand): TÜYAP, İstanbul",Fuar,event,1.0,uncertain_date,
TV01274,4. Dönem (2006–2010),4. DÖNEM,188,4-5 Ekim 2010,2010-10-04,2010-10-05,2010,"Osmanlıca seminerleri sonbahar dönemi (1. ve 2. seviye):Tarih Vakfı, Eminönü, İstanbul",Kurs/Seminer,event,1.0,verified,
TV01275,4. Dönem (2006–2010),4. DÖNEM,189,7-12 Kasım 2010,2010-11-07,2010-11-12,2010,Uluslararası Konferans: Şanghay: ICOM 22. Genel Konferansı - Suay Aksoy CAMOC Başkanı seçildi,,chronology,,uncertain_category,
TV01276,5. Dönem (2011–2015),5. DÖNEM,2,2011.0,,,2011,"Toplumsal Tarih: Sayı, 205.",Dergi (Toplumsal Tarih),publication,1,uncertain_date,
TV01277,5. Dönem (2011–2015),5. DÖNEM,3,2011 Ocak,,,2011,"Toplumsal Tarih: Sayı, 206.",Dergi (Toplumsal Tarih),publication,1,uncertain_date,
TV01278,5. Dönem (2011–2015),5. DÖNEM,5,2011-02-16 00:00:00,,,2011,"Basın Toplantısı ""Toplumsal Uzlaşma Aracı Olarak Eğitimin Rolü Projesi — Tavsiyeler Raporu"" açıklandı; Cezayir Restaurant, İstanbul.",Basın Toplantısı,event,1,uncertain_date,
TV01279,5. Dönem (2011–2015),5. DÖNEM,5,2011-02-16 00:00:00,,,2011,"Toplumsal Tarih: Sayı, 207.",Dergi (Toplumsal Tarih),publication,1,uncertain_date,
TV01280,5. Dönem (2011–2015),5. DÖNEM,7,2 Mart 2011,2011-03-02,,2011,Osmanlıca Dil Kursu Osmanlıca dersleri başlıyor — Doç. Dr. Fatmagül Demirel; Tarih Vakfı Eminönü binası,Kurs/Seminer,event,1.0,verified,
TV01281,5. Dönem (2011–2015),5. DÖNEM,8,2011-03-15 00:00:00,,,2011,"Toplumsal Tarih Söyleşileri – 1. Oturum ""En Doğru Bildiğimizden Kuşkulanmak: Resmi İdeoloji, Tarih ve Sorunlar"" — Doç. Dr. Mehmet Ö. Alkan; Sabancı Üniversitesi, Tuzla Kampüsü, 15:30–17:30",Konferans/Söyleşi,event,1.0,uncertain_date,
TV01282,5. Dönem (2011–2015),5. DÖNEM,9,20 Mart - 17 Nisan,,,2011,"20. yıl etkinlikleri kapsamında, Atölye Çalışması ""Tarihsel Verilerin Değerlendirilmesi: Yeni Yöntem ve Yaklaşımlar"" — Prof. Murat Güvenç & Dr. Savaş Yıldırım. Tarih Vakfı Eminönü Bilgi Belge Merkezi",Atölye,event,1,uncertain_date,
TV01283,5. Dönem (2011–2015),5. DÖNEM,9,20 Mart - 17 Nisan,,,2011,"Toplumsal Tarih: Sayı, 208.",Dergi (Toplumsal Tarih),publication,1,uncertain_date,
TV01284,5. Dönem (2011–2015),5. DÖNEM,11,2011-01-04,,,2011,"2. Seviye Osmanlıca seminerleri (Rika el yazısı odaklı): Tarih Vakfı, Eminönü, İstanbul",Kurs/Seminer,event,1.0,uncertain_date,
TV01285,5. Dönem (2011–2015),5. DÖNEM,11,2011-01-04,,,2011,"Toplumsal Tarih: Sayı, 209.",Dergi (Toplumsal Tarih),publication,1,uncertain_date,
TV01286,5. Dönem (2011–2015),5. DÖNEM,12,2011 Mayıs,,,2011,"Toplumsal Tarih: Sayı, 210.",Dergi (Toplumsal Tarih),publication,1,uncertain_date,
TV01287,5. Dönem (2011–2015),5. DÖNEM,13,2011 Haziran,,,2011,"Toplumsal Tarih: Sayı, 211.",Dergi (Toplumsal Tarih),publication,1,uncertain_date,
TV01288,5. Dönem (2011–2015),5. DÖNEM,14,2011 Temmuz,,,2011,"Toplumsal Tarih: Sayı, 212.",Dergi (Toplumsal Tarih),publication,1,uncertain_date,
TV01289,5. Dönem (2011–2015),5. DÖNEM,15,2011 Ağustos,,,2011,"Toplumsal Tarih: Sayı, 213.",Dergi (Toplumsal Tarih),publication,1,uncertain_date,
TV01290,5. Dönem (2011–2015),5. DÖNEM,17,2011-09-07 00:00:00,,,2011,Vakfın 5. Başkanı : Oktay Özel. (Başkanlık süresi: 2011-2012),,organizational,,uncertain_date,
TV01291,5. Dönem (2011–2015),5. DÖNEM,17,2011-09-07 00:00:00,,,2011,"Toplumsal Tarih: Sayı, 214.",Dergi (Toplumsal Tarih),publication,1,uncertain_date,
TV01292,5. Dönem (2011–2015),5. DÖNEM,19,28-30 Ekim 2011,2011-10-28,2011-10-30,2011,"Sempozyum ""Cumhuriyet Tarihinin Tartışmalı Konuları"" — Tarih Vakfı 20. Yıl Sempozyumu; İstanbul Bilgi Üniversitesi Santral Kampüsü. Konular: Cumhuriyet'in Kuruluş İç Dinamikleri, Darbeler ve Siyasi Yaşam, Kimlik Oluşumu, İktisat Politikaları",Sempozyum,event,1,verified,
TV01293,5. Dönem (2011–2015),5. DÖNEM,19,28-30 Ekim 2011,2011-10-28,2011-10-30,2011,"Toplumsal Tarih: Sayı, 215.",Dergi (Toplumsal Tarih),publication,1,verified,
TV01294,5. Dönem (2011–2015),5. DÖNEM,21,2011-11-13 00:00:00,,,2011,"Kitap Fuarı / İmza Günü İlhan Tekeli, 30. Uluslararası İstanbul Kitap Fuarı'nda (TÜYAP) kitaplarını imzalıyor.",Fuar,event,1,uncertain_date,
TV01295,5. Dönem (2011–2015),5. DÖNEM,21,2011-11-13 00:00:00,,,2011,"Toplumsal Tarih: Sayı, 216.",Dergi (Toplumsal Tarih),publication,1,uncertain_date,
TV01296,5. Dönem (2011–2015),5. DÖNEM,22,2011 Aralık,,,2011,"Aydınlanma Çağında Bir Osmanlı Kâtibi: Ebubekir Râtib Efendi (1750–1799), Fatih Yeşil.",Yayın (Yurt Yayınları),publication,1,uncertain_date,
TV01297,5. Dönem (2011–2015),5. DÖNEM,23,2011.0,,,2011,Cumhuriyet dönemi Kürt meselesi — Seri 1 — Kürt Sorunu ve Devlet: Tedip ve Tenkil Politikaları — Necmeddin Sahir Sılan Arşivi Dizisi; Der. Tuğba Yıldırım; 1925–1947 arası raporlar,Yayın (Yurt Yayınları),publication,1,uncertain_date,
TV01298,5. Dönem (2011–2015),5. DÖNEM,24,2011.0,,,2011,Cumhuriyet dönemi Kürt meselesi — Seri 4 — Dersim Harekâtı ve Cumhuriyet Bürokrasisi (1936–1950) — Necmeddin Sahir Sılan Arşivi Dizisi; Der. Tuba Akekmekçi & Muazzez Pervan,Yayın (Yurt Yayınları),publication,1,uncertain_date,
TV01299,5. Dönem (2011–2015),5. DÖNEM,25,2011.0,,,2011,Cumhuriyet dönemi Kürt meselesi — Seri 5 — Doğu Anadolu ve Cumhuriyet Bürokrasisi (1939–1951) — Necmeddin Sahir Sılan Arşivi Dizisi; Der. Tuba Akekmekçi & Muazzez Pervan,Yayın (Yurt Yayınları),publication,1,uncertain_date,
TV01300,5. Dönem (2011–2015),5. DÖNEM,26,2011.0,,,2011,"Tarihe Yolculuk Dizisi, 10. Kitap: Tarihi Simalar / Tesavir-i Rical — Ahmet Refik Altınay (ilk baskıları 1913 ve 1915);",Yayın (Yurt Yayınları),publication,1,uncertain_date,
TV01301,5. Dönem (2011–2015),5. DÖNEM,27,2011.0,,,2011,"İlhan Tekeli Toplu Eserler, 16. Kitap: Tasarım, Mimarlık ve Mimarlar",Yayın (Yurt Yayınları),publication,1,uncertain_date,
TV01302,5. Dönem (2011–2015),5. DÖNEM,28,2011.0,,,2011,"İlhan Tekeli Toplu Eserler, 17. Kitap: Türkiye İçin Siyaset ve Demokrasi Yazıları",Yayın (Yurt Yayınları),publication,1,uncertain_date,
TV01303,5. Dönem (2011–2015),5. DÖNEM,29,2011.0,,,2011,"İlhan Tekeli Toplu Eserler, 18. Kitap: Anadolu'da Yerleşme Sistemleri ve Yerleşme Tarihleri",Yayın (Yurt Yayınları),publication,1,uncertain_date,
TV01304,5. Dönem (2011–2015),5. DÖNEM,32,2012-02-19 00:00:00,,,2012,9. Olağan Genel Kurul,,organizational,,uncertain_date,
TV01305,5. Dönem (2011–2015),5. DÖNEM,33,28.02 2012,,,2012,"Panel ""Fransa ve Türkiye'de Tarihçinin Gündemi"" — IFEA ve Tarih Vakfı ortaklığıyla; François Dosse & Mehmet Ö. Alkan, Romain Bertrand & Bülent Bilmez",Panel,event,1,uncertain_date,
TV01306,5. Dönem (2011–2015),5. DÖNEM,34,12 Şubat - 4 Mart 2012,,,2012,"Atölye Çalışması ""Tarihsel Verilerin Değerlendirilmesi: Kullanıcı Dostu Modelle Yeni Yöntem ve Yaklaşımlar"" — Prof. Dr. Murat Güvenç (4 haftalık, her Pazar 10:00–13:00)",Atölye,event,1,uncertain_date,
TV01307,5. Dönem (2011–2015),5. DÖNEM,35,2012-03-15 00:00:00,,,2012,"Perşembe Konuşmaları – 2. Oturum ""16. Yüzyılda İstanbul'da Casuslar, Hizipler ve Simsarlar"" — Georgetown Üniversitesi'nden Emrah Safa Gürkan (Aynalı Geçit)",Konferans/Söyleşi,event,1,uncertain_date,
TV01308,5. Dönem (2011–2015),5. DÖNEM,36,2012-03-29 00:00:00,,,2012,"Perşembe Konuşmaları – 3. Oturum ""Osmanlı'da Esnaf Teşkilatının Oluşumu"" — Bahçeşehir Üniversitesi'nden İklil Selçuk (Aynalı Geçit)",Konferans/Söyleşi,event,1,uncertain_date,
TV01309,5. Dönem (2011–2015),5. DÖNEM,36,2012-03-29 00:00:00,,,2012,Toplumsal Tarih Dergisi 220. Sayı,Dergi (Toplumsal Tarih),publication,,uncertain_date,
TV01310,5. Dönem (2011–2015),5. DÖNEM,38,2012-04-12 00:00:00,,,2012,"Perşembe Konuşmaları – 4. Oturum ""Türkiye'de İktisadi Büyüme ve Kurumlar, 1820–2010"" — Prof. Şevket Pamuk (Aynalı Geçit)",Konferans/Söyleşi,event,1,uncertain_date,
TV01311,5. Dönem (2011–2015),5. DÖNEM,38,2012-04-12 00:00:00,,,2012,Toplumsal Tarih Dergisi 225. Sayı,Dergi (Toplumsal Tarih),publication,,uncertain_date,
TV01312,5. Dönem (2011–2015),5. DÖNEM,40,19 Eylül - 1 Ekim 2012,,,2012,"Sergi ""Karikatürlerle Türkiye-AB İlişkileri"" — Cartooning for Peace işbirliğiyle (Cezayir Lokantası, Galatasaray)",Sergi,event,1,uncertain_date,
TV01313,5. Dönem (2011–2015),5. DÖNEM,41,2012-10-11 00:00:00,,,2012,"Perşembe Konuşmaları – Basın Daveti ""Güncel Politikalar Işığında Günümüz Türk Sinemasındaki Bizans ve İstanbul"" — İstanbul Bilgi Üniversitesi'nden Buket Kitapçı (Aynalı Geçit, 18:30–20:30)",Konferans/Söyleşi,event,1,uncertain_date,
TV01314,5. Dönem (2011–2015),5. DÖNEM,41,2012-10-11 00:00:00,,,2012,Toplumsal Tarih Dergisi 227. Sayı,Dergi (Toplumsal Tarih),publication,,uncertain_date,
TV01315,5. Dönem (2011–2015),5. DÖNEM,43,2012-11-15 00:00:00,,,2012,Vakfın 6. Başkanı: Bülent Bilmez oldu. ( Başkanlık süresi 2012-2015),,organizational,,uncertain_date,
TV01316,5. Dönem (2011–2015),5. DÖNEM,43,2012-11-15 00:00:00,,,2012,XVI. Yüzyılda Ankara ve Konya — Özer Ergenç,Yayın (Yurt Yayınları),publication,1,uncertain_date,
TV01317,5. Dönem (2011–2015),5. DÖNEM,44,2012,,,2012,"Tanzimat Döneminde Mimarlık, Bilgi ve İktidar — Göksun Akyürek",Yayın (Yurt Yayınları),publication,1,uncertain_date,
TV01318,5. Dönem (2011–2015),5. DÖNEM,45,2012,,,2012,Osmanlı'dan Cumhuriyet'e Esnaf ve Ticaret — Der. Fatmagül Demirel; 2010 YTÜ sempozyumu tebliğlerinden derleme,Yayın (Yurt Yayınları),publication,1,uncertain_date,
TV01319,5. Dönem (2011–2015),5. DÖNEM,46,2012,,,2012,"Osmanlı Askerî Tarihini Araştırmak: Yeni Kaynaklar, Yeni Yaklaşımlar — Der. Cevat Şahin & Gültekin Yılmaz",Yayın (Yurt Yayınları),publication,1,uncertain_date,
TV01320,5. Dönem (2011–2015),5. DÖNEM,47,2012,,,2012,Ahmed Rıza: Bir Jön Türk Liderinin Siyasi-Entelektüel Portresi — Erdem Sönmez,Yayın (Yurt Yayınları),publication,1,uncertain_date,
TV01321,5. Dönem (2011–2015),5. DÖNEM,48,2012,,,2012,Türkiye'deki Kırım Tatar ve Nogay Köy Yerleşimleri — Hakan Kırımlı,Yayın (Yurt Yayınları),publication,1,uncertain_date,
TV01322,5. Dönem (2011–2015),5. DÖNEM,49,2012,,,2012,"İzmir Rumcası (Smyrneika) Sözlüğü — Alex Baltazzi, George Galdies, George Poulimenos",Yayın (Yurt Yayınları),publication,1,uncertain_date,
TV01323,5. Dönem (2011–2015),5. DÖNEM,50,2012,,,2012,Dünya Tarihinde Devrimler — Michael D. Richards; çev. Gül Çağalı Güven,Yayın (Yurt Yayınları),publication,1,uncertain_date,
TV01324,5. Dönem (2011–2015),5. DÖNEM,51,2012,,,2012,"Türkiye İçin Eğitim Yazıları — İlhan Tekeli, Toplu Eserler Dizisi 21. Kitap",Yayın (Yurt Yayınları),publication,1,uncertain_date,
TV01325,5. Dönem (2011–2015),5. DÖNEM,53,2013.0,,,2013,"İlerici Kadınlar Derneği (1975-80) ""Kırmızı Çatkılı Kadınlar""ın Tarihi: Muazzez Pervan",,publication,,uncertain_date,
TV01326,5. Dönem (2011–2015),5. DÖNEM,54,2013.0,,,2013,Behice Boran’ın Mektupları (1932-1986),Yayın (Yurt Yayınları),publication,1,uncertain_date,
TV01327,5. Dönem (2011–2015),5. DÖNEM,55,2013.0,,,2013,"Bilginin Toplumsal Tarihi II, Peter Burke, Çev. Mete Tunçay",Yayın (Yurt Yayınları),publication,1,uncertain_date,
TV01328,5. Dönem (2011–2015),5. DÖNEM,56,2013.0,,,2013,"Tarihin Peşinde, John Tosh.",Yayın (Yurt Yayınları),publication,1,uncertain_date,
TV01329,5. Dönem (2011–2015),5. DÖNEM,57,2013.0,,,2013,"Osmanlı Toplumunda Zındıklar ve Mülhidler, Ahmet Yaşar Ocak’ın 4.Baskı.",Yayın (Yurt Yayınları),publication,1,uncertain_date,
TV01330,5. Dönem (2011–2015),5. DÖNEM,59,2 Haziran 2013,2013-06-02,,2013,Olağanüstü Genel Kurul Toplantısı,,organizational,,uncertain_category,
TV01331,5. Dönem (2011–2015),5. DÖNEM,60,2 Haziran 2013,2013-06-02,,2013,"10. Mütevelli Kurulu ve Konferans , Prof. Şerif Mardin “Siyasal fikirlerde metinsel ve bağlamsal yaklaşımlar”",Konferans/Söyleşi,event,1,verified,
TV01332,5. Dönem (2011–2015),5. DÖNEM,61,2013-06-07 00:00:00,,,2013,"Gezi Parkı ve Topçu Kışlası Açıklaması Tarih Vakfı, Aynalı Geçit’te okumuştur.",Basın Açıklaması,event,1,uncertain_date,
TV01333,5. Dönem (2011–2015),5. DÖNEM,62,22 Ekim 2013 - 16 Ocak 2014,,,2013,Yunanca Semineri Dr. Merih Erol,Kurs/Seminer,event,1,uncertain_date,
TV01334,5. Dönem (2011–2015),5. DÖNEM,63,2 Kasım 2013 - 25 Ocak 2014,,,2013,Osmanlıca Semineri  Yücel Demirel,Kurs/Seminer,event,1,uncertain_date,
TV01335,5. Dönem (2011–2015),5. DÖNEM,64,Ekim 2011 - Mayıs 2013,,,2011,"Azınlık Okulları Araştırması  ""Geçmişten Günümüze Azınlık Okulları: Sorunlar ve Çözümler"" başlıklı araştırma bu tarihler arasında yürütülmüş ve raporlaştırılmıştır.",Anket/Araştırma,event,1,uncertain_date,
TV01336,5. Dönem (2011–2015),5. DÖNEM,65,2013-10-08 00:00:00,,,2013,"Raporun TBMM ve MEB'e Sunulması  Hazırlanan üç ciltlik azınlık okulları raporu; Milli Eğitim Bakanı Prof. Dr. Nabi Avcı'ya, TBMM Eğitim Komisyonu Başkanı'na ve çeşitli parti temsilcilerine Ankara'da sunulmuştur.",,chronology,,uncertain_date,
TV01337,5. Dönem (2011–2015),5. DÖNEM,66,2014.0,,,2014,"Özgen Felek'in(  Kitabü'l-Menamat: Sultan III. Murad'ın Rüya Mektupları, Doç. Dr. Gottfried Hagen.",Yayın (Yurt Yayınları),publication,1,uncertain_date,
TV01338,5. Dönem (2011–2015),5. DÖNEM,67,2014.0,,,2014,"Prof. Dr. Nuran Yıldırım, Hastalıklar, Hastaneler, Kurumlar",Yayın (Yurt Yayınları),publication,1,uncertain_date,
TV01339,5. Dönem (2011–2015),5. DÖNEM,68,2014.0,,,2014,Doç. Dr. Rüya Kılıç-  Deliler ve Doktorları: Osmanlı'dan Cumhuriyet'e Delilik,Yayın (Yurt Yayınları),publication,1,uncertain_date,
TV01340,5. Dönem (2011–2015),5. DÖNEM,69,2014.0,,,2014,"Osmanlı İmparatorluğu'nda Bürokratik Reform: Babıâli 1789–1922, Carter V. Findley",Yayın (Yurt Yayınları),publication,1,uncertain_date,
TV01341,5. Dönem (2011–2015),5. DÖNEM,70,2014.0,,,2014,"Baronne L. de Wrangell, Kırım'ın Çehreleri.",Yayın (Yurt Yayınları),publication,1,uncertain_date,
TV01342,5. Dönem (2011–2015),5. DÖNEM,71,2014.0,,,2014,M. Zafer Üskül: 12 Mart 1971 Dönemi Sıkıyönetimi,Yayın (Yurt Yayınları),publication,1,uncertain_date,
TV01343,5. Dönem (2011–2015),5. DÖNEM,73,2 Ekim 2014,2014-10-02,,2014,"Fatma Müge Göçek ""İnkârın Şiddeti: İmparatorluktan Cumhuriyete Ermenilere Yönelik Toplu Şiddet (1789–2009)""",Konferans/Söyleşi,event,1.0,verified,
TV01344,5. Dönem (2011–2015),5. DÖNEM,73,2 Ekim 2014,2014-10-02,,2014,Toplumsal Tarih Dergisi: 250. Sayı,Dergi (Toplumsal Tarih),publication,1,verified,
TV01345,5. Dönem (2011–2015),5. DÖNEM,74,2014-10-01 00:00:00,,,2014,"Fikret Adanır  (2. buluşma). ""2015'e Doğru Ermeni Sorunu, Tehcir ve Soykırım: Düşünce ve Değerlendirmeler""",Konferans/Söyleşi,event,1.0,uncertain_date,
TV01346,5. Dönem (2011–2015),5. DÖNEM,75,10 Ekim '14 - 23 Ocak '15,,,2014,Yunanca Seminerleri: Orta Düzey - Merih Erol,Kurs/Seminer,event,1,uncertain_date,
TV01347,5. Dönem (2011–2015),5. DÖNEM,76,11 Ekim - 21 Aralık 2014,,,2014,Osmanlıca Seminerleri: Yeni Başlayanlar - Mustafa Çakıcı,Kurs/Seminer,event,1,uncertain_date,
TV01348,5. Dönem (2011–2015),5. DÖNEM,77,12 Ekim 2014 - 15 Mart 2015,,,2014,Yunanca Seminerleri::İleri Düzey - Angeliki Melliou,Kurs/Seminer,event,1,uncertain_date,
TV01349,5. Dönem (2011–2015),5. DÖNEM,78,13 Ekim 2014 - 18 Mart 2015,,,2014,Yunanca Seminerleri:Yeni Başlayanlar - Angeliki Melliou,Kurs/Seminer,event,1,uncertain_date,
TV01350,5. Dönem (2011–2015),5. DÖNEM,79,16 Ekim - 27 Aralık 2014,,,2014,Osmanlıca Seminerleri : Rika - Mustafa Çakıcı,Kurs/Seminer,event,1,uncertain_date,
TV01351,5. Dönem (2011–2015),5. DÖNEM,80,Ekim-Kasım 2014,,,2014,"Nazan Maksudyan (3. buluşma). ""Üç Kuşak Üç Katliam: 1895'ten 1915'e Ermeni Çocuklar ve Yetimler""",Konferans/Söyleşi,event,1,needs_review,
TV01352,5. Dönem (2011–2015),5. DÖNEM,81,2014-11-01 00:00:00,,,2014,"Fuat Dündar (4. buluşma). ""Sayımlar, Seçimler, Savaşlar ve Ermeni Nüfus Meselesi (1828–1923)""",Konferans/Söyleşi,event,1,uncertain_date,
TV01353,5. Dönem (2011–2015),5. DÖNEM,82,2014-11-01 00:00:00,,,2014,33. İstanbul Kitap Fuarı : Mehmet Ö. Alkan'ın Cumhuriyet ve Atatürk Hakkında Doğru Bildiklerimizden Kuşkulanmak başlıklı söyleşisi.,Fuar,event,1,uncertain_date,
TV01354,5. Dönem (2011–2015),5. DÖNEM,83,2014-11-01 00:00:00,,,2014,"33. İstanbul Kitap Fuarı : Osmanlı Sarayında Tarih Yazımı, Ermeni Etıbba Cemiyeti (1912–1922)",Fuar,event,1,uncertain_date,
TV01355,5. Dönem (2011–2015),5. DÖNEM,85,Kasım-Aralık 2014,,,2014,"Yaşar Tolga Cora   (6. buluşma). ""Osmanlı Ermenisi Bir Subay: Kalusd Sürmenyan'ın Gözünden Savaş ve Tehcir""",Konferans/Söyleşi,event,1,needs_review,
TV01356,5. Dönem (2011–2015),5. DÖNEM,86,Aralık 2014,,,2014,"Ayhan Aktar & Namık Dinç (7. buluşma). ""Diyarbakır'da Bir Yıl: 1915"" ve ""Toplumsal Hafızanın İzinde: 1915 Diyarbekir ve Kürtler""",Konferans/Söyleşi,event,1,needs_review,
TV01357,5. Dönem (2011–2015),5. DÖNEM,87,2014-05-08 00:00:00,,,2014,"Türkiye İşçi Sınıfı Tarihi (2014 Bahar dönemi, ikinci yarı). Mehmet Ö. Alkan, Y. Doğan Çetinkaya ve Barış Alp Özden ile panel; Türkiye işçi sınıfı tarihyazımında yeni eğilimler.",Panel,event,1.0,uncertain_date,
TV01358,5. Dönem (2011–2015),5. DÖNEM,87,2014-05-08 00:00:00,,,2014,"Soykırım Meselesi — Osmanlı İmparatorluğu'nun Son Döneminde Ermeniler ve Türkler,Ronald G. Suny, Fatma Müge Göçek, Norman M. Naimark (der.)",Yayın (Yurt Yayınları),publication,1,uncertain_date,
TV01359,5. Dönem (2011–2015),5. DÖNEM,88,2015.0,,,2015,"Temiz ve Soylu Türküler Söyleyelim — Türkiye'de Milli Kimlik İnşasında Halk Müziği, Özgür Balkılıç — 1922–1952 halk müziği reformu.",Yayın (Yurt Yayınları),publication,1,uncertain_date,
TV01360,5. Dönem (2011–2015),5. DÖNEM,90,2015-01-08 00:00:00,,,2015,"Perşembe Konuşmaları: Yektan Türkyılmaz — ""Ermeni Soykırımı'na Giden Yolu Yeniden Düşünmek: Temmuz 1913-Ağustos 1914"" (8. buluşma)",Konferans/Söyleşi,event,1,uncertain_date,
TV01361,5. Dönem (2011–2015),5. DÖNEM,91,2015-01-08 00:00:00,,,2015,"Perşembe Konuşmaları:Nevzat Onaran — ""1915 Şifresi: Emval-i Metruke"" (10. buluşma)",Konferans/Söyleşi,event,1,uncertain_date,
TV01362,5. Dönem (2011–2015),5. DÖNEM,92,31 Ocak - Haziran 2015,,,2015,"""İstanbul Mektebi"" seminer dizisi — 1. program: ""Saltanatın Kenti"" (Prof. Edhem Eldem, Prof. Namık Sinan Turan, Prof. Afife Batur)",Seminer,event,1,uncertain_date,
TV01363,5. Dönem (2011–2015),5. DÖNEM,93,2015-02-05 00:00:00,,,2015,"Perşembe Konuşmaları:Ümit Kurt — ""1915 Antep'inde Ermeni Tehciri ve Ermeni Mallarının El Değiştirme Süreci"" (9. buluşma)",Konferans/Söyleşi,event,1,uncertain_date,
TV01364,5. Dönem (2011–2015),5. DÖNEM,93,2015-02-05 00:00:00,,,2015,"Toplumsal Tarih Dergisi: 255. Sayı, Dosya adı: “Osmanlı’dan Cumhuriyet’e Türkiye Sinema Tarihi” Editör: Özde Çeliktemel-Thomen.",Dergi (Toplumsal Tarih),publication,1,uncertain_date,
TV01365,5. Dönem (2011–2015),5. DÖNEM,95,2015-03-19 00:00:00,,,2015,"Perşembe Konuşmaları:Oya Gözel Durmaz — ""Kayseri Sancağı'nda Ermeni Emval-i Metrukesinin İadesi (1918-1920)""",Konferans/Söyleşi,event,1,uncertain_date,
TV01366,5. Dönem (2011–2015),5. DÖNEM,96,2015-03-27 00:00:00,,,2015,"Panel — ""Sınırları Aşmak"": Türk-Ermeni sınır bölgesinde fotoğraf sergisi ve panel (Fransız Kültür Merkezi, Ara Koçunyan, Mesut Tufan)",Panel,event,1,uncertain_date,
TV01367,5. Dönem (2011–2015),5. DÖNEM,96,2015-03-27 00:00:00,,,2015,"Toplumsal Tarih Sayı: 256, Editör: Ahmet Usta’nın Dosya adı:  “Ortaçağ Kıbrıs’ında Sosyal ve Kültürel Hayat""",Dergi (Toplumsal Tarih),publication,1,uncertain_date,
TV01368,5. Dönem (2011–2015),5. DÖNEM,97,2015-03-27 00:00:00,,,2015,"Panel — ""Sınırları Aşmak"": Türk-Ermeni sınır bölgesinde fotoğraf sergisi ve panel (Fransız Kültür Merkezi, Ara Koçunyan, Mesut Tufan)",Sergi,event,1,uncertain_date,
TV01369,5. Dönem (2011–2015),5. DÖNEM,98,2015-04-01 00:00:00,,,2015,Üç yeni kitap: Harbiyeli Bir Osmanlı Ermeni / Kıyam ve Kıtal / Dertli SahillerKalusd Sürmenyan (çev. Y.T. Cora) / Güney Çeğin & Ümit Kurt / Ryan Gingeras — Nisan 2015,Yayın (Yurt Yayınları),publication,3,uncertain_date,
TV01370,5. Dönem (2011–2015),5. DÖNEM,100,2015-04-06 00:00:00,,,2015,"Tan Evi Etkinlikleri — James Ryan: ""Tan Olayı: Türkiye'nin Çok Partili Döneminde Siyasi Şiddet ve Basın""",Konferans/Söyleşi,event,1,uncertain_date,
TV01371,5. Dönem (2011–2015),5. DÖNEM,101,2015-04-09 00:00:00,,,2015,"Toplumsal Cinsiyet Tarihi Konuşma Dizisi:‘Ayşeler’in Mahkeme Tecrübesi: 17. Yüzyıl İstanbul’unda Mahkeme ve Kadın,  Hadi Hosainy",Konferans/Söyleşi,event,1,uncertain_date,
TV01372,5. Dönem (2011–2015),5. DÖNEM,102,2015-04-16 00:00:00,,,2015,"Perşembe Konuşmaları:Ayşe Gül Altınay, Kenan Çayır, Umut Azak — ""Eğitimde Hassas Meseleleri Ele Almak: 1915 Örneği"" (12. buluşma; panel)",Panel,event,1,uncertain_date,
TV01373,5. Dönem (2011–2015),5. DÖNEM,103,2015-04-26 00:00:00,,,2015,"""Ermeni Soykırımı: Kavramlar ve Karşılaştırmalı Perspektifler"" konferansı (Tarih Vakfı & UCLA, Boğaziçi Üniversitesi): Sonuç bülteni — Aynı konferansın değerlendirmesi; Dirk Moses, Jay Winter, Norman Naimark, Robert Fisk'in katılımı",Sempozyum,event,1,uncertain_date,
TV01374,5. Dönem (2011–2015),5. DÖNEM,104,2015-04-30 00:00:00,,,2015,"Perşembe Konuşmaları:Devrim Sezer — ""Soykırım ve Sorumluluk: 1915'i Lemkin ve Jaspers'in Eşliğinde Düşünmek"" (15. buluşma)",Konferans/Söyleşi,event,1,uncertain_date,
TV01375,5. Dönem (2011–2015),5. DÖNEM,105,2015-05-10 00:00:00,,,2015,"Proje finali — ""Birinci Dünya Savaşı'na Katılan Ülkelerden Mesaj Var"" tarih eğitimi atölyesi sunum ve değerlendirme paneli",Panel,event,1,uncertain_date,
TV01376,5. Dönem (2011–2015),5. DÖNEM,106,2015-03-26 00:00:00,,,2015,"Toplumsal Cinsiyet Tarihi Konuşma Dizisi: Frengi Zamanında Aşk: Geç Osmanlı’da Evliliğin Anatomisi ve Arzunun Patolojisi, Seçil Yılmaz",Konferans/Söyleşi,event,1,uncertain_date,
TV01377,5. Dönem (2011–2015),5. DÖNEM,107,2015-05-07 00:00:00,,,2015,"Toplumsal Cinsiyet Tarihi:  Konuşma Dizisi: Frengi Zamanında Hürlüğün Muğlaklığı: Geç Osmanlı’da Kölelik, Toplumsal Cinsiyet ve Yurttaşlık, Ceyda Karamürsel",Konferans/Söyleşi,event,1,uncertain_date,
TV01378,5. Dönem (2011–2015),5. DÖNEM,108,2015-05-17 00:00:00,,,2015,"11. Olağan Genel Kurul, Vakfın 7. başkanı: Işık Tandoğan. ( Başkanlık Süresi: 2015-2017)",,organizational,,uncertain_date,
TV01379,5. Dönem (2011–2015),5. DÖNEM,109,2015-05-21 00:00:00,,,2015,"Perşembe Konuşmaları:Karin Karakaşlı, Rober Koptaş, Zakarya Mildanoğlu — ""100. Yılda 1915'e ve Bugüne Bakışlar"" (kapanış oturumu)",Panel,event,1,uncertain_date,
TV01380,5. Dönem (2011–2015),5. DÖNEM,110,2015-07-01 00:00:00,,,2015,"Toplumsal Tarih, Sayı 259.",Kurs/Seminer,event,1,uncertain_date,
TV01381,5. Dönem (2011–2015),5. DÖNEM,111,2015-07-04 00:00:00,,,2015,"Belgesel gösterimi — ""Gezi Tarih Olur Mu? Şimdi İzlemenin Ötesine Geçmek"" (Ekim 2013 atölyesinden üretilen belgesel)",Dergi (Toplumsal Tarih),publication,,uncertain_date,
TV01382,5. Dönem (2011–2015),5. DÖNEM,112,2015-11-12 00:00:00,,,2015,"Perşembe Konuşmaları: Ralf Martin Jäger — ""19. Yüzyılda Osmanlı Sanat Müziği: El Yazması Kaynaklar ve Günümüz Müzik Pratiği""",Konferans/Söyleşi,event,1,uncertain_date,
TV01383,5. Dönem (2011–2015),5. DÖNEM,113,2015-11-26 00:00:00,,,2015,"Perşembe Konuşmaları: Ersu Pekin — ""Bizim Buralardaki Müziğin Tarihsel Serüveni""",Konferans/Söyleşi,event,1,uncertain_date,
TV01384,5. Dönem (2011–2015),5. DÖNEM,114,2015-05-28 00:00:00,,,2015,"Toplumsal Cinsiyet Tarihi Konuşma Dizisi:Mahbubluk Kültürü ve Osmanlı’da Köçek Yasakları, Mustafa Avcı",Konferans/Söyleşi,event,1,uncertain_date,
TV01385,6. Dönem (2016–2020),6. DÖNEM,2,2016,,,2016,Zafer Toprak —Türkiye'de İşçi Sınıfı 1908–1946,Yayın (Yurt Yayınları),publication,1,uncertain_date,
TV01386,6. Dönem (2016–2020),6. DÖNEM,3,2016.0,,,2016,Ceren Özpınar — Türkiye'de Sanat Tarihi Yazımı (1970–2010),Yayın (Yurt Yayınları),publication,1,uncertain_date,
TV01387,6. Dönem (2016–2020),6. DÖNEM,4,2016.0,,,2016,Leslie P. Pierce — Harem-i Hümayun (7. baskı),Yayın (Yurt Yayınları),publication,1,uncertain_date,
TV01388,6. Dönem (2016–2020),6. DÖNEM,5,2016.0,,,2016,Fatih Yeşil / Sinan Levent / Kemal Arı-Üç yeni kitap: İhtilaller Çağında Osmanlı Ordusu / Japon Turancılığı / Suyun İki Yanı: Mübadele,Yayın (Yurt Yayınları),publication,3,uncertain_date,
TV01389,6. Dönem (2016–2020),6. DÖNEM,6,2016.0,,,2016,Hülya Öztekin — Tan – Serteller Yönetiminde Muhalif Bir Gazete,Yayın (Yurt Yayınları),publication,1,uncertain_date,
TV01390,6. Dönem (2016–2020),6. DÖNEM,8,Şubat 2016,,,2016,Toplumsal Tarih: Sayı 266: Galata Rum Okulu,Dergi (Toplumsal Tarih),publication,1,needs_review,
TV01391,6. Dönem (2016–2020),6. DÖNEM,9,29 Mayıs 2016,2016-05-29,,2016,Perşembe Konuşmaları:Birinci Dünya Savaşı'na Katılan Ülkelerden Mesaj Var II:Ortaokul Öğrencileri Cihan Harbi'ni Farklı Perspektiflerden Tartışıyor ve Yazıyor Terakki Vakfı Kültür Merkezi.,Konferans/Söyleşi,event,1,verified,
TV01392,6. Dönem (2016–2020),6. DÖNEM,10,2016-05-29 00:00:00,,,2016,"Eğitim projesi kapanış günü — ""Gençler Cihan Harbi'ni Farklı Perspektiflerden Tartışıyor ve Yazıyor"" (9 okul, 72 öğrenci)",Proje (Diğer),project,1,uncertain_date,
TV01393,6. Dönem (2016–2020),6. DÖNEM,11,2016-06-27 00:00:00,,,2016,"Tarih Vakfı 25. Yıl Özel Konseri — Lepidus Quartet, Can Çakmur & Sezai Kocabıyık",Konser,event,1,uncertain_date,
TV01394,6. Dönem (2016–2020),6. DÖNEM,12,2016-09-01 00:00:00,,,2016,"toplumsal Tarih: Sayı 273: Özel Sayı: Darpsız, Darbesiz Demokrasi",Dergi (Toplumsal Tarih),publication,1,uncertain_date,
TV01395,6. Dönem (2016–2020),6. DÖNEM,14,"27 Ekim 2016, Perşembe",,,2016,"PK:Özge Samancı — ""19. Yüzyılda Osmanlı Sarayı ve İstanbul Mutfak Kültürü: Süreklilikler ve Değişimler""",Konferans/Söyleşi,event,1,uncertain_date,
TV01396,6. Dönem (2016–2020),6. DÖNEM,15,Kasım 2016,,,2016,Toplumsal Tarih: Sayı 275: Osmanlı İmparatorluğu ve İtalyan Kent Devletleri,Dergi (Toplumsal Tarih),publication,1,needs_review,
TV01397,6. Dönem (2016–2020),6. DÖNEM,16,"10 Kasım 2016, Perşembe",,,2016,"PK: Pelin Dumanlı — ""Cumhuriyet'ten Günümüze İstanbul Mutfağında Sakatat""",Konferans/Söyleşi,event,1,uncertain_date,
TV01398,6. Dönem (2016–2020),6. DÖNEM,17,"24 Kasım 2016, Perşembe",,,2016,"PK: Prof. Dr. Arif Bilgin — ""Şehr-i Aziz'de Taam-ı Leziz: Osmanlı İstanbul'unda Yemek Kültürü (17–18. yy.)""",Konferans/Söyleşi,event,1,uncertain_date,
TV01399,6. Dönem (2016–2020),6. DÖNEM,17,"24 Kasım 2016, Perşembe",,,2016,"Toplumsal Tarih: Sayı 276: İhtilaller Çağında Osmanlı Ordusu (Fatih Yeşil), Japon Turancılığı (Sinan Levent) ve Suyun İki Yanı:",Dergi (Toplumsal Tarih),publication,1,uncertain_date,
TV01400,6. Dönem (2016–2020),6. DÖNEM,20,2017.0,,,2017,"Şefika Şehvar Beşiroğlu & Şeyma Ersoy Çak , Bir Muhabbet Kuşu: Postmodern Göstergeler Işığında Zeki Müren",Yayın (Yurt Yayınları),publication,1,uncertain_date,
TV01401,6. Dönem (2016–2020),6. DÖNEM,21,2017,,,2017,"Osmanlı Terakki ve İttihat Cemiyeti, Paris Merkezi Yazışmaları Kopya Defterleri (1906–1908)",Yayın (Yurt Yayınları),publication,1,uncertain_date,
TV01402,6. Dönem (2016–2020),6. DÖNEM,22,2017,,,2017,Osmanlı'dan Günümüze Darbeler,Yayın (Yurt Yayınları),publication,1,uncertain_date,
TV01403,6. Dönem (2016–2020),6. DÖNEM,23,2017,,,2017,Birinci Dünya Savaşı'na Katılan Ülkelerden Mesaj Var- 13 Haziran,Yayın (Vakıf),publication,1,uncertain_date,
TV01404,6. Dönem (2016–2020),6. DÖNEM,24,2017,,,2017,Osmanlı Hükümet Konakları (Yasemin Avcı),Yayın (Yurt Yayınları),publication,3,uncertain_date,
TV01405,6. Dönem (2016–2020),6. DÖNEM,25,2017,,,2017,Günlüğümden Sayfalar / Siyasal Düşünceler Tarihine Giriş / Osmanlı'dan Cumhuriyet'e Salgın Hastalıklar ve Kamu Sağlığı kitapları,Konferans/Söyleşi,event,1.0,uncertain_date,
TV01406,6. Dönem (2016–2020),6. DÖNEM,25,2017,,,2017,Toplumsal Tarih: Sayı 277 : Antik Nümismatik,Dergi (Toplumsal Tarih),publication,1,uncertain_date,
TV01407,6. Dönem (2016–2020),6. DÖNEM,26,Ocak 2017,,,2017,"Perşembe Konuşmaları: Tülin Ural — ""Tek Parti Döneminde Sofra Adabı""",,chronology,,uncertain_category,
TV01408,6. Dönem (2016–2020),6. DÖNEM,27,Ocak 2017,,,2017,"Perşembe Konuşmaları: Dr. Buket Kitapçı Bayrı — ""Taam, Şölen, Oruç ve Bizanslı Öteki""",Konferans/Söyleşi,event,1.0,needs_review,
TV01409,6. Dönem (2016–2020),6. DÖNEM,27,Ocak 2017,,,2017,Toplumsal Tarih: Sayı 278: Pertev Naili Boratav'ın Fransa'daki Mirası,Dergi (Toplumsal Tarih),publication,1,needs_review,
TV01410,6. Dönem (2016–2020),6. DÖNEM,28,Şubat 2017,,,2017,Tarih Vakfı Öğretmenler Platformu'nun ortaöğretim tarih müfredatı (9–11. sınıflar) incelemesinin sonuçları — MEB'e 9 Şubat 2017'de sunuldu,Anket/Araştırma,publication,1,needs_review,
TV01411,6. Dönem (2016–2020),6. DÖNEM,29,Şubat 2017,,,2017,Toplumsal Tarih: Sayı 279: Üniversitelerde Tasfiyeler,Dergi (Toplumsal Tarih),publication,1,needs_review,
TV01412,6. Dönem (2016–2020),6. DÖNEM,31,2017-03-09 00:00:00,,,2017,Perşembe Konuşmaları:“Esir Şehrin” Mutfak Kültürü: Mütareke Dönemi İstanbul Mutfağı (1918-1922),Konferans/Söyleşi,event,1.0,uncertain_date,
TV01413,6. Dönem (2016–2020),6. DÖNEM,32,2017-03-16 00:00:00,,,2017,"Perşembe Konuşmaları: Dr. Ece Öztan’ın “Akademinin Ev Hali: Türkiye’de Bilim, Üniversite ve Toplumsal Cinsiyet”, Dr. Berivan Gökçenay “Üniversite, İfade Özgürlüğü ve Akademik Özgürlükler: Bir Yok Oluşun Ardından”",Konferans/Söyleşi,event,2.0,uncertain_date,
TV01414,6. Dönem (2016–2020),6. DÖNEM,33,2017-03-30 00:00:00,,,2017,"Perşemne Konuşmaları: Doç. Dr. İsmet Akça & Dr. Barış Alp Özden — ""Neopopülist Hareketler""",Konferans/Söyleşi,event,1.0,uncertain_date,
TV01415,6. Dönem (2016–2020),6. DÖNEM,33,2017-03-30 00:00:00,,,2017,Toplumsal Tarih: Sayı 280: Osmanlı'da Anayasal Düşüncenin Gelişimi,Dergi (Toplumsal Tarih),publication,1,uncertain_date,
TV01416,6. Dönem (2016–2020),6. DÖNEM,35,2017-04-09 00:00:00,,,2017,"12. Olağan Genel Kurul, Vakfın 9. Başkanı : Mehmet Ö. Alkan. (Başkanlık süresi 2017-2023)",,organizational,,uncertain_date,
TV01417,6. Dönem (2016–2020),6. DÖNEM,36,2017-04-10 00:00:00,,,2017,"Prof. Dr. Nilgün Toker Kılınç & Dr. Serdar Tekin — ""Kamusuz Demokrasinin Sonu""",Konferans/Söyleşi,event,1.0,uncertain_date,
TV01418,6. Dönem (2016–2020),6. DÖNEM,37,2017-04-22 00:00:00,,,2017,Tarama Sonuçları Sunumu — Ermenistan ve Türkiye Tarih Ders Kitaplarında Milliyetçilik ve Cinsiyetçilik,Anket/Araştırma,event,1,uncertain_date,
TV01419,6. Dönem (2016–2020),6. DÖNEM,38,2017-04-27 00:00:00,,,2017,"Süreyya Aygül & M. Hakan Koçak — ""Türkiye Sendikal Hareketinin Fay Hatları ve Kırılmalar""",Konferans/Söyleşi,event,1.0,uncertain_date,
TV01420,6. Dönem (2016–2020),6. DÖNEM,38,2017-04-27 00:00:00,,,2017,Toplumsal Tarih: Sayı 281: Erken Cumhuriyet'te Nüfus ve Çocuk Ölümleri,Dergi (Toplumsal Tarih),publication,1,uncertain_date,
TV01421,6. Dönem (2016–2020),6. DÖNEM,40,2017-05-11 00:00:00,,,2017,Toplumsalın Sineması: Tomris Giritlioğlu — Suyun İki Yanı film gösterimi ve analizi,Sinema,event,1,uncertain_date,
TV01422,6. Dönem (2016–2020),6. DÖNEM,41,2017-05-18 00:00:00,,,2017,"Olağanüstü Akademi: Yüksel Taşkın & Baran Alp Uncu — ""Türkiye'de Muhafazakarlık: Kavram ve Gündelik Hayat""",Seminer,event,1,uncertain_date,
TV01423,6. Dönem (2016–2020),6. DÖNEM,42,2017-05-25 00:00:00,,,2017,"Prof. Dr. Kuvvet Lordoğlu & Dr. Nilay Etiler — ""Göçmen Olmak, İşçi Olmak ve Çocuk Olmak""",Seminer,event,1,uncertain_date,
TV01424,6. Dönem (2016–2020),6. DÖNEM,42,2017-05-25 00:00:00,,,2017,Toplumsal Tarih: Sayı 282: Evliya Çelebi'nin Afrika Yolculuğu,Dergi (Toplumsal Tarih),publication,1,uncertain_date,
TV01425,6. Dönem (2016–2020),6. DÖNEM,43,Haziran 2017,,,2017,Toplumsal Tarih: Sayı 283: Erken Cumhuriyet'te Dans ve Çarliston,Dergi (Toplumsal Tarih),publication,1,needs_review,
TV01426,6. Dönem (2016–2020),6. DÖNEM,44,Temmuz 2017,,,2017,Toplumsal Tarih: Sayı 284: Antep'te Ermenilerin Tarihi,Dergi (Toplumsal Tarih),publication,1,needs_review,
TV01427,6. Dönem (2016–2020),6. DÖNEM,45,Ağustos 2017,,,2017,Toplumsal Tarih: Sayı 285: Türk-Yunan Nüfus Mübadelesi ve Antalya,Dergi (Toplumsal Tarih),publication,1,needs_review,
TV01428,6. Dönem (2016–2020),6. DÖNEM,47,2017-10-05 00:00:00,,,2017,"Perşembe Konuşmaları: Ali Yalçın Göymen — ""Devrimi Yeniden Düşünmek""",Konferans/Söyleşi,event,1,uncertain_date,
TV01429,6. Dönem (2016–2020),6. DÖNEM,48,19 Ekim 2017,2017-10-19,,2017,Perşembe Konuşmaları: Ertan Erol — 1910 Meksika Devrimi,Konferans/Söyleşi,event,1,verified,
TV01430,6. Dönem (2016–2020),6. DÖNEM,49,21 Ekim - 25 Kasım 2017,,,2017,"""Tarihten Mutfağa Ekmek"" — 6 haftalık seminer dizisi",Seminer,event,1.0,uncertain_date,
TV01431,6. Dönem (2016–2020),6. DÖNEM,49,21 Ekim - 25 Kasım 2017,,,2017,Toplumsal Tarih: Sayı 287 : 1917/2017 – Devrimler Tarihinde 1917 (Özel Sayı),Dergi (Toplumsal Tarih),publication,1,uncertain_date,
TV01432,6. Dönem (2016–2020),6. DÖNEM,51,16 Kasım 2017,2017-11-16,,2017,"Perşembe Konuşmaları: Foti Benlisoy — ""Ekim Devrimi: Felaket, Nostalji ve Ütopya",Konferans/Söyleşi,event,1,verified,
TV01433,6. Dönem (2016–2020),6. DÖNEM,51,16 Kasım 2017,2017-11-16,,2017,"Toplumsal Tarih: Sayı 288:Osmanlı'dan Günümüze Adalet, Eşitlik, Hukuk ve Siyaset",Dergi (Toplumsal Tarih),publication,1,verified,
TV01434,6. Dönem (2016–2020),6. DÖNEM,53,2017-2018 sezonu,,,2017,"Nilüfer Belediyesi & Tarih Vakfı — ""Tarih Buluşmaları"" etkinlik serisi",,chronology,,uncertain_date,
TV01435,6. Dönem (2016–2020),6. DÖNEM,54,2017-2021,,,2017,TEB Kurum Tarihi Projesi,Proje (Diğer),project,1,uncertain_date,
TV01436,6. Dönem (2016–2020),6. DÖNEM,56,2018-01-06 00:00:00,,,2018,"Panel — ""Anıların İzinde Arşivlerin Gölgesinde: Tarih Yazımında Anılar"" (Ümit Kurt & Ayhan Aktar)",Panel,event,1.0,uncertain_date,
TV01437,6. Dönem (2016–2020),6. DÖNEM,56,2018-01-06 00:00:00,,,2018,"Dr. Sebahattin Abdurrahman -Lozan'dan Günümüze Batı Trakya Azınlık Okulları,  Batı Trakya azınlık eğitimi araştırması",Yayın (Yurt Yayınları),publication,1,uncertain_date,
TV01438,6. Dönem (2016–2020),6. DÖNEM,57,2014-2018,,,2014,Toplumsal Tarih Sayı 290,Dergi (Toplumsal Tarih),publication,1,uncertain_date,
TV01439,6. Dönem (2016–2020),6. DÖNEM,58,Şubat 2018,,,2018,Toplumsal Tarih Sayı 291 - Tarih Eğitimi ve Tarihsel Empati Dosyası: Tarih Eğitimi ve Barışın Dili: Gençler Tarihi Farklı Perspektiflerden Tartışıyor projesi özel dosyası,Dergi (Toplumsal Tarih),publication,1,needs_review,
TV01440,6. Dönem (2016–2020),6. DÖNEM,59,Mart 2018,,,2018,Toplumsal Tarih Sayı 292 - Tarihin Dilsiz Tanıkları Dosyası:Hayvanların tarihte oynadığı roller özel dosyası,Dergi (Toplumsal Tarih),publication,1,needs_review,
TV01441,6. Dönem (2016–2020),6. DÖNEM,61,Mayıs 2018 - Ekim 2020,,,2018,100. Yılında İş Bankası Tarihi ( Proje),Proje (Kurum Tarihi),project,1.0,uncertain_date,
TV01442,6. Dönem (2016–2020),6. DÖNEM,61,Mayıs 2018 - Ekim 2020,,,2018,Toplumsal Tarih Sayı 295,Dergi (Toplumsal Tarih),publication,1,uncertain_date,
TV01443,6. Dönem (2016–2020),6. DÖNEM,62,Temmuz 2018,,,2018,"Toplumsal Tarih Sayı 296: Dosya Konusu: Maraz-ı Sârî, Emrâz-ı Müstevlî: Tarihte Salgın Hastalıklar",Dergi (Toplumsal Tarih),publication,1,needs_review,
TV01444,6. Dönem (2016–2020),6. DÖNEM,63,2018-08-01 00:00:00,,,2018,Toplumsal Tarih Sayı 297 Dosya Konusu: Tarih Eğitimi ve Barışın Dili — Gençler Tarihi Farklı Perspektiflerden Tartışıyor,Dergi (Toplumsal Tarih),publication,1,uncertain_date,
TV01445,6. Dönem (2016–2020),6. DÖNEM,64,2018-09-01 00:00:00,,,2018,Toplumsal Tarih Sayı 298,Dergi (Toplumsal Tarih),publication,1,uncertain_date,
TV01446,6. Dönem (2016–2020),6. DÖNEM,65,Eylül 2018 - 2020,,,2018,Kredi Kayıt Bürosu — Geçmişten Günümüze Türkiye'de Çekin Tarihi (Proje),Proje (Diğer),project,1.0,uncertain_date,
TV01447,6. Dönem (2016–2020),6. DÖNEM,65,Eylül 2018 - 2020,,,2018,Toplumsal Tarih Sayı 299 Dosya Konusu: Japon Modernleşmesi ve Türkiye — Meiji Restorasyonu'nun 150. Yılı,Dergi (Toplumsal Tarih),publication,1,uncertain_date,
TV01448,6. Dönem (2016–2020),6. DÖNEM,66,2018-10-01 00:00:00,,,2018,Toplumsal Tarih Sayı 300: Özel Sayı: Türkiye'nin Toplumsal Tarihinin 25 Yılı,Dergi (Toplumsal Tarih),publication,1,uncertain_date,
TV01449,6. Dönem (2016–2020),6. DÖNEM,69,2018-12-15 00:00:00,,,2018,"Adalet Ağaoğlu Edebiyatına Çok Disiplinlilik ve Türkiye Çalışmaları Üzerinden Yaklaşmak Sempozyumu:Adalet Ağaoğlu'nun bizzat katıldığı, edebiyatı üzerine sempozyum Ragıp Gümüşpala Cad. Eminönü, Fatih/İstanbul",Sempozyum,event,1,uncertain_date,
TV01450,6. Dönem (2016–2020),6. DÖNEM,70,2019.0,,,2019,"Toplumsal Tarih: Sayı 301, Abdülhamid'i Nasıl Bilirsiniz?",Dergi (Toplumsal Tarih),publication,1,uncertain_date,
TV01451,6. Dönem (2016–2020),6. DÖNEM,71,Ocak 2019,,,2019,"Toplumsal Tarih:Sayı 302,  Cihan Harbi, Mütareke ve İşgal",Dergi (Toplumsal Tarih),publication,1,needs_review,
TV01452,6. Dönem (2016–2020),6. DÖNEM,72,Şubat 2019,,,2019,"Toplumsal Tarih Sayı 303, Mihri Dosyası:Mihri: İstanbul'dan New York'a Bir Kadın Ressamın Portresi Özel Dosyası",Dergi (Toplumsal Tarih),publication,1,needs_review,
TV01453,6. Dönem (2016–2020),6. DÖNEM,73,Mart 2019,,,2019,"Toplumsal Tarih Sayı: 304, Mütareke Dönemi'nde Siyasal Temsil, Seçimler ve Halkçılık",Dergi (Toplumsal Tarih),publication,1,needs_review,
TV01454,6. Dönem (2016–2020),6. DÖNEM,75,2019-05-10 00:00:00,,,2019,Ankara Tartışmaları: Türkiye'de Uç Sağ ve Antisemitizm 1945–1980: İlker Aytürk,Konferans/Söyleşi,event,1,uncertain_date,
TV01455,6. Dönem (2016–2020),6. DÖNEM,76,2019-05-12 00:00:00,,,2019,13. Olağan Genel Kurul,,organizational,,uncertain_date,
TV01456,6. Dönem (2016–2020),6. DÖNEM,77,13-15 Mayıs 2019,2019-05-13,2019-05-15,2019,Konferans: Rusya ve Türkiye: Geçen Yüzyılın İzleri (Bilkent),Konferans/Söyleşi,event,1,verified,
TV01457,6. Dönem (2016–2020),6. DÖNEM,77,13-15 Mayıs 2019,2019-05-13,2019-05-15,2019,Toplumsal Tarih Sayı 305:  DP Döneminde Emek ve Sendikacılık,Dergi (Toplumsal Tarih),publication,1,verified,
TV01458,6. Dönem (2016–2020),6. DÖNEM,79,2019-05-17 00:00:00,,,2019,"Ankara Tartışmaları, Büşra Ersanlı: Tarih Eğitiminde Değişim",Konferans/Söyleşi,event,1,uncertain_date,
TV01459,6. Dönem (2016–2020),6. DÖNEM,80,2019-05-23 00:00:00,,,2019,"Söyleşi: Türkiye ve Yunanistan'da Aydınların Gölge Oyununa Etkisi, Ahmet Akşit, Peri Efe,Harun Özgür Turgan",Konferans/Söyleşi,event,1,uncertain_date,
TV01460,6. Dönem (2016–2020),6. DÖNEM,81,2019-05-24 00:00:00,,,2019,"Ankara Tartışmaları, Müzikle Ankara Tarihi, Murat Meriç",Konferans/Söyleşi,event,1,uncertain_date,
TV01461,6. Dönem (2016–2020),6. DÖNEM,82,2019-06-18 00:00:00,,,2019,"KitapTanıtımı ve Panel, Lozan'dan Günümüze Batı Trakya Azınlık Okulları, Gülay Kayacan, Nilüfer Erdem, Sebahattin Abdurrahman, İbrahim Kelağası",Panel,event,1.0,uncertain_date,
TV01462,6. Dönem (2016–2020),6. DÖNEM,82,2019-06-18 00:00:00,,,2019,"Uygarlıklar Tarihi, 2 cilt.",Yayın (Vakıf),publication,1,uncertain_date,
TV01463,6. Dönem (2016–2020),6. DÖNEM,84,2019 (Temmuz-Aralık),,,2019,Kütüphane Konuşmaları (ANAMED),,chronology,,uncertain_date,
TV01464,6. Dönem (2016–2020),6. DÖNEM,84,2019 (Temmuz-Aralık),,,2019,Toplumsal Tarih Sayı 307:  100. Yılına Giderken Lozan,Dergi (Toplumsal Tarih),publication,1,uncertain_date,
TV01465,6. Dönem (2016–2020),6. DÖNEM,86,2019-07-02 00:00:00,,,2019,"Kütüphane Konuşması, Modernite Öncesi Osmanlı Toplumunda Ötekileştirme, Dışlama ve Nefret, Helga Anetshofer, Erdem Çıpa, Hakan Karateke",Panel,event,1.0,uncertain_date,
TV01466,6. Dönem (2016–2020),6. DÖNEM,86,2019-07-02 00:00:00,,,2019,Mardin: Aşiret – Cemaat – Devlet Kitabı,Yayın (Vakıf),publication,1,uncertain_date,
TV01467,6. Dönem (2016–2020),6. DÖNEM,88,31 Temmuz - 1 Ağustos 2019,,,2019,Sosyal Bilimlerde Eleştirel Okuryazarlık Karaburun Yaz Atölyesi,Atölye,event,1.0,uncertain_date,
TV01468,6. Dönem (2016–2020),6. DÖNEM,89,2019-08-06 00:00:00,,,2019,"Kütüphane Konuşması: Yiğit Akın, When the War Came Home: The Ottomans' Great War, Modertatör: Emre Sencer",Panel,event,1.0,uncertain_date,
TV01469,6. Dönem (2016–2020),6. DÖNEM,89,2019-08-06 00:00:00,,,2019,Toplumsal Tarih Sayı 310 : İnsanın Kadim Dostu: Hayvanlar,Dergi (Toplumsal Tarih),publication,1,uncertain_date,
TV01470,6. Dönem (2016–2020),6. DÖNEM,90,2019-10-01 00:00:00,,,2019,"Kütüphane Konuşması: Günümüz İstanbul'unda Bizans, Buket Kitapçı Bayrı",Konferans/Söyleşi,event,1,uncertain_date,
TV01471,6. Dönem (2016–2020),6. DÖNEM,91,2019-10-04 00:00:00,,,2019,"Ankara Tartışmaları: Kapitalizmin Yükselişi ve Çöküşü: Kuramsal bir Değerlendirme, Haldun Gülalp",Konferans/Söyleşi,event,1,uncertain_date,
TV01472,6. Dönem (2016–2020),6. DÖNEM,92,2019-10-10 00:00:00,,,2019,"Perşembe Konuşması: Milletin Ebedi Mücadelesi: Türkçe Edebiyatta Kurtuluş Savaşı Anlatıları, Erol Köroğlu",Konferans/Söyleşi,event,1,uncertain_date,
TV01473,6. Dönem (2016–2020),6. DÖNEM,94,2019-10-15 00:00:00,,,2019,"Panel, Türkiye'de Üniversitenin Krizi ve Çözüm Arayışları: Taner Timur, İnci Özkan Kerestecioğlu, Emre Tansu Keten, Funda Karapehlivan, Moderatör , İsmet Akça",Panel,event,1.0,uncertain_date,
TV01474,6. Dönem (2016–2020),6. DÖNEM,95,2019-10-18 00:00:00,,,2019,"Ankara Tartışmaları: Kamusal Mekânın İktidar İlişkileri İçinde Stratejik Üretimi, Ece Yoltay",Konferans/Söyleşi,event,1,uncertain_date,
TV01475,6. Dönem (2016–2020),6. DÖNEM,96,2019-10-12 00:00:00,,,2019,"Yerinde Tarih :Turan Tanyer,  “Fidanlıktan Koleje, Bir Mahallenin Öyküsü” ( TED Üniversitesi Çok Amaçlı Salon) Ankara.",,chronology,,uncertain_date,
TV01476,6. Dönem (2016–2020),6. DÖNEM,98,2019 Güz - 2020 Bahar,,,2019,Vangelis Kechriotis Anısına Perşembe Konuşmaları: Tarih ve Edebiyatta Mütareke ve Milli Mücadele,Konferans/Söyleşi,event,1,uncertain_date,
TV01477,6. Dönem (2016–2020),6. DÖNEM,99,Ekim-Aralık 2019,,,2019,Marksizm Seminerleri: Marksizm 201: Tarih ve Kuram,Seminer,event,1.0,needs_review,
TV01478,6. Dönem (2016–2020),6. DÖNEM,100,2019-10-21 00:00:00,,,2019,"Marksizm 201: Marksizm ve Ontoloji, Epistemoloji: Fulya Atacan",Seminer,event,1.0,uncertain_date,
TV01479,6. Dönem (2016–2020),6. DÖNEM,101,2019-10-24 00:00:00,,,2019,"Perşembe Konuşması: Dolchstoßlegende'den Yenilginin Tarihyazımına, Sinan Yıldırmaz",Konferans/Söyleşi,event,1,uncertain_date,
TV01480,6. Dönem (2016–2020),6. DÖNEM,101,2019-10-24 00:00:00,,,2019,Osmanlı'da Cinselliğin Saklı Kıyısı ve Tarih Eğitiminde “Sen Kimsin?” Siyaseti: Türkiye’den Orta Asya’ya kitapları,Yayın (Yurt Yayınları),publication,2.0,uncertain_date,
TV01481,6. Dönem (2016–2020),6. DÖNEM,103,2019-10-28 00:00:00,,,2019,"Marksizm 201: Marksizm ve Tarih, Hakan Koçak",Seminer,event,1.0,uncertain_date,
TV01482,6. Dönem (2016–2020),6. DÖNEM,104,2019-10-30 00:00:00,,,2019,"Kita ptanıtımı ve Panel: Türkiye ve Ermenistan Proje Kitapları Tanıtımı, Pınar Sayan, Özlem Çaykent, Bülent Bilmez, Fırat Güllü",Panel,event,1.0,uncertain_date,
TV01483,6. Dönem (2016–2020),6. DÖNEM,104,2019-10-30 00:00:00,,,2019,"Kita ptanıtımı ve Panel: Türkiye ve Ermenistan Proje Kitapları Tanıtımı, Pınar Sayan, Özlem Çaykent, Bülent Bilmez, Fırat Güllü",Yayın (Vakıf),publication,1.0,uncertain_date,
TV01484,6. Dönem (2016–2020),6. DÖNEM,105,2019-10-31 00:00:00,,,2019,"Eskişehir Tarih Konuşmaları: Tarih Ne İşe Yarar, Nurşen Gürboğa, Sinan Yıldırmaz. Moderatör: Kemal Yakut.",Panel,event,1.0,uncertain_date,
TV01485,6. Dönem (2016–2020),6. DÖNEM,106,2019-09-26 00:00:00,,,2019,"KitapTanıtımıı ve Panel; 1968: İsyan, Devrim, Özgürlük: Ömer Turan, Bülent Somay, Esin Paça Cengiz, Cemil Boyraz, Çimen Günay-Erkol",Panel,event,1.0,uncertain_date,
TV01486,6. Dönem (2016–2020),6. DÖNEM,106,2019-09-26 00:00:00,,,2019,"KitapTanıtımıı ve Panel; 1968: İsyan, Devrim, Özgürlük: Ömer Turan, Bülent Somay, Esin Paça Cengiz, Cemil Boyraz, Çimen Günay-Erkol",Yayın (Vakıf),publication,1.0,uncertain_date,
TV01487,6. Dönem (2016–2020),6. DÖNEM,107,2019-09-27 00:00:00,,,2019,"Ankara Tartışmaları: Bir Başka Tarih Mümkün!: Anlatının İmkânları Üzerine, Nurçin İleri, Fatih Artvinli, Ebru Aykut, Moderatör: Oktay Özel",Panel,event,1.0,uncertain_date,
TV01488,6. Dönem (2016–2020),6. DÖNEM,108,2019-09-28 00:00:00,,,2019,"Panel: Mehmet Ö. Alkan, Oktay Özel, Nurşen Gürboğa:Her İktidara Bir Tarih: Geçmiş Nasıl Uydurulur",Panel,event,1.0,uncertain_date,
TV01489,6. Dönem (2016–2020),6. DÖNEM,108,2019-09-28 00:00:00,,,2019,Toplumsal Tarih Sayı 311: Tasniften Teşhire: Osmanlı'dan Cumhuriyet'e Doğa Tarihi Müzeleri,Dergi (Toplumsal Tarih),publication,1,uncertain_date,
TV01490,6. Dönem (2016–2020),6. DÖNEM,109,2019-11-01 00:00:00,,,2019,Ankara Tartışmaları: Kozmopolitizm ve Osmanlı Kentleri: E. Attila Aytekin,Konferans/Söyleşi,event,1.0,uncertain_date,
TV01491,6. Dönem (2016–2020),6. DÖNEM,110,2019-11-04 00:00:00,,,2019,"Marksizm 201: Marksizm ve Ekonomi-Politik, Ali Rıza Güngen",Seminer,event,1.0,uncertain_date,
TV01492,6. Dönem (2016–2020),6. DÖNEM,111,2019-11-07 00:00:00,,,2019,"Perşembe Konuşması: Milli Mücadele Meclisi'nde İktidar ve Muhalefet, Ahmet Demirel",Konferans/Söyleşi,event,1.0,uncertain_date,
TV01493,6. Dönem (2016–2020),6. DÖNEM,112,2019-11-11 00:00:00,,,2019,"Marksizm 201: Marksizm ve Sınıflar, Barış Alp Özden",Seminer,event,1.0,uncertain_date,
TV01494,6. Dönem (2016–2020),6. DÖNEM,113,2019-11-15 00:00:00,,,2019,"Ankara Tartışmaları, Beden Tıbbın Cinsiyetine Uymadığında: İnterseks, Şerife Yurtseven, Ceren Aydın, Koray Başar",Panel,event,1,uncertain_date,
TV01495,6. Dönem (2016–2020),6. DÖNEM,114,2019-11-16 00:00:00,,,2019,"Hakan Kaynar
(Hacettepe Üniversitesi, Tarih Bölümü)Konservatuardan Artist Mektebine (Ankara)",Konferans/Söyleşi,event,1.0,uncertain_date,
TV01496,6. Dönem (2016–2020),6. DÖNEM,115,2019-11-18 00:00:00,,,2019,"Marksizm 201: Marksizm ve Devlet, İsmet Akça",Seminer,event,1.0,uncertain_date,
TV01497,6. Dönem (2016–2020),6. DÖNEM,116,2019-11-21 00:00:00,,,2019,"Perşembe Konuşması: Avrupalıların Ekonomik İmtiyazları Milli Mücadele'den Sağ Çıkabildi Mi?, Neslişah Başaran",Konferans/Söyleşi,event,1.0,uncertain_date,
TV01498,6. Dönem (2016–2020),6. DÖNEM,117,2019-11-25 00:00:00,,,2019,"Marksizm 201: Marksizm ve Hukuk, F. Ceren Akçabay",Seminer,event,1.0,uncertain_date,
TV01499,6. Dönem (2016–2020),6. DÖNEM,118,2019-11-29 00:00:00,,,2019,"Ankara Tartışmaları: Tebenniden İcâra: Osmanlı İstanbul'unda Eviçi Hizmetler, Yahya Araz",Konferans/Söyleşi,event,1.0,uncertain_date,
TV01500,6. Dönem (2016–2020),6. DÖNEM,119,2019-12-02 00:00:00,,,2019,"Marksizm 201: Marksizm ve Das Kapital'in Türkiye'deki Serencamı, Mehmet Ö. Alkan",Seminer,event,1.0,uncertain_date,
TV01501,6. Dönem (2016–2020),6. DÖNEM,120,2019-12-03 00:00:00,,,2019,"Kütüphane Konuşması: Byzantion'dan Tanzimat'a Skarlatos Byzantios'un Gözünden İstanbul, Murat Güvenç, Haris Rigas, Moderatör: Melike Sümertaş",Panel,event,1.0,uncertain_date,
TV01502,6. Dönem (2016–2020),6. DÖNEM,121,2019-12-05 00:00:00,,,2019,"Perşembe Konuşması: Halkevleri Dönemi Tiyatro Oyunlarında Kurtuluş Savaşı, Esra Dicle",Konferans/Söyleşi,event,1.0,uncertain_date,
TV01503,6. Dönem (2016–2020),6. DÖNEM,122,2019-12-13 00:00:00,,,2019,"Ankara Tartışmaları: Yerlicilik Söylemi: Fikir Kaynakları ve Bölünmesi, Fırat Mollaer",Diğer Etkinlik,event,,uncertain_date,
TV01504,6. Dönem (2016–2020),6. DÖNEM,123,14-15 Aralık 2019,2019-12-14,2019-12-15,2019,"Konferans: Türkiye'nin Yakın Tarihinde Emek, Toplum ve Siyaset 1980–2002",Konferans/Söyleşi,event,,verified,
TV01505,6. Dönem (2016–2020),6. DÖNEM,124,2019-12-18 00:00:00,,,2019,Panel: Milli Mücadele ve Kastamonu: Kastamonu'dan DünTVyaya Açılan Kadın Ufku,Panel,event,1.0,uncertain_date,
TV01506,6. Dönem (2016–2020),6. DÖNEM,125,2019-12-19 00:00:00,,,2019,"Perşembe Konuşması: Mütareke'den Milli Mücadele'ye Annelik ve Çocuk Refahı, Tuba Demirci",Konferans/Söyleşi,event,1.0,uncertain_date,
TV01507,6. Dönem (2016–2020),6. DÖNEM,126,2019-12-20 00:00:00,,,2019,"Çanakkale Etkinliği: Edebiyat, Toplum ve Sınıflar, Sinan Yıldırmaz",Konferans/Söyleşi,event,1.0,uncertain_date,
TV01508,6. Dönem (2016–2020),6. DÖNEM,127,2019-12-20 00:00:00,,,2019,"Ankara Tartışmaları: İpek Hüner Cora, Tercümenin Ötesinde: Osmanlı Edebiyatında Düzyazı Adaptasyon.",Konferans/Söyleşi,event,1.0,uncertain_date,
TV01509,6. Dönem (2016–2020),6. DÖNEM,128,2019-12-21 00:00:00,,,2019,"Yerinde Tarih: Anlamlı Konum: Anafartalar Çarşısı, Özgür Ceren Can  (Ankara)",Konferans/Söyleşi,event,1.0,uncertain_date,
TV01510,6. Dönem (2016–2020),6. DÖNEM,129,2019-12-27 00:00:00,,,2019,"Eskişehir Tarih Konuşmaları: İktidar ve Adalet, Güçlü Ateşoğlu, Moderatör: Hüseyin Fırat Şenol",Konferans/Söyleşi,event,1.0,uncertain_date,
TV01511,6. Dönem (2016–2020),6. DÖNEM,132,2019-12-21 00:00:00,,,2019,"Lozan’dan Günümüze Batı Trakya Azınlık Okulları, Tarih Vakfı",Yayın (Vakıf),publication,1,uncertain_date,
TV01512,6. Dönem (2016–2020),6. DÖNEM,134,2019-2020,,,2019,Gençler Tarih Yazıyor: Toplumsal Tarihe Kadınların Yaşamlarından Bakmak,Yarışma,event,1.0,uncertain_date,
TV01513,6. Dönem (2016–2020),6. DÖNEM,134,2019-2020,,,2019,"Zeynep Kocabıyıkoğlu Çeçen (der.), Orta Çağ'a Yeni Yaklaşımlar: Ekonomi, Savaş, Kilise, Yaşam",Yayın (Yurt Yayınları),publication,1,uncertain_date,
TV01514,6. Dönem (2016–2020),6. DÖNEM,135,2019-2021,,,2019,150. Yılında Alman Lisesi (kurum tarihi kitabı + 150 biyografi + belgesel) (Proje),Proje (Kurum Tarihi),project,1.0,uncertain_date,
TV01515,6. Dönem (2016–2020),6. DÖNEM,135,2019-2021,,,2019,150. Yılında Alman Lisesi (kurum tarihi kitabı + 150 biyografi + belgesel) (Proje),Yayın (Yurt Yayınları),publication,1,uncertain_date,
TV01516,6. Dönem (2016–2020),6. DÖNEM,136,2019-2021,,,2019,150. Yılında Alman Lisesi (kurum tarihi kitabı + 150 biyografi + belgesel) (Proje),Belgesel,publication,1.0,uncertain_date,
TV01517,6. Dönem (2016–2020),6. DÖNEM,137,2019-2021,,,2019,"Tanıl Bora, Ankara Rüzgarı: Gençlerbirliği Tarihi",Yayın (Yurt Yayınları),publication,1,uncertain_date,
TV01518,6. Dönem (2016–2020),6. DÖNEM,138,2019-2021,,,2019,Çağdaş Görücü: Demokrat Parti İktidarında CHP: İdeolojik ve Örgütsel Arayışlar 1950–1960,Yayın (Yurt Yayınları),publication,1,uncertain_date,
TV01519,6. Dönem (2016–2020),6. DÖNEM,139,2019-2021,,,2019,"Suavi Aydın, Süha Ünsal, Oktay Özel, Kudret Emiroğlu, Mardin: Aşiret, Cemaat, Devlet",Yayın (Yurt Yayınları),publication,1,uncertain_date,
TV01520,6. Dönem (2016–2020),6. DÖNEM,140,2019-2021,,,2019,"Ömer Turan (der.): 1968: İsyan, Devrim, Özgürlük",Yayın (Yurt Yayınları),publication,1,uncertain_date,
TV01521,6. Dönem (2016–2020),6. DÖNEM,141,2019-2021,,,2019,"Ertan Erol, Tanrıya Uzak Merkeze Yakın: Meksika ve Türkiye'de Çevre Kapitalizminin Tarihsel Sosyolojisi",Yayın (Yurt Yayınları),publication,1,uncertain_date,
TV01522,6. Dönem (2016–2020),6. DÖNEM,142,2019-2021,,,2019,"Michael Axworthy (çev. Ali Karatay), Devrimci İran: İslam Cumhuriyeti'nin Tarihi",Yayın (Yurt Yayınları),publication,1,uncertain_date,
TV01523,6. Dönem (2016–2020),6. DÖNEM,143,2019-2021,,,2019,"G. D. Seidler (çev. Mete Tunçay), Doğuda Siyasal Düşünce: Doğu Dünyasının Ortaya Çıkışı",Yayın (Yurt Yayınları),publication,1,uncertain_date,
TV01524,6. Dönem (2016–2020),6. DÖNEM,144,2019-2021,,,2019,"Igor Despot (çev. Mete Tunçay), Savaşan Tarafların Gözüyle Balkan Savaşları: Algılar ve Yorumlar",Yayın (Yurt Yayınları),publication,1,uncertain_date,
TV01525,6. Dönem (2016–2020),6. DÖNEM,145,2019-2021,,,2019,"Nevcihanözbilge, Çekirgeler, Kürtler ve Devlet: Erken Cumhuriyet Dönemine Yeniden Bakmak",Yayın (Yurt Yayınları),publication,1,uncertain_date,
TV01526,6. Dönem (2016–2020),6. DÖNEM,146,2019-2021,,,2019,"Özüm Sezin Uzun, Hakan Güneş, İslam Cumhuriyeti'nde 40 Yıl: İran'da Toplum, Siyaset ve Değişim",Yayın (Yurt Yayınları),publication,1,uncertain_date,
TV01527,6. Dönem (2016–2020),6. DÖNEM,147,2019-2021,,,2019,"Mevlüt Özhan, Sürç-i Lisan Ettiksek Affola: Karagöz Üzerine Yazılar",Yayın (Yurt Yayınları),publication,1,uncertain_date,
TV01528,6. Dönem (2016–2020),6. DÖNEM,148,2019-2021,,,2019,"E. P. Thompson (çev. Uygur Kocabaşoğlu), Tarih Yapmak: Tarih ve Kültür Üzerine Yazılar",Yayın (Yurt Yayınları),publication,1,uncertain_date,
TV01529,6. Dönem (2016–2020),6. DÖNEM,149,2019-2021,,,2019,"Taylan Esin, Osmanlı Savaşı'nın İktisadi Aktörleri (1914–19)",Yayın (Yurt Yayınları),publication,1,uncertain_date,
TV01530,6. Dönem (2016–2020),6. DÖNEM,150,2019-2021,,,2019,"M. Görkem Doğan (çev. Akın Emre Pilgir), Neoliberalizm, İşçiler ve Direniş: Özal'a Karşı Geleneksel Sendikacılığın Mücadelesi (1986–1991)",Yayın (Yurt Yayınları),publication,1,uncertain_date,
TV01531,6. Dönem (2016–2020),6. DÖNEM,151,2019-2021,,,2019,"Noriko Nakayama (çev. Tolga Özşen), Köy Kadını, Modernite ve İslam: Bir Antropoloğun Gözünden 1990'ların Türkiye'si",Yayın (Yurt Yayınları),publication,1,uncertain_date,
TV01532,6. Dönem (2016–2020),6. DÖNEM,152,2019-2021,,,2019,"Touraj Atabaki (çev. Hojjat Ghasemlou), Azerbaycan: Etnisite ve İran'da İktidar Mücadelesi",Yayın (Yurt Yayınları),publication,1,uncertain_date,
TV01533,6. Dönem (2016–2020),6. DÖNEM,153,2019-2021,,,2019,"Burcu Belli, Osmanlı'da Fuhuş: II. Abdülhamid Dönemi'nde Kayıtlı Fuhuş, Devlet ve Modernlik (1876–1909)",Yayın (Yurt Yayınları),publication,1,uncertain_date,
TV01534,6. Dönem (2016–2020),6. DÖNEM,154,2019-2021,,,2019,"Mesut Yolal, Osmanlı'da Kumar ve Şans Oyunları (1800–1923)",Yayın (Yurt Yayınları),publication,1,uncertain_date,
TV01535,6. Dönem (2016–2020),6. DÖNEM,155,2019-2021,,,2019,"İhsan Erdinçli, Keyif, Günah ve Suç Arasında: Osmanlı'da Meyhaneler ve Müdavimleri",Yayın (Yurt Yayınları),publication,1,uncertain_date,
TV01536,6. Dönem (2016–2020),6. DÖNEM,156,2019-2021,,,2019,"Richard Stites, Catherina Evtuhov (çev. Ahmet Cevdet Aşkın)1800'den İtibaren Rusya Tarihi: Halklar, Efsaneler, Olaylar, Güçler, 2. Baskı",Yayın (Yurt Yayınları),publication,1,uncertain_date,
TV01537,6. Dönem (2016–2020),6. DÖNEM,157,2019-2021,,,2019,"Cem Doğan, Osmanlı'da Cinselliğin Saklı Kıyısı: II. Abdülhamit Dönemi ve Sonrası İstanbul'da Fuhuş, Frengi ve İktidar (1878–1922),2. Baskı",Yayın (Yurt Yayınları),publication,1,uncertain_date,
TV01538,6. Dönem (2016–2020),6. DÖNEM,158,2019-2021,,,2019,"Sevgi Aktüre, İÖ. 6. Yüzyıldan 14. Yüzyıl Sonuna Kadar Büyük İmparatorluklar Döneminde Anadolu Kentleri, 2. Baskı.",Yayın (Yurt Yayınları),publication,1,uncertain_date,
TV01539,6. Dönem (2016–2020),6. DÖNEM,159,2019-2021,,,2019,"Mehmet Hacısalihoğlu, Jön Türkler ve Makedonya Sorunu (1890–1918), 2. Baskı.",Yayın (Yurt Yayınları),publication,1,uncertain_date,
TV01540,6. Dönem (2016–2020),6. DÖNEM,160,2019-2021,,,2019,"Edhem Eldem, Mitler, Gerçekler ve Yöntem: Osmanlı Tarihinde Aklıma Takılanlar,2. Baskı",Yayın (Yurt Yayınları),publication,1,uncertain_date,
TV01541,6. Dönem (2016–2020),6. DÖNEM,161,2019-2021,,,2019,"Y. Doğan Çetinkaya, Mehmet Ö. Alkan, Tanzimat'tan Günümüze Türkiye'de İşçi Sınıfı Tarihi 1839–2014, 2. Baskı",Yayın (Yurt Yayınları),publication,1,uncertain_date,
TV01542,6. Dönem (2016–2020),6. DÖNEM,162,2019-2021,,,2019,"Claude Cahen (çev. Erol Üyepazarcı), Osmanlılardan Önce Anadolu, 6. Baskı.",Yayın (Yurt Yayınları),publication,1,uncertain_date,
TV01543,6. Dönem (2016–2020),6. DÖNEM,165,2020 Ocak- Aralık,,,2020,Kütüphane Konuşmaları (ANAMED),,chronology,,uncertain_date,
TV01544,6. Dönem (2016–2020),6. DÖNEM,166,2020-01-07 00:00:00,,,2020,"Kütüphane Konuşması: Yemeğin Tarihi: İstanbul Mutfağı, Özge Sabancı, Moderatör: Marie-Hélène Sauner",Konferans/Söyleşi,event,1.0,uncertain_date,
TV01545,6. Dönem (2016–2020),6. DÖNEM,167,2020-01-09 00:00:00,,,2020,"Perşembe Konuşması: Köpe Ailesinin Gözünden Savaş ve Mütareke Dönemi, Nefin Dinç, Lorans Tanatar Baruh, Erol Ülker",Konferans/Söyleşi,event,1.0,uncertain_date,
TV01546,6. Dönem (2016–2020),6. DÖNEM,168,2020-01-10 00:00:00,,,2020,"Ankara Tartışmaları: Mehmed Fuad Köprülü'nün Türk Tarihi'ni İnşası, Erdem Sönmez",Konferans/Söyleşi,event,1.0,uncertain_date,
TV01547,6. Dönem (2016–2020),6. DÖNEM,169,2020-01-11 00:00:00,,,2020,"Çanakkale Etkinliği: Türkiye'de Göçün Tarihi ve Sosyolojisi, Aslı Didem Danış Şenyüz",Konferans/Söyleşi,event,1.0,uncertain_date,
TV01548,6. Dönem (2016–2020),6. DÖNEM,170,2020-01-16 00:00:00,,,2020,Perşembe Konuşması: Tarihin Adları 1918–1923: Ahmet Kuyaş,Konferans/Söyleşi,event,1.0,uncertain_date,
TV01549,6. Dönem (2016–2020),6. DÖNEM,171,2020-02-04 00:00:00,,,2020,"Kütüphane Konuşması: Tanzimat Dönemine Eyaletlerden Bakış, Yonca Köksal, Moderatör: Can Nacar",Konferans/Söyleşi,event,1.0,uncertain_date,
TV01550,6. Dönem (2016–2020),6. DÖNEM,172,2020-02-05 00:00:00,,,2020,"Kitap Tanıtımı ve Söyleşi: Anlatılamazı İfade Etmek: Yeni Dersim Sound'unun Oluşumu, Martin Greve, Moderatör, Ulaş Özdemir",Konferans/Söyleşi,event,1.0,uncertain_date,
TV01551,6. Dönem (2016–2020),6. DÖNEM,172,2020-02-05 00:00:00,,,2020,"Kitap Tanıtımı ve Söyleşi: Anlatılamazı İfade Etmek: Yeni Dersim Sound'unun Oluşumu, Martin Greve, Moderatör, Ulaş Özdemir",Yayın (Yurt Yayınları),publication,1,uncertain_date,
TV01552,6. Dönem (2016–2020),6. DÖNEM,173,2020-02-13 00:00:00,,,2020,"Perşembe Konuşması: Birinci Dünya Savaşı Sonrası Ortadoğu'da Kürt Meselesi ve Kurtuluş Savaşı, Bülent Bilmez",Konferans/Söyleşi,event,1.0,uncertain_date,
TV01553,6. Dönem (2016–2020),6. DÖNEM,174,2020-02-20 00:00:00,,,2020,"Perşembe Konuşması: Milli Mücadele'de Kadın Savaşçılar: Kara Fatma(lar) Örneği, Zeynep Kutluata",Konferans/Söyleşi,event,1.0,uncertain_date,
TV01554,6. Dönem (2016–2020),6. DÖNEM,175,2020-02-21 00:00:00,,,2020,"Ankara Tartışmaları: Korse Meselesi: Geç Osmanlı'da Moda, Sağlık ve Kadın Güzelliği, Berrak Burçak",Konferans/Söyleşi,event,1.0,uncertain_date,
TV01555,6. Dönem (2016–2020),6. DÖNEM,176,2020-02-24 00:00:00,,,2020,"Marksizm 202: Marksizm ve Toplumsal Cinsiyet, Melda Yaman Öztürk",Seminer,event,1.0,uncertain_date,
TV01556,6. Dönem (2016–2020),6. DÖNEM,177,2020-02-27 00:00:00,,,2020,"Eskişehir Tarih Konuşmaları: Türkiye'de Göçün Tarihi, Sema Erder",Konferans/Söyleşi,event,1.0,uncertain_date,
TV01557,6. Dönem (2016–2020),6. DÖNEM,178,2020-02-27 00:00:00,,,2020,"Perşembe Konuşması: Milli Mücadele'de Kadın Savaşçılar: Kara Fatma(lar) Örneği, Zeynep Kutluata",Konferans/Söyleşi,event,1.0,uncertain_date,
TV01558,6. Dönem (2016–2020),6. DÖNEM,178,2020-02-27 00:00:00,,,2020,Toplumsal Tarih 315. Sayı Dosya konusu: Kadın Tarihi Arşivlerinin 30 Yılı: Kadın Eserleri Kütüphanesi ve Bilgi Merkezi Vakfı.,Dergi (Toplumsal Tarih),publication,1.0,uncertain_date,
TV01559,6. Dönem (2016–2020),6. DÖNEM,180,2020-03-02 00:00:00,,,2020,"Marksizm 202: Marksizm ve Queer Teori/Siyaset, Sinan Birdal",Seminer,event,1.0,uncertain_date,
TV01560,6. Dönem (2016–2020),6. DÖNEM,181,2020-03-03 00:00:00,,,2020,"Kütüphane Konuşması: Şeyh Bedreddin'den Şerefeddin Yezdi'ye Onbeşinci Yüzyılda Düşünsel Ağlar, Evrim Binbaş, Moderatör: Ferenc Csirkés",Konferans/Söyleşi,event,1.0,uncertain_date,
TV01561,6. Dönem (2016–2020),6. DÖNEM,182,2020-03-06 00:00:00,,,2020,"Ankara Tartışmaları: Hasan B. Cinayeti: 19. Yüzyıl Osmanlı Arnavutluk'unda Kan Davası, Uğur B. Bayraktar",Konferans/Söyleşi,event,1.0,uncertain_date,
TV01562,6. Dönem (2016–2020),6. DÖNEM,183,2020-03-12 00:00:00,,,2020,"Perşembe Konuşması: Anti-Emperyalizm Efsanesi Bağlamında Türk Kurtuluş Savaşı, Bülent Bilmez",Konferans/Söyleşi,event,1.0,uncertain_date,
TV01563,6. Dönem (2016–2020),6. DÖNEM,184,2020-03-17 00:00:00,,,2020,Bilge ve Belge Merkezi Pandemi nedeniyle tamamen kapatıldı.,,organizational,,uncertain_date,
TV01564,6. Dönem (2016–2020),6. DÖNEM,184,2020-03-17 00:00:00,,,2020,Toplumsal Tarih 316. Sayı  Dosya konusu: TBMM'nin Açılışının 100. Yıl Dönümü ve Tarihte Salgın Hastalıklar.,Dergi (Toplumsal Tarih),publication,1.0,uncertain_date,
TV01565,6. Dönem (2016–2020),6. DÖNEM,186,2020-04-14 00:00:00,,,2020,"Kütüphane Konuşması: Helenistik Dönemde Agoralar, Sikkeler ve Terazi Ağırlıkları, Oğuz Tekin Moderatör: Aliye Erol-Özdizbay",Konferans/Söyleşi,event,1.0,uncertain_date,
TV01566,6. Dönem (2016–2020),6. DÖNEM,186,2020-04-14 00:00:00,,,2020,Toplumsal Tarih 317. Sayı Dosya konusu: Osmanlı Kültüründe Yeme İçme ve Tarihte Salgın Hastalıklar,Dergi (Toplumsal Tarih),publication,1.0,uncertain_date,
TV01567,6. Dönem (2016–2020),6. DÖNEM,188,2020-05-04 00:00:00,,,2020,"Marksizm 202: Marksizm ve Yabancılaşma, Ali Yalçın Göymen",Seminer,event,1.0,uncertain_date,
TV01568,6. Dönem (2016–2020),6. DÖNEM,189,2020-05-05 00:00:00,,,2020,"Konser: Tarih Vakfı Mayıs Ayı Konserleri, Ekin Bezircanoğlu, Senem Zeynep Ercan, İstanbulied",Konser,event,1.0,uncertain_date,
TV01569,6. Dönem (2016–2020),6. DÖNEM,190,2020-05-05 00:00:00,,,2020,"Kütüphane Konuşması: Osmanlı İmparatorluğu'nda Emek ve İktidar: Tütün İşçileri, Can Nacar, Moderatör: Akın Sefer.",Konferans/Söyleşi,event,1.0,uncertain_date,
TV01570,6. Dönem (2016–2020),6. DÖNEM,191,2020-05-11 00:00:00,,,2020,"Marksizm 202: Marksizm ve İdeoloji, Hülya Kendir",Seminer,event,1.0,uncertain_date,
TV01571,6. Dönem (2016–2020),6. DÖNEM,192,12-13 Mayıs 2020,2020-05-12,2020-05-13,2020,"Ücretli Online Seminer, Sözlü Tarih, Esra Danacıoğlu",Seminer,event,1.0,verified,
TV01572,6. Dönem (2016–2020),6. DÖNEM,193,2020-05-13 00:00:00,,,2020,"Konser, Tarih Vakfı Mayıs Ayı Konserleri, Anıl Karaoğlu, Filip Kowalski",Konser,event,1.0,uncertain_date,
TV01573,6. Dönem (2016–2020),6. DÖNEM,194,2020-05-16 00:00:00,,,2020,"Adana Online Pandemi Söyleşisi, Uluslararası Düzende Kriz, Evren Balta. Moderatör: Tanıl Bora",Konser,event,1.0,uncertain_date,
TV01574,6. Dönem (2016–2020),6. DÖNEM,195,2020-05-18 00:00:00,,,2020,"Marksizm 202: Marksizm ve Uluslararası İlişkiler, Erhan Keleşoğlu",,chronology,,uncertain_date,
TV01575,6. Dönem (2016–2020),6. DÖNEM,196,2020-05-20 00:00:00,,,2020,"Konser: Tarih Vakfı Mayıs Ayı Konserleri, Çağlayan Çetin",Konser,event,1.0,uncertain_date,
TV01576,6. Dönem (2016–2020),6. DÖNEM,197,2020-05-23 00:00:00,,,2020,"Adana Online Pandemi Söyleşisi: 19 Mayıs Vesilesiyle 1. Meclis ve Parlamento Tarihi, Ahmet Demirel, Moderatör, Mehmet Ö. Alkan",Konser,event,1.0,uncertain_date,
TV01577,6. Dönem (2016–2020),6. DÖNEM,198,2020-05-27 00:00:00,,,2020,"Konser: Tarih Vakfı Mayıs Ayı Konserleri, Gökhan Aybulus",Konser,event,1.0,uncertain_date,
TV01578,6. Dönem (2016–2020),6. DÖNEM,199,2020-06-28 00:00:00,,,2020,"Online Panel: Toplumsal Tarihe Kadınların Yaşamlarından Bakmak (Proje Finali): Birsen Talay Keleşoğlu, Esra Danacıoğlu, Tuba Demirci Yılmaz, Moderatör:Özlem Çaykent",Panel,event,1.0,uncertain_date,
TV01579,6. Dönem (2016–2020),6. DÖNEM,200,2020-05-30 00:00:00,,,2020,"Adana Online Pandemi Söyleşisi: Corona Salgınının Devlet–Toplum İlişkilerine Etkileri: Ömer Turan, Moderatör: Nurşen Gürboğa",Konser,event,1.0,uncertain_date,
TV01580,6. Dönem (2016–2020),6. DÖNEM,200,2020-05-30 00:00:00,,,2020,"Toplumsal Tarih 318. Sayı, Salgın Hastalıklar (Osmanlı-Türkiye ve Çin perspektifinden).",Dergi (Toplumsal Tarih),publication,1.0,uncertain_date,
TV01581,6. Dönem (2016–2020),6. DÖNEM,202,2020-06-01 00:00:00,,,2020,"Marksizm 202: Marksizm ve Din, Deniz Parlak",Seminer,event,1.0,uncertain_date,
TV01582,6. Dönem (2016–2020),6. DÖNEM,203,2020-06-02 00:00:00,,,2020,"Kütüphane Konuşması:Tekfur Sarayı Kazıları ve Müzeleştirme Çalışmaları, Filiz Çalışlar Yenişehirlioğlu, Moderatör: Billur Tekkök Karaöz",Konferans/Söyleşi,event,1.0,uncertain_date,
TV01583,6. Dönem (2016–2020),6. DÖNEM,204,2020-06-06 00:00:00,,,2020,Adana Online Pandemi Söyleşisi: Köy Enstitülerini Düşünmek: Tanıl Bora,Konser,event,1.0,uncertain_date,
TV01584,6. Dönem (2016–2020),6. DÖNEM,205,2020-06-08 00:00:00,,,2020,Marksizm 202: Marksizm ve Kültür: U. Uraz Aydın,Seminer,event,1.0,uncertain_date,
TV01585,6. Dönem (2016–2020),6. DÖNEM,206,2020-06-13 00:00:00,,,2020,"Adana Online Pandemi Söyleşisi: Adana-Çukurova Bölgesinin Türkiye'nin İktisat Tarihindeki Yeri, Şevket Pamuk, Moderatör: Ayşe Ozil",Konser,event,1.0,uncertain_date,
TV01586,6. Dönem (2016–2020),6. DÖNEM,207,2020-06-15 00:00:00,,,2020,Marksizm 202: Marksizm ve Ekoloji: Stefo Benlisoy,Seminer,event,1.0,uncertain_date,
TV01587,6. Dönem (2016–2020),6. DÖNEM,208,16-24 Haziran 2020,2020-06-16,2020-06-24,2020,Ücretli Online Seminer: Tarihyazımı: Cengiz Kırlı,Seminer,event,1.0,verified,
TV01588,6. Dönem (2016–2020),6. DÖNEM,209,2020-06-20 00:00:00,,,2020,"Adana Online Pandemi Söyleşisi: Yerel Yönetimler Tarihi: Mehmet Ö. Alkan, Moderatör: Türkan Eşli",Konser,event,1.0,uncertain_date,
TV01589,6. Dönem (2016–2020),6. DÖNEM,210,2020-06-22 00:00:00,,,2020,Marksizm 202: Marksizm ve Hayvan Özgürleşmesi: Foti Benlisoy,Seminer,event,1.0,uncertain_date,
TV01590,6. Dönem (2016–2020),6. DÖNEM,211,2020-06-23 00:00:00,,,2020,"Bursa Tarih Buluşması: Büyük Dönüşüm ya da Normalin Güçlenmesi: Korona Salgınının Etkileri, Ömer Turan",Konser,event,1.0,uncertain_date,
TV01591,6. Dönem (2016–2020),6. DÖNEM,212,2020-06-27 00:00:00,,,2020,"Adana Online Pandemi Söyleşisi: Türkiye'de Kadın Hareketi: Gülhan Balsoy, Moderatör: Özgün Akduran",Konser,event,1.0,uncertain_date,
TV01592,6. Dönem (2016–2020),6. DÖNEM,213,2020-06-29 00:00:00,,,2020,"Marksizm 202: Marksizm ve Devrim, Ecehan Balta",Seminer,event,1.0,uncertain_date,
TV01593,6. Dönem (2016–2020),6. DÖNEM,213,2020-06-29 00:00:00,,,2020,"Toplumsal Tarih 319. Sayı , Osmanlı'da Marksizm ve Sosyalizm.",Dergi (Toplumsal Tarih),publication,1.0,uncertain_date,
TV01594,6. Dönem (2016–2020),6. DÖNEM,215,2020-07-07 00:00:00,,,2020,"Kütüphane Konuşması: Diyar-ı Rumdan Hikayeler, Buket Kitapçı Bayrı, Moderatör: Haris Theodorelis-Rigas",Konferans/Söyleşi,event,1.0,uncertain_date,
TV01595,6. Dönem (2016–2020),6. DÖNEM,216,2020-07-16 00:00:00,,,2020,"Perşembe Konuşması: Mütarekenin Kadın Gazetecileri, Aysun Akan",Konferans/Söyleşi,event,1.0,uncertain_date,
TV01596,6. Dönem (2016–2020),6. DÖNEM,217,2020-07-23 00:00:00,,,2020,"Perşembe Konuşması: Peyami Safa'nın Eserlerinde Mütareke ve Milli Mücadele, Seval Şahin",Konferans/Söyleşi,event,1.0,uncertain_date,
TV01597,6. Dönem (2016–2020),6. DÖNEM,218,2020-07-30 00:00:00,,,2020,"Perşembe Konuşması: Yemen'den Fırat'a Yaşam ve Ölüm: Suriye Valisi Cemal Paşa, Ümit Kurt",Konferans/Söyleşi,event,1.0,uncertain_date,
TV01598,6. Dönem (2016–2020),6. DÖNEM,218,2020-07-30 00:00:00,,,2020,"Toplumsal Tarih 320. Sayı , Sevr Antlaşması'nın 100. Yıl Dönümü.",Dergi (Toplumsal Tarih),publication,1.0,uncertain_date,
TV01599,6. Dönem (2016–2020),6. DÖNEM,219,2020-08-01 00:00:00,,,2020,Toplumsal Tarih 321. Sayı  Osmanlı'da İçki ve Eğlence Kültürü ile Tarih Eğitimi ve Kadın Tarihi.,Dergi (Toplumsal Tarih),publication,1.0,uncertain_date,
TV01600,6. Dönem (2016–2020),6. DÖNEM,221,2020-09-15 00:00:00,,,2020,"Kütüphane Konuşması: Boğaziçi'nin Hafızası: Amcazâde Hüseyin Paşa Yalısı, M. Baha Tanman, Moderatör: Mustafa Ergül",Konferans/Söyleşi,event,1.0,uncertain_date,
TV01601,6. Dönem (2016–2020),6. DÖNEM,222,2020-09-22 00:00:00,,,2020,"Bursa Tarih Buluşması: Korku Egemenliğinin Devlet-Toplum İlişkilerine Etkisi, Evren Balta",Konferans/Söyleşi,event,1.0,uncertain_date,
TV01602,6. Dönem (2016–2020),6. DÖNEM,222,2020-09-22 00:00:00,,,2020,"Toplumsal Tarih 322. Sayı ,  Osmanlı Tarihine Mikro Tarihçilik Yaklaşımı.",Dergi (Toplumsal Tarih),publication,1.0,uncertain_date,
TV01603,6. Dönem (2016–2020),6. DÖNEM,224,2020-10-06 00:00:00,,,2020,"Kütüphane Konuşması: V. Murad'ın Oğlu Selahaddin Efendi'nin Anı, Günlük ve Yazıları, Edhem Eldem , Moderatör: Mehmet Beşikçi",Konferans/Söyleşi,event,1.0,uncertain_date,
TV01604,6. Dönem (2016–2020),6. DÖNEM,225,2020-10-22 00:00:00,,,2020,"Eskişehir Tarih Konuşmaları, Her İktidara Bir Tarih: Geçmiş Nasıl Uydurulur, Nurşen Gürboğa, Foti Benlisoy Moderatör: Kemal Yakut",Panel,event,1.0,uncertain_date,
TV01605,6. Dönem (2016–2020),6. DÖNEM,226,26 Ekim-3 Kasım 2020,,,2020,"Ücretli Online Seminer: Türkiye'de Tarihyazımı, Nadir Özbek",Seminer,event,1.0,uncertain_date,
TV01606,6. Dönem (2016–2020),6. DÖNEM,226,26 Ekim-3 Kasım 2020,,,2020,"Toplumsal Tarih  323. Sayı, Çin Tarihi ve Çalışmaları.",Dergi (Toplumsal Tarih),publication,1.0,uncertain_date,
TV01607,6. Dönem (2016–2020),6. DÖNEM,228,2020-11-05 00:00:00,,,2020,"Perşembe Konuşması, 1921 Teşkilat-ı Esasiye Kanunu'nun Hukuk Tarihimizdeki Önemi, Rıdvan Akın",Konferans/Söyleşi,event,1.0,uncertain_date,
TV01608,6. Dönem (2016–2020),6. DÖNEM,229,2020-11-10 00:00:00,,,2020,"Kütüphane Konuşması: Identity and the Other in Byzantium, Ivana Jevtić, Koray Durak.",Konferans/Söyleşi,event,1.0,uncertain_date,
TV01609,6. Dönem (2016–2020),6. DÖNEM,230,18-25 Kasım 2020,2020-11-18,2020-11-25,2020,"Ücretli Online Seminer: Eşitsiz Yüzyıllar: 1820'den Günümüze Türkiye Ekonomisinin Tarihi, Şevket Pamuk.",Seminer,event,1.0,verified,
TV01610,6. Dönem (2016–2020),6. DÖNEM,231,2020-11-19 00:00:00,,,2020,"Perşembe Konuşması: 1921 Anayasası Çerçevesinde Kuruculuk Tartışması, Sinem Şirin.",Konferans/Söyleşi,event,1.0,uncertain_date,
TV01611,6. Dönem (2016–2020),6. DÖNEM,232,2020-11-20 00:00:00,,,2020,"Ankara Tartışmaları: Ankara Rüzgarı/Gençlerbirliği Tarihi, Tanıl Bora.",Konferans/Söyleşi,event,1.0,uncertain_date,
TV01612,6. Dönem (2016–2020),6. DÖNEM,233,2020-11-26 00:00:00,,,2020,"Eskişehir Tarih Konuşmaları: Toplumsal Cinsiyet ve Tarihyazımı, Tuba Demirci. Moderatör: Serap Sağır.",Konferans/Söyleşi,event,1.0,uncertain_date,
TV01613,6. Dönem (2016–2020),6. DÖNEM,233,2020-11-26 00:00:00,,,2020,"Toplumsal Tarih 324. Sayı, Birinci Dünya Savaşı'ndan Mütareke'ye: Bir Ailenin (Köpe Ailesi) Arşivi Üzerinden İmparatorluktan Ulus Devlete Geçiş.",Dergi (Toplumsal Tarih),publication,1.0,uncertain_date,
TV01614,6. Dönem (2016–2020),6. DÖNEM,235,2020-12-01 00:00:00,,,2020,"Online Panel: İran Çalışmaları ve Yeni Tartışmalar, Özüm Sezin Uzun, Hakan Güneş, Moderatör: Y. Doğan Çetinkaya",Panel,event,1.0,uncertain_date,
TV01615,6. Dönem (2016–2020),6. DÖNEM,236,2020-12-01 00:00:00,,,2020,"Kütüphane Konuşması: Writing Imperial Biography: Hürrem Sultan, Leslie Peirce. Moderatör: Zeynep Simavi",Konferans/Söyleşi,event,1.0,uncertain_date,
TV01616,6. Dönem (2016–2020),6. DÖNEM,237,2020-12-03 00:00:00,,,2020,"Perşembe Konuşması: Birinci Meclisten Bir Portre: Ali Şükrü Bey, Ahmet Demirel",Konferans/Söyleşi,event,1.0,uncertain_date,
TV01617,6. Dönem (2016–2020),6. DÖNEM,238,2020-12-11 00:00:00,,,2020,"Ankara Tartışmaları: Otoriter Popülizm Çağı, Bahadır Nurol",Konferans/Söyleşi,event,1.0,uncertain_date,
TV01618,6. Dönem (2016–2020),6. DÖNEM,239,2020-12-17 00:00:00,,,2020,"Perşembe Konuşması: Cumhuriyet İnkılabını Önceleyen Kadın İnkılabı (1908–1923), Yaprak Zihnioğlu",Konferans/Söyleşi,event,1.0,uncertain_date,
TV01619,6. Dönem (2016–2020),6. DÖNEM,240,2020-12-24 00:00:00,,,2020,"Eskişehir Tarih Konuşmaları: Türkiye'de Yılbaşının Tarihi, Gökhan Akçura, Moderatör: Nadir Suğur",Konferans/Söyleşi,event,1.0,uncertain_date,
TV01620,6. Dönem (2016–2020),6. DÖNEM,241,2020-12-25 00:00:00,,,2020,"Ankara Tartışmaları: İdeal Zevceden Adını Arayan Kadına: Yakın Tarihimizde Kadın Dergileri, Funda Şenol Cantek.",Konferans/Söyleşi,event,1.0,uncertain_date,
TV01621,6. Dönem (2016–2020),6. DÖNEM,242,2020 Güz - 2021 Kış,,,2020,Vangelis Kechriotis Anısına Perşembe Konuşmaları: 1921 Anayasası'nın 100. Yılı,Konferans/Söyleşi,event,1.0,uncertain_date,
TV01622,6. Dönem (2016–2020),6. DÖNEM,242,2020 Güz - 2021 Kış,,,2020,"Cengiz Yolcu, İntibah İbret İntikam: Balkan Savaşı'nda Osmanlı Propaganda Kitapları",Yayın (Yurt Yayınları),publication,1,uncertain_date,
TV01623,7. Dönem (2021–2026),7. DÖNEM,2,2021,,,2021,Proje/Etkinlik: Tarih Akademisi ve Dijital Etkinlikler:Pandemi döneminde online bilimsel/kültürel eğitimler ve vakfın 30. yıl kutlamaları: Çevrimiçi,Panel,event,1,uncertain_date,
TV01624,7. Dönem (2021–2026),7. DÖNEM,3,2021 Bahar,,,2021,Vangelis Kechriotis Anısına Perşembe Konuşmaları: Türkiye Komünizminin Tarihsel İzleri,Konferans/Söyleşi,event,1,uncertain_date,
TV01625,7. Dönem (2021–2026),7. DÖNEM,4,2021 Ocak - Haziran,,,2021,Kütüphane Konuşmaları (ANAMED),,chronology,,uncertain_date,
TV01626,7. Dönem (2021–2026),7. DÖNEM,4,2021 Ocak - Haziran,,,2021,Toplumsal Tarih Sayı 325 : 1921 Anayasası'nın 100. Yılı,Dergi (Toplumsal Tarih),publication,1,uncertain_date,
TV01627,7. Dönem (2021–2026),7. DÖNEM,6,2021-01-05 00:00:00,,,2021,"Kütüphane Konuşması: Osmanlı'da Vebanın Tarihini Anlamak Neden Önemli?, Nükhet Varlık, Moderatör: Tunahan Durmaz",Konferans/Söyleşi,event,1,uncertain_date,
TV01628,7. Dönem (2021–2026),7. DÖNEM,7,2021-01-07 00:00:00,,,2021,"Perşembe Konuşması: Birinci Meclis, Halkçılık Programı ve Bolşevizm, Emel Akal",Konferans/Söyleşi,event,1,uncertain_date,
TV01629,7. Dönem (2021–2026),7. DÖNEM,8,2021-01-08 00:00:00,,,2021,"Ankara Tartışmaları: Ecdadın İcadı: AKP İktidarında Bellek Mücadelesi, Reyhan Ünal Çınar",Konferans/Söyleşi,event,1,uncertain_date,
TV01630,7. Dönem (2021–2026),7. DÖNEM,9,2021-01-21 00:00:00,,,2021,"Perşembe Konuşması: Birinci Meclisten Bir Portre: Tunalı Hilmi Bey, Faruk Alpkaya",Konferans/Söyleşi,event,1,uncertain_date,
TV01631,7. Dönem (2021–2026),7. DÖNEM,10,2021-01-26 00:00:00,,,2021,"Bursa Tarih Buluşması: 100. Yılına 1921 Anayasası, Sibel İnceoğlu, Murat Sevinç",Konferans/Söyleşi,event,1,uncertain_date,
TV01632,7. Dönem (2021–2026),7. DÖNEM,11,2021-01-28 00:00:00,,,2021,"Eskişehir Tarih Konuşmaları: 1921 Anayasasının 100. Yılında Anayasa Tarihimiz, Dinçer Demirkent, Moderatör: Hüseyin Akçar",Konferans/Söyleşi,event,1,uncertain_date,
TV01633,7. Dönem (2021–2026),7. DÖNEM,11,2021-01-28 00:00:00,,,2021,Toplumsal Tarih Sayı Sayı 326: Tatavla Yangını (1929) ve Etkileri.,Dergi (Toplumsal Tarih),publication,1,uncertain_date,
TV01634,7. Dönem (2021–2026),7. DÖNEM,13,2021-02-02 00:00:00,,,2021,"Kütüphane Konuşması: Metinden Yüz Çevirmeli: Salim Erel Yazmaları Kataloğu: Sami Arsan, Moderatör: Snem Acar",Konferans/Söyleşi,event,1,uncertain_date,
TV01635,7. Dönem (2021–2026),7. DÖNEM,14,2021-02-04 00:00:00,,,2021,Perşembe Konuşması: 1921–23 Anayasal Gelişmeler: Murat Sevinç,Konferans/Söyleşi,event,1,uncertain_date,
TV01636,7. Dönem (2021–2026),7. DÖNEM,15,2021-02-05 00:00:00,,,2021,"Online Seminer: Tarihte Duygular ve Duygular Tarihi: Şeyma Afacan, Derya Gürses Tarbuck, Moderatör: Edhem Eldem.",Seminer,event,1.0,uncertain_date,
TV01637,7. Dönem (2021–2026),7. DÖNEM,16,16-26 Şubat 2021,2021-02-16,2021-02-26,2021,".Ücretli Online Seminer: Tarih ve Toplumsal Cinsiyet, Gülhan Balsoy, Başak Tuğ",Seminer,event,1.0,verified,
TV01638,7. Dönem (2021–2026),7. DÖNEM,17,2021-02-25 00:00:00,,,2021,"Eskişehir Tarih Konuşmaları: Bir Muhabbet Kuşu: Postmodern Göstergeler Işığında Zeki Müren, Şeyma Ersoy Çak, Moderatör: Kazım Demirer",Konferans/Söyleşi,event,1,uncertain_date,
TV01639,7. Dönem (2021–2026),7. DÖNEM,17,2021-02-25 00:00:00,,,2021,Toplumsal Tarih Sayı 327: 1821 Yunan İhtilali'nin 200. Yılı,Dergi (Toplumsal Tarih),publication,1,uncertain_date,
TV01640,7. Dönem (2021–2026),7. DÖNEM,19,2021-03-02 00:00:00,,,2021,"Kütüphane Konuşması: Doğa ve Doğaüstü Arasında: Osmanlı'da Bilimin Sınırları: The Researchers Team The ""Ghost"" Project, Marinos Sariyannis",Konferans/Söyleşi,event,1,uncertain_date,
TV01641,7. Dönem (2021–2026),7. DÖNEM,20,2021-03-02 00:00:00,,,2021,"Bursa Tarih Buluşması: Kadın Hareketi ve Toplumsal Mücadeleler, Özgün Akduran, Sedef Erkmen",Konferans/Söyleşi,event,1,uncertain_date,
TV01642,7. Dönem (2021–2026),7. DÖNEM,21,2021-03-12 00:00:00,,,2021,"Ankara Tartışmaları: Edebiyatla Tarih Arasında Türk Muharriri, Tuncay Birkan, İlker Aytürk, Hakan Kaynar, Murat Cankara",Panel,event,1.0,uncertain_date,
TV01643,7. Dönem (2021–2026),7. DÖNEM,22,2021-03-13 00:00:00,,,2021,"Online Panel: Osmanlı Kadın Tarihine Yeniden Bakmak (8 Mart Özel), Feryal Saygılıgil, Nacide Berber, Emine Hızır, Başak Tuğ, Zeynep Kutluata, Sevdagül Kasap, Yaprak Zihnioğlu, Efi Kanner, Ebru Aykut, Moderatör: Nurşen Gürboğa",Panel,event,1.0,uncertain_date,
TV01644,7. Dönem (2021–2026),7. DÖNEM,23,2021-03-25 00:00:00,,,2021,"Eskişehir Tarih Konuşmaları: Türkiye'de Feminizmin Tarihine Bakmak, Aksu Bora, Moderatör: Serap Suğur",Konferans/Söyleşi,event,1,uncertain_date,
TV01645,7. Dönem (2021–2026),7. DÖNEM,24,9-30 Mart 2021,2021-03-09,2021-03-30,2021,"Ücretli Online Seminer: Türkiye'de Futbol Tarihine Bakışlar,  Tanıl Bora",Seminer,event,1,verified,
TV01646,7. Dönem (2021–2026),7. DÖNEM,24,9-30 Mart 2021,2021-03-09,2021-03-30,2021,Toplumsal Tarih Sayı 328: 12 Mart Muhtırası'nın 50.,Dergi (Toplumsal Tarih),publication,1,verified,
TV01647,7. Dönem (2021–2026),7. DÖNEM,26,2021-04-02 00:00:00,,,2021,"Vestel Semineri (Yönetici): Atatürk'ün Liderlik Anlayışı, Mehmet Ö. Alkan",Konferans/Söyleşi,event,1,uncertain_date,
TV01648,7. Dönem (2021–2026),7. DÖNEM,27,2021-04-06 00:00:00,,,2021,"Kütüphane Konuşması: Byzantine Musical Instruments Research Project, Antonios Bootanakis, Moderatör: Senem Acar",Konferans/Söyleşi,event,1,uncertain_date,
TV01649,7. Dönem (2021–2026),7. DÖNEM,28,2021-04-08 00:00:00,,,2021,"Perşembe Konuşması: Mustafa Suphi'nin İlk Yazıları (1908–1913 Dönemi), Hamit Erdem",Konferans/Söyleşi,event,1,uncertain_date,
TV01650,7. Dönem (2021–2026),7. DÖNEM,29,2021-04-09 00:00:00,,,2021,"Ankara Tartışmaları, Erken Cumhuriyet Döneminde Eğlence ve Siyasal İktidar, Mehmet Kendirci",Konferans/Söyleşi,event,1,uncertain_date,
TV01651,7. Dönem (2021–2026),7. DÖNEM,30,2021-04-22 00:00:00,,,2021,"Perşembe Konuşması: Tütüncülerin Tarihi, Egemen Yılgür",Konferans/Söyleşi,event,1,uncertain_date,
TV01652,7. Dönem (2021–2026),7. DÖNEM,31,2021-04-22 00:00:00,,,2021,"Vestel Semineri (Tüm Çalışanlar): 23 Nisan BMM'nin Açılışı ve Milli Egemenlik Kavramı, Mehmet Ö. Alkan",Konferans/Söyleşi,event,1,uncertain_date,
TV01653,7. Dönem (2021–2026),7. DÖNEM,32,2021-04-23 00:00:00,,,2021,"Ankara Tartışmaları: Türkiye ve Mısır'da Karşılaştırmalı Feminist Bellek Oluşumu, Gülşah Torunoğlu",Konferans/Söyleşi,event,1,uncertain_date,
TV01654,7. Dönem (2021–2026),7. DÖNEM,33,2021-04-29 00:00:00,,,2021,"Eskişehir Tarih Konuşmaları: Türkiye'de Düşünce Tarihçiliği,  Tanıl Bora, Moderatör: Yaşar Suveren",Konferans/Söyleşi,event,1,uncertain_date,
TV01655,7. Dönem (2021–2026),7. DÖNEM,33,2021-04-29 00:00:00,,,2021,Toplumsal Tarih Sayı 329 : 27 Mayıs Darbesi,Dergi (Toplumsal Tarih),publication,1,uncertain_date,
TV01656,7. Dönem (2021–2026),7. DÖNEM,34,2021-05-01 00:00:00,,,2021,Büyükada Rum Yetimhanesi Arşivi Oluşturma Projesi,Proje,project,1.0,uncertain_date,
TV01657,7. Dönem (2021–2026),7. DÖNEM,35,2021-05-04 00:00:00,,,2021,"Kütüphane Konuşması: Nisa Semiz ve Üzeyir Altekin: Dimitriadis Efendi'nin Marmara Sahil Surları Panoraması,Barış Altan",Konferans/Söyleşi,event,1,uncertain_date,
TV01658,7. Dönem (2021–2026),7. DÖNEM,36,2021-05-04 00:00:00,,,2021,"Bursa Tarih Buluşması: Hasan Ali Yücel ve Köy Enstitüleri Tartışmaları, Tanıl Bora",Konferans/Söyleşi,event,1,uncertain_date,
TV01659,7. Dönem (2021–2026),7. DÖNEM,37,2021-05-06 00:00:00,,,2021,"Perşembe Konuşması: Bir Hayat Serüveni: Samsun'dan Moskova'ya Zeki'den Yoldaş Zeki'ye, Arsen Avagyan",Konferans/Söyleşi,event,1,uncertain_date,
TV01660,7. Dönem (2021–2026),7. DÖNEM,38,2021-05-10 00:00:00,,,2021,"Vestel Semineri , 19 Mayıs – Milli Mücadele ve Atatürk, İsmet Akça",Konferans/Söyleşi,event,1,uncertain_date,
TV01661,7. Dönem (2021–2026),7. DÖNEM,39,2021-05-20 00:00:00,,,2021,"Perşembe Konuşması: 1920 Anadolu'sunda Sosyalist Örgütlenmeler ve Şerif Manatof, Emel Akal",Konferans/Söyleşi,event,1,uncertain_date,
TV01662,7. Dönem (2021–2026),7. DÖNEM,40,2021-05-28 00:00:00,,,2021,"Eskişehir Tarih Konuşmaları, Kafkasya'dan Gözler ve Çerkes Diasporası, Ulaş Sunata, Moderatör: Kemal Yakut",Konferans/Söyleşi,event,1,uncertain_date,
TV01663,7. Dönem (2021–2026),7. DÖNEM,40,2021-05-28 00:00:00,,,2021,"Toplumsal Tarih Sayı 330, Beyaz Ruslar ve İstanbul",Dergi (Toplumsal Tarih),publication,1,uncertain_date,
TV01664,7. Dönem (2021–2026),7. DÖNEM,41,2021-06-01 00:00:00,,,2021,"Kütüphane Konuşması: The Transfer of Greek Fiction to Ottoman Literature via the Karamanlides, Evangelia Balta, Sada Payır",Konferans/Söyleşi,event,1,uncertain_date,
TV01665,7. Dönem (2021–2026),7. DÖNEM,42,2021-06-03 00:00:00,,,2021,"Perşembe Konuşması: İşgal İstanbul'unda Kemalist Komünistler, Erol Ülker",Konferans/Söyleşi,event,1,uncertain_date,
TV01666,7. Dönem (2021–2026),7. DÖNEM,43,2021-06-11 00:00:00,,,2021,"Ankara Tartışmaları: Antroposen, Derin Zaman ve Yerel Peyzajın Tarihi, Ömür Harmanşah",Konferans/Söyleşi,event,1,uncertain_date,
TV01667,7. Dönem (2021–2026),7. DÖNEM,44,2021-06-16 00:00:00,,,2021,"Vestel Semineri : Türk Dış Politikası: Eğilimler, Kırılmalar, Erhan Keleşoğlu",Konferans/Söyleşi,event,1,uncertain_date,
TV01668,7. Dönem (2021–2026),7. DÖNEM,45,2021-07-10 00:00:00,,,2021,Olağan Genel Kurul Toplantısı,,organizational,,uncertain_date,
TV01669,7. Dönem (2021–2026),7. DÖNEM,46,2021-07-01 00:00:00,,,2021,"Vestel Semineri : Lozan ve Sevr, İsmet Akça",Konferans/Söyleşi,event,1.0,uncertain_date,
TV01670,7. Dönem (2021–2026),7. DÖNEM,46,2021-07-01 00:00:00,,,2021,Toplumsal Tarih Sayı 331 Paris Komünü'nün 150. Yılı,Dergi (Toplumsal Tarih),publication,1,uncertain_date,
TV01671,7. Dönem (2021–2026),7. DÖNEM,47,2021-08-01 00:00:00,,,2021,"Vestel Semineri , II. Mahmut: Osmanlı'nın 2. Kurucusu, Mehmet Ö. Alkan",Konferans/Söyleşi,event,1.0,uncertain_date,
TV01672,7. Dönem (2021–2026),7. DÖNEM,48,2021-09-01 00:00:00,,,2021,"Vestel Seminer: AB İlişkileri: Nereden Nereye, Erhan Keleşoğlu",Konferans/Söyleşi,event,1.0,uncertain_date,
TV01673,7. Dönem (2021–2026),7. DÖNEM,49,2021-10-07 00:00:00,,,2021,Tarih Vakfı Arşiv Komisyonu (TVAK) kuruldu,,organizational,,uncertain_date,
TV01674,7. Dönem (2021–2026),7. DÖNEM,49,2021-10-07 00:00:00,,,2021,Toplumsal Tarih Sayı 333 Dosya: Sakarya Savaşı'nın 100. Yılı,Dergi (Toplumsal Tarih),publication,1,uncertain_date,
TV01675,7. Dönem (2021–2026),7. DÖNEM,50,2021-10-01 00:00:00,,,2021,"Vestel Semineri : Cumhuriyet'in İlanı, Anlamı ve Demokrasi ile İlişkisi,  Mehmet Ö. Alkan",Konferans/Söyleşi,event,1.0,uncertain_date,
TV01676,7. Dönem (2021–2026),7. DÖNEM,50,2021-10-01 00:00:00,,,2021,Toplumsal Tarih Sayı 334 Dosya: Bizans Kapadokya'sında Yaşam ve Maddi Kültür,Dergi (Toplumsal Tarih),publication,1,uncertain_date,
TV01677,7. Dönem (2021–2026),7. DÖNEM,51,2021-11-01 00:00:00,,,2021,"Vestel Semineri : Fatih Sultan Mehmet ve Tarihsel Önemi, Mehmet Ö. Alkan",Konferans/Söyleşi,event,1.0,uncertain_date,
TV01678,7. Dönem (2021–2026),7. DÖNEM,51,2021-11-01 00:00:00,,,2021,Toplumsal Tarih Sayı 336 Rosa Luxemburg'un 150. Doğum Yılı,Dergi (Toplumsal Tarih),publication,1,uncertain_date,
TV01679,7. Dönem (2021–2026),7. DÖNEM,52,2021-12-01 00:00:00,,,2021,"Vestel Semineri : İsmet İnönü ve Liderlik Anlayışı & Adnan Menderes ve Liderlik Anlayışı, Mehmet Ö. Alkan",Konferans/Söyleşi,event,1.0,uncertain_date,
TV01680,7. Dönem (2021–2026),7. DÖNEM,53,2022.0,,,2022,Toplumsal Tarih Sayı Sayı 337 Dosya: Adana'nın Kurtuluşu,Dergi (Toplumsal Tarih),publication,1,uncertain_date,
TV01681,7. Dönem (2021–2026),7. DÖNEM,54,2022-01-01 00:00:00,,,2022,TVAK Arşiv Durum Raporu hazırlandı,,organizational,,uncertain_date,
TV01682,7. Dönem (2021–2026),7. DÖNEM,55,2022-01-01 00:00:00,,,2022,TVAK Yönergesi hazırlandı,,organizational,,uncertain_date,
TV01683,7. Dönem (2021–2026),7. DÖNEM,56,2022-01-05 00:00:00,,,2022,"Kurtuluş Savaşı'nda Adana – Tanıtım Etkinliği, Proje kitaplarının tanıtımı",Basın Toplantısı,event,1.0,uncertain_date,
TV01684,7. Dönem (2021–2026),7. DÖNEM,56,2022-01-05 00:00:00,,,2022,"Kurtuluş Savaşı'nda Adana – Tanıtım Etkinliği, Proje kitaplarının tanıtımı",Yayın (Vakıf),publication,1,uncertain_date,
TV01685,7. Dönem (2021–2026),7. DÖNEM,57,2022-01-06 00:00:00,,,2022,"Vangelis Kechriotis Anısına Perşembe Konuşmaları: Savaş Sonrası Türkiye'nin Sıhhi ve İçtimai Coğrafyası, Nurşen Gürboğa",Konferans/Söyleşi,event,1.0,uncertain_date,
TV01686,7. Dönem (2021–2026),7. DÖNEM,58,2022-01-12 00:00:00,,,2022,"History Seminars: ""Turkish Foreign Policy from Empire to Republic"" Selim Deringil",Seminer,event,1.0,uncertain_date,
TV01687,7. Dönem (2021–2026),7. DÖNEM,59,2022-01-25 00:00:00,,,2022,"Tarih Buluşmaları – Nilüfer Belediyesi, 158. Yılında Çerkes Sürgünü, Elbruz Aksoy, Sevda Alankuş",Konferans/Söyleşi,event,1.0,uncertain_date,
TV01688,7. Dönem (2021–2026),7. DÖNEM,60,2022-01-26 00:00:00,,,2022,"History Seminars: ""Monetary and Financial History Since the Ottoman Era"" Şevket Pamuk",Seminer,event,1.0,uncertain_date,
TV01689,7. Dönem (2021–2026),7. DÖNEM,61,2022-01-27 00:00:00,,,2022,"Tarih Konuşmaları – Eskişehir, Türkiye'de Kadın Hareketi Tarihi",Konferans/Söyleşi,event,1.0,uncertain_date,
TV01690,7. Dönem (2021–2026),7. DÖNEM,61,2022-01-27 00:00:00,,,2022,Toplumsal Tarih Sayı 338 Dosya: Reşad Ekrem Koçu ve İstanbul Ansiklopedisi Arşivi Projesi,Dergi (Toplumsal Tarih),publication,1,uncertain_date,
TV01691,7. Dönem (2021–2026),7. DÖNEM,63,2022-02-02 00:00:00,,,2022,"History Seminars: Turkey's Relations with Middle Eastern Countries, Erhan Keleşoğlu",Seminer,event,1.0,uncertain_date,
TV01692,7. Dönem (2021–2026),7. DÖNEM,64,2022-02-09 00:00:00,,,2022,"History Seminars: Turkey's Relations with Russia – Past and Present, Evren Balta",Seminer,event,1.0,uncertain_date,
TV01693,7. Dönem (2021–2026),7. DÖNEM,65,2022-02-16 00:00:00,,,2022,"History Seminars: Religion, Politics and Secularism in Turkey, Umut Azak",Seminer,event,1.0,uncertain_date,
TV01694,7. Dönem (2021–2026),7. DÖNEM,66,2022-02-23 00:00:00,,,2022,"History Seminars: The History of Migration in Turkey, Didem Danış",Seminer,event,1.0,uncertain_date,
TV01695,7. Dönem (2021–2026),7. DÖNEM,67,2022-02-24 00:00:00,,,2022,"Tarih Konuşmaları – Eskişehir, Milli Mücadele ve İnönü Savaşlarının Önemi",Konferans/Söyleşi,event,1.0,uncertain_date,
TV01696,7. Dönem (2021–2026),7. DÖNEM,67,2022-02-24 00:00:00,,,2022,"Toplumsal Tarih Sayı  339 Dosya 1: Savaş ve Barışın Sularında — Akdeniz'de Osmanlı Hâkimiyeti, Dosya 2: Kadın Kadına Tarih Konferansı",Dergi (Toplumsal Tarih),publication,1,uncertain_date,
TV01697,7. Dönem (2021–2026),7. DÖNEM,69,2022-03-02 00:00:00,,,2022,"History Seminars:The Military and Politics in Turkey,  İsmet Akça",Seminer,event,1.0,uncertain_date,
TV01698,7. Dönem (2021–2026),7. DÖNEM,70,2022-03-07 00:00:00,,,2022,"Kültür Tarihi Seminerleri: Dizilerimiz ve Biz: Anlatım, Mekân ve Görsellik, Arzu Öztürkmen",Konferans/Söyleşi,event,1.0,uncertain_date,
TV01699,7. Dönem (2021–2026),7. DÖNEM,71,2022-03-08 00:00:00,,,2022,"Akl-ı Kıssa Salı Konuşmaları: Siyaset, Toplumsal Cinsiyet ve Gündelik Hayat Bağlamında Cihan Harbinde Ahlakın Gayesi Tartışmaları, Çiğdem Oğuz",Konferans/Söyleşi,event,1.0,uncertain_date,
TV01700,7. Dönem (2021–2026),7. DÖNEM,72,2022-03-09 00:00:00,,,2022,"History Seminars: Non-Muslim Minority Groups in Turkish History, Stefo Benlisoy",Seminer,event,1.0,uncertain_date,
TV01701,7. Dönem (2021–2026),7. DÖNEM,73,2022-03-14 00:00:00,,,2022,"Kültür Tarihi Seminerleri: Osman Hamdi Bey'den Cumhuriyet'e Oryantalizm, Edhem Eldem",Konferans/Söyleşi,event,1.0,uncertain_date,
TV01702,7. Dönem (2021–2026),7. DÖNEM,74,2022-03-16 00:00:00,,,2022,"History Seminars: The Making of Modern Turkish Literature, Engin Kılıç",Seminer,event,1.0,uncertain_date,
TV01703,7. Dönem (2021–2026),7. DÖNEM,75,2022-03-22 00:00:00,,,2022,"Akl-ı Kıssa Salı Konuşmaları: Erken Modern Dönemde Osmanlı Toplumunun Duygu Dünyası: Yeni Bir Yaklaşım, Nil Tekgül",Konferans/Söyleşi,event,1.0,uncertain_date,
TV01704,7. Dönem (2021–2026),7. DÖNEM,76,2022-03-23 00:00:00,,,2022,"History Seminars: Politics of Gender in Ottoman and Turkish History, Gülhan Balsoy",Seminer,event,1.0,uncertain_date,
TV01705,7. Dönem (2021–2026),7. DÖNEM,77,2022-03-28 00:00:00,,,2022,"Kültür Tarihi Seminerleri: Osmanlı Kadınının Tarihini Kendinden Bilmek: Kadınlar ve Kaynaklar, Nazlı İpek Hüner",Konferans/Söyleşi,event,1.0,uncertain_date,
TV01706,7. Dönem (2021–2026),7. DÖNEM,77,2022-03-28 00:00:00,,,2022,Toplumsal Tarih Sayı 340 Dosya: Birinci Dünya Savaşı'nın Mağlupları,Dergi (Toplumsal Tarih),publication,1,uncertain_date,
TV01707,7. Dönem (2021–2026),7. DÖNEM,78,2022-04-01 00:00:00,,,2022,Toplumsal Tarih Sayı 341 Dosya: Türkiye 68'ini Globalleştirmek,Dergi (Toplumsal Tarih),publication,1,uncertain_date,
TV01708,7. Dönem (2021–2026),7. DÖNEM,80,2022-05-09 00:00:00,,,2022,"Tarih Buluşmaları – Nilüfer Belediyesi: Geleceği Tasarlamak, Toplumu Tasarlamak, Mustafa Arslantuналı, Tanıl Bora, Esra Dicle, Eser Köker",Panel,event,1.0,uncertain_date,
TV01709,7. Dönem (2021–2026),7. DÖNEM,81,2022-05-10 00:00:00,,,2022,"Akl-ı Kıssa Salı Konuşmaları: Nezihe Muhiddin'in Fikir Dünyası 1908–1958 & Cumhuriyet'in Temel Taşlarında Kadın Hakları Ne Kadar Var?, Yaprak Zihnioğlu",Konferans/Söyleşi,event,1.0,uncertain_date,
TV01710,7. Dönem (2021–2026),7. DÖNEM,82,2022-05-11 00:00:00,,,2022,"Kültür Tarihi Seminerleri: Tarih ve Kentsel Mekân: Osmanlı ile Avrupa Arasındaki İlişkilerin Yansımaları, Paolo Girardelli",Konferans/Söyleşi,event,,uncertain_date,
TV01711,7. Dönem (2021–2026),7. DÖNEM,83,2022-05-15 00:00:00,,,2022,"Kültür Tarihi Seminerleri: Tarih ve Kentsel Mekân: Osmanlı ile Avrupa Arasındaki İlişkilerin Yansımaları, Paolo Girardelli",Konferans/Söyleşi,event,,uncertain_date,
TV01712,7. Dönem (2021–2026),7. DÖNEM,84,2022-05-23 00:00:00,,,2022,"Kültür Tarihi Seminerleri: Osmanlı'dan Cumhuriyet'e Dil, Kimlik ve Modernite, Nergis Ertürk",Konferans/Söyleşi,event,1.0,uncertain_date,
TV01713,7. Dönem (2021–2026),7. DÖNEM,85,2022-05-24 00:00:00,,,2022,Akl-ı Kıssa Salı Konuşmaları: Feminist Perspektiften Tarih Yazımı ve Kaynaklar,Konferans/Söyleşi,event,,uncertain_date,
TV01714,7. Dönem (2021–2026),7. DÖNEM,86,2022-05-30 00:00:00,,,2022,"Kültür Tarihi Seminerleri: Popüler Kültürün ""Oyun"" Bahçesi: Popüler Futbol Tarihi, Bağış Erten",Konferans/Söyleşi,event,1.0,uncertain_date,
TV01715,7. Dönem (2021–2026),7. DÖNEM,86,2022-05-30 00:00:00,,,2022,Toplumsal Tarih Sayı 342 Dosya: Ukrayna-Rusya Savaşı ve Tarih Anlatısına Dair Mücadele,Dergi (Toplumsal Tarih),publication,1,uncertain_date,
TV01716,7. Dönem (2021–2026),7. DÖNEM,88,2022-06-06 00:00:00,,,2022,"Kültür Tarihi Seminerleri: Erken Modern İstanbul'da Hastalık, Sağlık ve Ölüm, Nükhet Varlık",Konferans/Söyleşi,event,1.0,uncertain_date,
TV01717,7. Dönem (2021–2026),7. DÖNEM,88,2022-06-06 00:00:00,,,2022,Toplumsal Tarih Sayı 343 Dosya: Ezop'un Osmanlı Coğrafyası'ndaki Macerası,Dergi (Toplumsal Tarih),publication,1,uncertain_date,
TV01718,7. Dönem (2021–2026),7. DÖNEM,89,2022-08-01 00:00:00,,,2022,Toplumsal Tarih Sayı 344 Dosya: 100. Yıl Dönümünde Büyük Taarruz,Dergi (Toplumsal Tarih),publication,1,uncertain_date,
TV01719,7. Dönem (2021–2026),7. DÖNEM,90,2022-09-01 00:00:00,,,2022,Toplumsal Tarih Sayı 345 Dosya: Doğan Kuban — Mimarlıkta Tarihyazımına ve Korumaya Adanmış Bir Ömür,Dergi (Toplumsal Tarih),publication,1,uncertain_date,
TV01720,7. Dönem (2021–2026),7. DÖNEM,92,14-16 Ekim 2022,2022-10-14,2022-10-16,2022,"Uluslararası Sempozyum: 19. Yüzyıl Osmanlı Düşünce Tarihini Yeniden Düşünmek, Koordinatörler: Alp Eren Topal, Şeyma Afacan, tanbul – Eyüpsultan, Vialand Palace Otel.",Seminer,event,1.0,verified,
TV01721,7. Dönem (2021–2026),7. DÖNEM,93,2022-10-25 00:00:00,,,2022,"Akl-ı Kıssa Salı Konuşmaları, ""Fabrikalar Burda, Kadınlar Nerde?"": Erken Cumhuriyet Döneminin Kadınlara Mahsus Emek Rejimi, Görkem Akgöz",Konferans/Söyleşi,event,1.0,uncertain_date,
TV01722,7. Dönem (2021–2026),7. DÖNEM,94,2022-10-29 00:00:00,,,2022,Cumhuriyet'in 100 Yılı Konuşmaları: İmparatorluktan Ulus Devlete: Cumhuriyet'in Siyasal ve Düşünsel Serencamı,Panel,event,1.0,uncertain_date,
TV01723,7. Dönem (2021–2026),7. DÖNEM,95,2022-09-29 00:00:00,,,2022,"Minerva Konuşmaları: İstanbul için Nasıl Bir Tarih?, Edhem Eldem",Panel,event,1.0,uncertain_date,
TV01724,7. Dönem (2021–2026),7. DÖNEM,96,2022-10-20 00:00:00,,,2022,"Minerva Konuşmaları:Mimar Sinan'ın İstanbul'u: 16. Yüzyılda Şehri Biçimlendirmek,  Uğur Tanyeli",Panel,event,1.0,uncertain_date,
TV01725,7. Dönem (2021–2026),7. DÖNEM,97,2022-11-03 00:00:00,,,2022,"Minerva Konuşmaları: İstanbul'un Tıbbi Panoraması, Fatih Artvinli",Panel,event,1.0,uncertain_date,
TV01726,7. Dönem (2021–2026),7. DÖNEM,98,2022-11-07 00:00:00,,,2022,"Panel: 9. Yılında Cumhuriyet'in Kurucu Değerleri, Zafer Toprak, Mehmet Ö. Alkan",Panel,event,1.0,uncertain_date,
TV01727,7. Dönem (2021–2026),7. DÖNEM,99,2022-11-11 00:00:00,,,2022,"Cumhuriyet'in 100 Yılı Konuşmaları, Türkiye Siyasetinin 100 Yılı: Yaklaşımlar, DönemlerAhmet Demirel, Cangül Örnek, İsmet Akça",Panel,event,1.0,uncertain_date,
TV01728,7. Dönem (2021–2026),7. DÖNEM,100,2022-11-22 00:00:00,,,2022,"Akl-ı Kıssa Salı Konuşmaları: Toprak Hakimiyetinin İzini Sürmek: 1700–1750 Yılları Arasında Vidin Kadı Mahkemesinde Aktörler, Fatma Gül Karagöz",Konferans/Söyleşi,event,1.0,uncertain_date,
TV01729,7. Dönem (2021–2026),7. DÖNEM,101,2022-11-24 00:00:00,,,2022,Vangelis Kechriotis Anısına Perşembe Konuşmaları: Edebiyatın Omzundaki Melek: Tarihle KarşılaşmalarıZeynep Uysal,Konferans/Söyleşi,event,1.0,uncertain_date,
TV01730,7. Dönem (2021–2026),7. DÖNEM,102,2022-11-25 00:00:00,,,2022,"Cumhuriyet'in 100 Yılı Konuşmaları: Türkiye'de Siyasi Düşüncenin 100 Yılı: Sağ ve Sol Düşünceden Kemalizme Akımlar, Yüksel Taşkın, Emel Akal, Berk Esen",Panel,event,1.0,uncertain_date,
TV01731,7. Dönem (2021–2026),7. DÖNEM,103,2022-12-02 00:00:00,,,2022,"Ankara Tartışmaları: Tarihçinin Bilgisi ve Zaman Meselesi, Ferdan Ergut",Konferans/Söyleşi,event,1.0,uncertain_date,
TV01732,7. Dönem (2021–2026),7. DÖNEM,104,2022-12-08 00:00:00,,,2022,"Vangelis Kechriotis Anısına Perşembe Konuşmaları: İmparatorluk Edebiyatının Kurnaz Yazarı Viçen Tilkiyan'ın Başarısı ve Başarısızlığı, Günil ATVyaydın Cebeci",Konferans/Söyleşi,event,1.0,uncertain_date,
TV01733,7. Dönem (2021–2026),7. DÖNEM,105,2022-12-09 00:00:00,,,2022,"Cumhuriyet'in 100 Yılı Konuşmaları: Türkiye'nin Kentleşme ve Çevre Tarihinin 100 Yılı, Suna Gülfer Ihlamur Öner, Osman Savaşkan, Semra Cerit Mazlum",Panel,event,1.0,uncertain_date,
TV01734,7. Dönem (2021–2026),7. DÖNEM,106,2022-12-15 00:00:00,,,2022,"Minerva Konuşmaları: Galata Rıhtım Hanları: Kent, Ticaret ve Toplum, Sadettin Fidan, Ayşe Özil, Osman Karaman",Panel,event,1.0,uncertain_date,
TV01735,7. Dönem (2021–2026),7. DÖNEM,107,2022-12-16 00:00:00,,,2022,"Ankara Tartışmaları: Süleymaniye'de Kaynak Araştırması Yapmak, Metin Yüksel",Konferans/Söyleşi,event,1.0,uncertain_date,
TV01736,7. Dönem (2021–2026),7. DÖNEM,108,2022-12-20 00:00:00,,,2022,"Akl-ı Kıssa Salı Konuşmaları: Bir Kentin Anatomisi: Prousa'dan Bursa'ya, Suna Çağaptay",Konferans/Söyleşi,event,1.0,uncertain_date,
TV01737,7. Dönem (2021–2026),7. DÖNEM,109,2022-12-22 00:00:00,,,2022,"Vangelis Kechriotis Anısına Perşembe Konuşmaları:Yaban'ın Tuzsuz Dili: Cumhuriyet, Dil ve Alfabe Üzerine Bazı Mülahazalar,  Murat Cankara",Konferans/Söyleşi,event,1.0,uncertain_date,
TV01738,7. Dönem (2021–2026),7. DÖNEM,110,2022-12-23 00:00:00,,,2022,"Ankara Tartışmaları:Osmanlı–Türkiye Tarihinde ""Devlet"": Tarih Yazımına ""Devlet""in Geri Dönüşü Mümkün mü?,  Fatma Eda Çelik",Konferans/Söyleşi,event,1.0,uncertain_date,
TV01739,7. Dönem (2021–2026),7. DÖNEM,111,2022-12-23 00:00:00,,,2022,"Cumhuriyet'in 100 Yılı Konuşmaları, Türkiye Ekonomisinin 100 Yılı, Şevket Pamuk, Alp Erinç Yeldan, Ayşe Evren Hoşgör Çimen",Panel,event,1.0,uncertain_date,
TV01740,7. Dönem (2021–2026),7. DÖNEM,112,2023.0,,,2023,Vakfın 11. Başkanı: Nurşen Gürboğa. (Başkanlık Süresi: 2023-2026),,organizational,,uncertain_date,
TV01741,7. Dönem (2021–2026),7. DÖNEM,112,2023.0,,,2023,Toplumsal Tarih Sayı 349 Dosya Konusu: Türk-Yunan Nüfus Mübadelesi'nin 100. Yılı,Dergi (Toplumsal Tarih),publication,1,uncertain_date,
TV01742,7. Dönem (2021–2026),7. DÖNEM,114,2023-01-12 00:00:00,,,2023,"Vangelis Kechriotis Anısına Perşembe Konuşmaları: 19. Yüzyılda Karamanlıca Edebiyat: Şehir, Taşra, Kimlik, Şehnaz Şişmanoğlu",Konferans/Söyleşi,event,1.0,uncertain_date,
TV01743,7. Dönem (2021–2026),7. DÖNEM,115,2023-01-13 00:00:00,,,2023,"Ankara Tartışmaları: ""Bütün Mümkünlerin Kıyısında"": 1970'lerin ""Olayı"" Neydi?, Serhat Celal Birdal",Konferans/Söyleşi,event,1.0,uncertain_date,
TV01744,7. Dönem (2021–2026),7. DÖNEM,116,2023-01-19 00:00:00,,,2023,"Minerva Konuşmaları:1920'lerde Galata: Sokaklar, İşyerleri, Konutlar,  Murat Güvenç",Panel,event,1.0,uncertain_date,
TV01745,7. Dönem (2021–2026),7. DÖNEM,117,2023-01-24 00:00:00,,,2023,"Akl-ı Kıssa Salı Konuşmaları: Osmanlı Modernleşmesinde Kadınların Transnasyonal Entelektüel Yolculuğu: Kanatlanmış Kadınlar, Senem Timuroğlu",Konferans/Söyleşi,event,,uncertain_date,
TV01746,7. Dönem (2021–2026),7. DÖNEM,118,2023-01-26 00:00:00,,,2023,"Vangelis Kechriotis Anısına Perşembe Konuşmaları:Geç Osmanlı Erken Cumhuriyet Polisiye Edebiyatında Şeytan, Tilki ve Kurnaz,  Gülhan Balsoy",Konferans/Söyleşi,event,1.0,uncertain_date,
TV01747,7. Dönem (2021–2026),7. DÖNEM,119,2023-01-27 00:00:00,,,2023,"Ankara Tartışmaları: Dikiş Makinesinden Şiddet Tarihi Okumak, Ceyda Karamürsel",Konferans/Söyleşi,event,1.0,uncertain_date,
TV01748,7. Dönem (2021–2026),7. DÖNEM,119,2023-01-27 00:00:00,,,2023,Toplumsal Tarih Sayı 350 Dosya Konusu: İzmir İktisat Kongresi'nin 100. Yıldönümü,Dergi (Toplumsal Tarih),publication,1,uncertain_date,
TV01749,7. Dönem (2021–2026),7. DÖNEM,120,2023-02-01 00:00:00,,,2023,Toplumsal Tarih Sayı 351 Dosya Konusu: Türkiye'de Kadın Hareketinin Yüzyılı,Dergi (Toplumsal Tarih),publication,1,uncertain_date,
TV01750,7. Dönem (2021–2026),7. DÖNEM,121,2023-03-01 00:00:00,,,2023,Milli Mücadele'de Eskişehir ve 100. Yılında Eskişehir'in Kurtuluşu Sergisi,Sergi,event,1.0,uncertain_date,
TV01751,7. Dönem (2021–2026),7. DÖNEM,122,2023-03-03 00:00:00,,,2023,"Ankara Tartışmaları,Taşranın Cumhuriyet Deneyimlerinde Sekülerleşme: Fört Şapkalı Şıh,  İlbey C. N. Özdemirci",Konferans/Söyleşi,event,1.0,uncertain_date,
TV01752,7. Dönem (2021–2026),7. DÖNEM,123,2023-03-17 00:00:00,,,2023,"Ankara Tartışmaları, Taklit Kavramı Üzerinden Türkiye Modernleşmesine Bakmak, Şenol Gündoğdu",Konferans/Söyleşi,event,1.0,uncertain_date,
TV01753,7. Dönem (2021–2026),7. DÖNEM,124,2023-03-21 00:00:00,,,2023,"Akl-ı Kıssa Salı Konuşmaları: Erken Modern Dönemde İstanbul: Bir Kitap Sohbeti, Çiğdem Kafescioğlu, Suraiya Faroqhi, Christoph K. Neumann, Leyla Kayhan Elbirlik, Gülay Yılmaz",Konferans/Söyleşi,event,1.0,uncertain_date,
TV01754,7. Dönem (2021–2026),7. DÖNEM,125,2023-03-25 00:00:00,,,2023,"Öğretmen Eğitimi Atölyeleri: Sosyal Bilimler Eğitimi ve Yöntem, Ferdan Ergut",Atölye,event,1.0,uncertain_date,
TV01755,7. Dönem (2021–2026),7. DÖNEM,125,2023-03-25 00:00:00,,,2023,"Toplumsal Tarih Sayı 352 Dosya Konuları: 1) Orta Doğu ve Kuzey Afrika'da Kadınlar, Toplumsal Cinsiyet ve Tıp / 2) Dijital Beşerî Bilimler: Yapay Zeka ve Biz",Dergi (Toplumsal Tarih),publication,1,uncertain_date,
TV01756,7. Dönem (2021–2026),7. DÖNEM,127,2023-05-03 00:00:00,,,2023,"Cumhuriyet'in 100 Yılı Konuşmaları: Selin Pelek, Mustafa Kahveci, Can Nacar, Emeğin 100 Yılı, Mustafa Görkem Doğan",Panel,event,1.0,uncertain_date,
TV01757,7. Dönem (2021–2026),7. DÖNEM,128,2023-04-06 00:00:00,,,2023,"Minerva Konuşmaları: On Dokuzuncu Yüzyıl Ortalarında Kasımpaşa: Göç, Emek ve Mahalleler, Akın Sefer",Panel,event,1.0,uncertain_date,
TV01758,7. Dönem (2021–2026),7. DÖNEM,129,2023-04-14 00:00:00,,,2023,"Ankara Tartışmaları: Anadolu'da 27 Mayıs'ın Yankısı: Otorite ve Rol Yapma, Gülperi Karayel Aslaner",Konferans/Söyleşi,event,1.0,uncertain_date,
TV01759,7. Dönem (2021–2026),7. DÖNEM,130,2023-04-15 00:00:00,,,2023,"Öğretmen Eğitimi Atölyeleri: Savaş Tarihine Barış Perspektifiyle Bakmak, Mehmet Beşikçi, Erol Köroğlu",Atölye,event,1.0,uncertain_date,
TV01760,7. Dönem (2021–2026),7. DÖNEM,131,2023-04-25 00:00:00,,,2023,"Akl-ı Kıssa Salı Konuşmaları:İmparatorluk Dönüşürken İzmir ve Kuzey Ege Adaları Rumları, Feryal Tansuğ",Konferans/Söyleşi,event,1.0,uncertain_date,
TV01761,7. Dönem (2021–2026),7. DÖNEM,132,2023-04-27 00:00:00,,,2023,"Minerva Konuşmaları: Galata'nın Surlarını Yıkarken Tarihini Yazmak, Mehmet Kentel",Panel,event,1.0,uncertain_date,
TV01762,7. Dönem (2021–2026),7. DÖNEM,133,2023-04-28 00:00:00,,,2023,"Ankara Tartışmaları, Osmanlı İmparatorluğu'nda Modern Batı Felsefesi: Hikmet-i Cedide'nin Ermenicesi, Aret Karademir",Konferans/Söyleşi,event,1.0,uncertain_date,
TV01763,7. Dönem (2021–2026),7. DÖNEM,133,2023-04-28 00:00:00,,,2023,Toplumsal Tarih Sayı Sayı 353 Dosya Konusu: Osmanlı ve Cumhuriyet Dönemlerinde Seçimler,Dergi (Toplumsal Tarih),publication,1,uncertain_date,
TV01764,7. Dönem (2021–2026),7. DÖNEM,135,5-7 Mayıs 2023,2023-05-05,2023-05-07,2023,"Uluslararası Konferans: Cumhuriyet Tarihyazımının 100 Yılı: Düzenleyenler: Mehmet Ö. Alkan, Cangül Örnek, Gülhan Balsoy, Murat Dağlı, Ali Sipahi, Cihangir Gündoğdu, Nurşen Gürboğa, Y. Tolga Cora, Bilgi Üniversitesi Santral İstanbul Kampüsü",Konferans/Söyleşi,event,,verified,
TV01765,7. Dönem (2021–2026),7. DÖNEM,136,2023-05-06 00:00:00,,,2023,"Yemek Tarihi Seminerleri: Yemek Tarihçiliği ve Yemek Tarihine Yaklaşımlar, Özge Samancı",Seminer,event,1.0,uncertain_date,
TV01766,7. Dönem (2021–2026),7. DÖNEM,137,2023-05-13 00:00:00,,,2023,"Öğretmen Eğitimi Atölyeleri: Ekonomi Tarihine Toplumsal Yaşam Boyutundan Bakmak, Cengiz Kırlı, Neslişah Başaran,",Atölye,event,1.0,uncertain_date,
TV01767,7. Dönem (2021–2026),7. DÖNEM,138,2023-05-13 00:00:00,,,2023,"Yemek Tarihi Seminerleri:İmparatorluk Taamı: Osmanlı Mutfak Kültürüne Kuş Bakışı Yolculuk,  Priscilla Mary Işın",Seminer,event,1.0,uncertain_date,
TV01768,7. Dönem (2021–2026),7. DÖNEM,139,2023-05-14 00:00:00,,,2023,"Eskişehir Tarih Paneli: Milli Mücadele'de Eskişehir ve 100. Yılında Eskişehir'in Kurtuluşu, Mehmet Ö. Alkan, Kemal Yakut, Emel Akal, Nurşen Gürboğa, Zafer Toprak",Panel,event,1.0,uncertain_date,
TV01769,7. Dönem (2021–2026),7. DÖNEM,140,2023-05-20 00:00:00,,,2023,"Yemek Tarihi Seminerleri: Yemek mi Gıda mı? Yeme-İçmeye Sosyolojik Yaklaşımlar, Zafer Yenal",Seminer,event,1.0,uncertain_date,
TV01770,7. Dönem (2021–2026),7. DÖNEM,141,2023-05-23 00:00:00,,,2023,"Akl-ı Kıssa Salı Konuşmaları: Çiftlik Meselesi: Uzun 19. Yüzyılda Tesalya ve Epir, Fatma Öncel",Konferans/Söyleşi,event,1.0,uncertain_date,
TV01771,7. Dönem (2021–2026),7. DÖNEM,142,2023-05-24 00:00:00,,,2023,"Minerva Konuşmaları: İmparatorluk'tan Cumhuriyet'e İstanbul'un Politik Coğrafyası, Erol Ülker",Panel,event,1.0,uncertain_date,
TV01772,7. Dönem (2021–2026),7. DÖNEM,143,2023-05-27 00:00:00,,,2023,"Yemek Tarihi Seminerleri: Yemeğin Kimliği: Bireysel ve Ulusal Kimlik İnşasında Gastronominin Rolü, Merin Sever",Seminer,event,1.0,uncertain_date,
TV01773,7. Dönem (2021–2026),7. DÖNEM,143,2023-05-27 00:00:00,,,2023,Toplumsa Tarih Sayı 354 Dosya Konusu: Hint Yardımları ve Millî Mücadele,Dergi (Toplumsal Tarih),publication,1,uncertain_date,
TV01774,7. Dönem (2021–2026),7. DÖNEM,145,2023-06-13 00:00:00,,,2023,"Bilim ve Düşünce Tarihi Seminerleri: 18. Yüzyıldan 20. Yüzyıla Güney Asya, Karayipler ve Atlantik: Bilim, Tıp, Küresel ve Emperyal Tarihi, Pratik Chakrabarti",Konferans/Söyleşi,event,1.0,uncertain_date,
TV01775,7. Dönem (2021–2026),7. DÖNEM,146,2023-06-16 00:00:00,,,2023,"Cumhuriyet'in 100 Yılı Konuşmaları: Cumhuriyet ve Toplumsal Hareketler: İşçiler, Köylüler, Kadınlar, Kürtler ve AlevilerDoğan Çetinkaya, Serpil Çakır, Sinan Yıldırmaz, Tuncay Şur, Cemal Salman",Panel,event,1.0,uncertain_date,
TV01776,7. Dönem (2021–2026),7. DÖNEM,147,2023-05-17 00:00:00,,,2023,"Cumhuriyet'in 100 Yılı Konuşmaları:Cumhuriyet'in 100 Yılında Toplumsal Cinsiyet, Laiklik ve Siyaset,  Umut Azak, Fatmagül Berktay, F. Ceren Akçabay, Tuba Kancı",Panel,event,1.0,uncertain_date,
TV01777,7. Dönem (2021–2026),7. DÖNEM,148,2023 / yaz,,,2023,"Lozan Çalıştayı (Lozan, Türk-Yunan öğretmenler)	2023 Düzenleyenler: Mehmet Ö.Alkan, Fırat Güllü, Jonathan Conlin; Lozan Projesi (The Lausanne Project) ile birlikte
Lozan, İsviçre.",Atölye,event,1.0,uncertain_date,
TV01778,7. Dönem (2021–2026),7. DÖNEM,148,2023 / yaz,,,2023,Toplumsa Tarih Sayı 355 Dosya Konusu: Lozan Antlaşması'nın 100. Yılı,Dergi (Toplumsal Tarih),publication,1,uncertain_date,
TV01779,7. Dönem (2021–2026),7. DÖNEM,150,2023-07-09 00:00:00,,,2023,"Adalar ve Tarih Konuşmaları: Abdülhamid'in Tercümanı Rahip Louis Sabuncu'nun İlginç Yaşam Öyküsü, Özcan Geçer",Konferans/Söyleşi,event,1.0,uncertain_date,
TV01780,7. Dönem (2021–2026),7. DÖNEM,151,2023-07-16 00:00:00,,,2023,"Adalar ve Tarih Konuşmaları: Büyükada Rum Yetimhanesi: Kurumlar ve Toplumlar, Ayşe Ozil",Konferans/Söyleşi,event,1.0,uncertain_date,
TV01781,7. Dönem (2021–2026),7. DÖNEM,152,2023-07-23 00:00:00,,,2023,"Adalar ve Tarih Konuşmaları: Adalar ve Sanatoryumlar, Fatih Artvinli",Konferans/Söyleşi,event,1.0,uncertain_date,
TV01782,7. Dönem (2021–2026),7. DÖNEM,153,24 Temmuz - 30 Ekim 2023,,,2023,"Lozan 1923 / Yüzyıl Önceki Başlangıç Sergisi (Casa Botter, İBB)",Sergi,event,1.0,uncertain_date,
TV01783,7. Dönem (2021–2026),7. DÖNEM,154,2023-07-30 00:00:00,,,2023,"Adalar ve Tarih Konuşmaları: Sürgün Adası: 1910 Köpek Sürgünü ve Sivriada, Cihangir Gündoğdu",Konferans/Söyleşi,event,1.0,uncertain_date,
TV01784,7. Dönem (2021–2026),7. DÖNEM,154,2023-07-30 00:00:00,,,2023,Toplumsa Tarih Sayı 356 Dosya Konusu: Osmanlı'da Acâib ve Garâib Edebiyatı,Dergi (Toplumsal Tarih),publication,1,uncertain_date,
TV01785,7. Dönem (2021–2026),7. DÖNEM,156,2023-08-06 00:00:00,,,2023,Adalar ve Tarih: Duygu Saygın – 9. Yüzyılda Büyükada ile Heybeliada'nın Sosyal ve Ekonomik Portresi,Konferans/Söyleşi,event,1.0,uncertain_date,
TV01786,7. Dönem (2021–2026),7. DÖNEM,157,2023-08-13 00:00:00,,,2023,Adalar ve Tarih: Sabri Burak Arzova – Ticaret Okulları ve Elen Ticaret Mektebi,Konferans/Söyleşi,event,1.0,uncertain_date,
TV01787,7. Dönem (2021–2026),7. DÖNEM,158,2023-08-19 00:00:00,,,2023,Olağan Genel Kurul Toplantısı,,organizational,,uncertain_date,
TV01788,7. Dönem (2021–2026),7. DÖNEM,159,2023-08-20 00:00:00,,,2023,Adalar ve Tarih: Bengi Su Ertürkmen-Aksoy – Adalar'da Denizcilik Festivalleri,Konferans/Söyleşi,event,1.0,uncertain_date,
TV01789,7. Dönem (2021–2026),7. DÖNEM,160,27 Ağustos 2023,2023-08-27,,2023,Adalar ve Tarih: Saadet Özen – Osmanlı Döneminde Turizmin Ayak Sesleri,Konferans/Söyleşi,event,1.0,verified,
TV01790,7. Dönem (2021–2026),7. DÖNEM,160,27 Ağustos 2023,2023-08-27,,2023,Toplumsa Tarih Sayı 357 Dosya Konusu: CHP'nin Kuruluşunun 100. Yılı,Dergi (Toplumsal Tarih),publication,1,verified,
TV01791,7. Dönem (2021–2026),7. DÖNEM,162,3 Eylül 2023,2023-09-03,,2023,Adalar ve Tarih: Paolo Girardelli – Paylaşılan Bir Miras,Konferans/Söyleşi,event,1.0,verified,
TV01792,7. Dönem (2021–2026),7. DÖNEM,163,10 Eylül 2023,2023-09-10,,2023,Adalar ve Tarih: Erol Köroğlu – İttihat ve Terakki Adada,Konferans/Söyleşi,event,1.0,verified,
TV01793,7. Dönem (2021–2026),7. DÖNEM,164,2023-09-17 00:00:00,,,2023,Adalar ve Tarih: Foti Benlisoy – Büyükada'da Bir Bolşevik: Lev Troçki,Konferans/Söyleşi,event,1.0,uncertain_date,
TV01794,7. Dönem (2021–2026),7. DÖNEM,165,2023-09-14 00:00:00,,,2023,Geçmiş Bugündür: İsmet Akça – 12 Eylül Darbesinin Tarihsel ve Toplumsal Anlamı,Konferans/Söyleşi,event,1.0,uncertain_date,
TV01795,7. Dönem (2021–2026),7. DÖNEM,166,19 Eylül 2023,2023-09-19,,2023,Geçmiş Bugündür: Roza Erdem – Evvel Zamanla Tanışmak,Konferans/Söyleşi,event,1.0,verified,
TV01796,7. Dönem (2021–2026),7. DÖNEM,167,2023-09-23 00:00:00,,,2023,Geçmiş Bugündür: Yeşim Yaprak Yıldız – Türkiye'de Epistemik Yozlaşma,Konferans/Söyleşi,event,1.0,uncertain_date,
TV01797,7. Dönem (2021–2026),7. DÖNEM,168,5-7 Ekim 2023,2023-10-05,2023-10-07,2023,"Revolutions Beyond The ""West"" Konferansı (IFEA iş birliği)",Konferans/Söyleşi,event,1.0,verified,
TV01798,7. Dönem (2021–2026),7. DÖNEM,169,6 Ekim 2023,2023-10-06,,2023,Ankara Tartışmaları: Tanıl Bora – Devlet Fikrinin Adamı: Demirel,Konferans/Söyleşi,event,1.0,verified,
TV01799,7. Dönem (2021–2026),7. DÖNEM,170,2023-10-17 00:00:00,,,2023,Akl-ı Kıssa: Suraiya Faroqhi – Women in The Ottoman Empire,Konferans/Söyleşi,event,1.0,uncertain_date,
TV01800,7. Dönem (2021–2026),7. DÖNEM,171,2023-10-19 00:00:00,,,2023,Bilim ve Düşünce Tarihi: Patricia Fara – Newton ve İngiliz Bilim Tarihi,Konferans/Söyleşi,event,1.0,uncertain_date,
TV01801,7. Dönem (2021–2026),7. DÖNEM,172,2023-10-20 00:00:00,,,2023,Ankara Tartışmaları: Anjelik Kelavgil – Yaşamda Israrın Kısa Hikayesi,Konferans/Söyleşi,event,1.0,uncertain_date,
TV01802,7. Dönem (2021–2026),7. DÖNEM,173,2023-10-25 00:00:00,,,2023,"""100. Yılında Cumhuriyet'e Bakış"" Konferansı (Eskişehir Tepebaşı Belediyesi)",Konferans/Söyleşi,event,1.0,uncertain_date,
TV01803,7. Dönem (2021–2026),7. DÖNEM,174,2023-10-26 00:00:00,,,2023,"Perşembe Konuşmaları: Begüm Özden Fırat – Toprak, Mülkiyet, Cumhuriyet",Konferans/Söyleşi,event,1,uncertain_date,
TV01804,7. Dönem (2021–2026),7. DÖNEM,174,2023-10-26 00:00:00,,,2023,Toplumsa Tarih Sayı 359 Dosya Konusu: Ankara'nın Başkent İlan Edilmesinin 100. Yılı,Dergi (Toplumsal Tarih),publication,1,uncertain_date,
TV01805,7. Dönem (2021–2026),7. DÖNEM,176,2023-11-03 00:00:00,,,2023,Ankara Tartışmaları: Sena Hatip Dinçyürek – Sermâye-İ Şefkat-İ Osmâniye,Konferans/Söyleşi,event,1.0,uncertain_date,
TV01806,7. Dönem (2021–2026),7. DÖNEM,177,2023-11-14 00:00:00,,,2023,Akl-ı Kıssa: Fatma Eda Çelik – Osmanlı'dan Cumhuriyet'e Yürütme Organının Tarihi,Konferans/Söyleşi,event,1.0,uncertain_date,
TV01807,7. Dönem (2021–2026),7. DÖNEM,178,2023-11-14 00:00:00,,,2023,Osmanlıca Eğitimi başladı (Koruma Akademisi iş birliği),Kurs/Seminer,event,1,uncertain_date,
TV01808,7. Dönem (2021–2026),7. DÖNEM,179,17 Kasım 2023,2023-11-17,,2023,Ankara Tartışmaları: Efpraxia Nerantzaki – Sembolik Giritlilik,Konferans/Söyleşi,event,1.0,verified,
TV01809,7. Dönem (2021–2026),7. DÖNEM,180,2023-11-24 00:00:00,,,2023,Bilim ve Düşünce Tarihi: Lorraine Daston,Konferans/Söyleşi,event,,uncertain_date,
TV01810,7. Dönem (2021–2026),7. DÖNEM,181,2023-12-01 00:00:00,,,2023,Ankara Tartışmaları: Çağdaş Sümer – Düzenini Arayan Osmanlı,Konferans/Söyleşi,event,1.0,uncertain_date,
TV01811,7. Dönem (2021–2026),7. DÖNEM,182,2023-12-14 00:00:00,,,2023,"Perşembe Konuşmaları: Merem Çakır Kantarcıoğlu, Emre Erkan – Muhalefet mi İktidar mı",Konferans/Söyleşi,event,1,uncertain_date,
TV01812,7. Dönem (2021–2026),7. DÖNEM,183,14-15 Aralık 2023,2023-12-14,2023-12-15,2023,"""19. Yüzyıl Osmanlı Dünyasında Matbu Kitap"" Konferansı (ANAMED iş birliği)",Konferans/Söyleşi,event,,verified,
TV01813,7. Dönem (2021–2026),7. DÖNEM,184,2023-12-20 00:00:00,,,2023,IFEA'da Tarih Vakfı ve Demokratik Toplum İnşasında Tarih Bilincinin Rolü etkinliği,Konferans/Söyleşi,event,,uncertain_date,
TV01814,7. Dönem (2021–2026),7. DÖNEM,185,2023-12-22 00:00:00,,,2023,Ankara Tartışmaları: Onur Eylül Kara – Minör Siyaset,Konferans/Söyleşi,event,1.0,uncertain_date,
TV01815,7. Dönem (2021–2026),7. DÖNEM,186,2023-12-23 00:00:00,,,2023,Ücretli Seminer: Anna-Maria Beylunioğlu – Antakya Noel Sofraları,Seminer,event,1,uncertain_date,
TV01816,7. Dönem (2021–2026),7. DÖNEM,187,2023-12-26 00:00:00,,,2023,Akl-ı Kıssa: Menza Qato – Where Do We Begin? Palestine and The Elimination Of History,Konferans/Söyleşi,event,1.0,uncertain_date,
TV01817,7. Dönem (2021–2026),7. DÖNEM,188,2023-12-28 00:00:00,,,2023,"Minerva Konuşmaları: Mehmet Ö. Alkan, Fuat Keyman – Zafer Toprak'ın Anısına",Panel,event,1,uncertain_date,
TV01818,7. Dönem (2021–2026),7. DÖNEM,189,2023-12-28 00:00:00,,,2023,Minerva Konuşmaları: Işıl Çokuğraş – 19. Yüzyıl Başında İstanbul'da Marjinalite ve Mekân,Panel,event,1,uncertain_date,
TV01819,7. Dönem (2021–2026),7. DÖNEM,190,2024.0,,,2024,Vakfın 12. Başkanı: Yaşar Tolga Cora. (Başkanlık Süresi: 2024-2025),,organizational,,uncertain_date,
TV01820,7. Dönem (2021–2026),7. DÖNEM,190,2024.0,,,2024,"Toplumsal Tarih - 361. sayı,  “Duygular Tarihi Yeni ve Eski Bir Alan.",Dergi (Toplumsal Tarih),publication,1,uncertain_date,
TV01821,7. Dönem (2021–2026),7. DÖNEM,192,10 Ocak 2024,2024-01-10,,2024,Bilim ve Düşünce Tarihi: Richard Whatmore – Aydınlanmanın Sonu,Konferans/Söyleşi,event,1.0,verified,
TV01822,7. Dönem (2021–2026),7. DÖNEM,193,2026-01-14 00:00:00,,,2026,Adalar Konuşmaları: Murat Güvenç – 100 Yıl Önce Adalar Sokakları,Konferans/Söyleşi,event,1.0,uncertain_date,
TV01823,7. Dönem (2021–2026),7. DÖNEM,194,18 Ocak,2026-01-18,,2026,"Perşembe Konuşmaları: Zehra Ayman, Burak Başaranlar – Erken Cumhuriyet Döneminde Doğu'da Devlet İnşası",Konferans/Söyleşi,event,1,verified,
TV01824,7. Dönem (2021–2026),7. DÖNEM,195,2026-01-23 00:00:00,,,2026,Türkiye'de Sosyal ve Beşeri Bilimler: Erdem Sönmez – Cumhuriyet Türkiyesi'nde Tarih ve Tarihçilik,Konferans/Söyleşi,event,1.0,uncertain_date,
TV01825,7. Dönem (2021–2026),7. DÖNEM,196,2026-01-26 00:00:00,,,2026,Ankara Tartışmaları: Alp Eren Topal – Cumhurdan Cumhuriyete,Konferans/Söyleşi,event,1.0,uncertain_date,
TV01826,7. Dönem (2021–2026),7. DÖNEM,197,2026-01-27 00:00:00,,,2026,Ücretli Seminer: Özge Samancı – 19. Yüzyıl İstanbul Mutfağı,Seminer,event,1,uncertain_date,
TV01827,7. Dönem (2021–2026),7. DÖNEM,197,2026-01-27 00:00:00,,,2026,"Toplumsal Tarih - 362. sayı. Özel Dosya: “Türkiye'de Emeğin 100 Yılı Aşan Tarihi: Ezberleri Sorgulayan Tarihyazımı"" Ed. Y. Doğan Çetinkaya",Dergi (Toplumsal Tarih),publication,1,uncertain_date,
TV01828,7. Dönem (2021–2026),7. DÖNEM,199,2026-02-08 00:00:00,,,2026,"Perşembe Konuşmaları: Güldenaz Kıbrıs, Emin Alper – Taşra: Gerçek mi Metafor mu?",Konferans/Söyleşi,event,1,uncertain_date,
TV01829,7. Dönem (2021–2026),7. DÖNEM,200,2026-02-09 00:00:00,,,2026,Ankara: Arda Akıncı – II. Abdülhamid Devri'nde İstihbarat,Konferans/Söyleşi,event,1,uncertain_date,
TV01830,7. Dönem (2021–2026),7. DÖNEM,201,2026-02-18 00:00:00,,,2026,"Adalar: Duygu Saygın, Umut Dere – Adalar Belediye Tarihinin Serencamı",Konferans/Söyleşi,event,1,uncertain_date,
TV01831,7. Dönem (2021–2026),7. DÖNEM,202,2026-02-20 00:00:00,,,2026,Akl-ı Kıssa: Gözde Somel – Erken Cumhuriyet Yıllarında Sovyetler Birliği'nin Türkiye Politikaları,Konferans/Söyleşi,event,1.0,uncertain_date,
TV01832,7. Dönem (2021–2026),7. DÖNEM,203,2026-02-23 00:00:00,,,2026,Ankara: Metin Koca – Türkiye'nin Demokratikleşme Deneyiminde Kültürel Değişim,Konferans/Söyleşi,event,1,uncertain_date,
TV01833,7. Dönem (2021–2026),7. DÖNEM,204,2026-02-24 00:00:00,,,2026,Ücretli Seminer: Nazlı Pişkin – Zümrüdüankanın Peşinde: Baharatın Tarihteki Yeri,Seminer,event,,uncertain_date,
TV01834,7. Dönem (2021–2026),7. DÖNEM,205,2026-02-27 00:00:00,,,2026,Türkiye'de Sosyal Bilimler: Suavi Aydın – Türkiye'de Antropolojinin Yüz Yılı,Konferans/Söyleşi,event,1,uncertain_date,
TV01835,7. Dönem (2021–2026),7. DÖNEM,206,29 Şubat,,,2026,"Minerva: Begüm Özden Fırat, Fırat Genç – Mülkiyet ve Müşterekler",Panel,event,1,uncertain_date,
TV01836,7. Dönem (2021–2026),7. DÖNEM,206,29 Şubat,,,2026,"Toplumsal Tarih - 363. sayı. Özel Dosya: “Hilafet'in Kaldırışını 100. Yılında Hatırlamak"", Ed. Esra Yakut.",Dergi (Toplumsal Tarih),publication,1,uncertain_date,
TV01837,7. Dönem (2021–2026),7. DÖNEM,207,2026-03-01 00:00:00,,,2026,Bilim ve Düşünce Tarihi: Colin Kidd – Sekülerlik Miti,Konferans/Söyleşi,event,1,uncertain_date,
TV01838,7. Dönem (2021–2026),7. DÖNEM,208,2026-03-07 00:00:00,,,2026,Tarih ve Edebiyat: Kadınlar ve Feminizm Paneli,Panel,event,,uncertain_date,
TV01839,7. Dönem (2021–2026),7. DÖNEM,209,2026-03-07 00:00:00,,,2026,Türkiye'de Sosyal Bilimler: Uğur Tanyeli – Türkiye'de Mimarlık Tarihçiliği,Konferans/Söyleşi,event,1,uncertain_date,
TV01840,7. Dönem (2021–2026),7. DÖNEM,210,2026-03-08 00:00:00,,,2026,Ankara: Meryem Çakır Kantarcıoğlu – Köy Kanunu'nda Köylünün Hükümete Haber Verme Zorunluluğu,Konferans/Söyleşi,event,1,uncertain_date,
TV01841,7. Dönem (2021–2026),7. DÖNEM,211,2026-03-10 00:00:00,,,2026,Adalar: Songül Güneş – Birleşik İdareden 27 Mayıs'a Adalar'ın Yönetimi,Konferans/Söyleşi,event,1,uncertain_date,
TV01842,7. Dönem (2021–2026),7. DÖNEM,212,2026-03-14 00:00:00,,,2026,Minerva: Candan Türkkan – İstanbul'u Doyurmak,Konferans/Söyleşi,event,1,uncertain_date,
TV01843,7. Dönem (2021–2026),7. DÖNEM,213,2026-03-15 00:00:00,,,2026,"Ankara: Gül Köksal – Yaşayan, Üreten, Dönüşen Haliç",Konferans/Söyleşi,event,1,uncertain_date,
TV01844,7. Dönem (2021–2026),7. DÖNEM,214,2026-03-19 00:00:00,,,2026,"Türkiye'de Sosyal Bilimler: Tarkan Okçuoğlu, Verda Bingöl – Sanat Tarihi Disiplininin Ortaya Çıkışı",Konferans/Söyleşi,event,1,uncertain_date,
TV01845,7. Dönem (2021–2026),7. DÖNEM,215,2026-03-22 00:00:00,,,2026,Ankara: Gürer Karagedikli – Osmanlı Şehirlerinde Mekânsal Ayrışma,Konferans/Söyleşi,event,1,uncertain_date,
TV01846,7. Dönem (2021–2026),7. DÖNEM,216,2026-03-23 00:00:00,,,2026,Sinematek: Özgür Adadağ – Sinemanın Siyasal Kullanımı,Konferans/Söyleşi,event,1,uncertain_date,
TV01847,7. Dönem (2021–2026),7. DÖNEM,217,2026-03-23 00:00:00,,,2026,"Osmanlıca Seminerleri başladı (Ankara, yüz yüze + çevrimiçi)",Seminer,event,1,uncertain_date,
TV01848,7. Dönem (2021–2026),7. DÖNEM,218,2026-03-26 00:00:00,,,2026,Akl-ı Kıssa: Zeynep Türkyılmaz – 19. Yüzyılda Alevi Kadınları ve Alevilik,Konferans/Söyleşi,event,1.0,uncertain_date,
TV01849,7. Dönem (2021–2026),7. DÖNEM,219,2026-03-28 00:00:00,,,2026,"Perşembe Konuşmaları: Nurşen Gürboğa, Kemal Yakut – Cumhuriyet Taşrasında İşçiler",Konferans/Söyleşi,event,1,uncertain_date,
TV01850,7. Dönem (2021–2026),7. DÖNEM,219,2026-03-28 00:00:00,,,2026,"Toplumsal Tarih - 364. sayı. Özel Dosya: “100. Yılında 19245 Anayasası”, Ed. Dinçer Demirkent",Dergi (Toplumsal Tarih),publication,1,uncertain_date,
TV01851,7. Dönem (2021–2026),7. DÖNEM,221,2026-04-02 00:00:00,,,2026,"Türkiye'de Sosyal Bilimler: Nilgün Çelebi, Alim Arlı – Sosyolojinin 100 Yılı",Konferans/Söyleşi,event,1,uncertain_date,
TV01852,7. Dönem (2021–2026),7. DÖNEM,222,2026-04-03 00:00:00,,,2026,"Ankara: Oktay Özel, Ersan Ocak – Kiske Kuşunun Peşinde",Konferans/Söyleşi,event,1,uncertain_date,
TV01853,7. Dönem (2021–2026),7. DÖNEM,223,2026-04-06 00:00:00,,,2026,Sinematek: Yamaç Okur – Yapımcı Hafızasıyla Türkiye Sinema Tarihi,Konferans/Söyleşi,event,1,uncertain_date,
TV01854,7. Dönem (2021–2026),7. DÖNEM,224,2026-04-10 00:00:00,,,2026,Bilim ve Düşünce Tarihi: Jonathan Israel – Aydınlanma Çalışmaları Bugün Hala Geçerliliğini Koruyor mu?,Konferans/Söyleşi,event,1,uncertain_date,
TV01855,7. Dönem (2021–2026),7. DÖNEM,225,2026-04-18 00:00:00,,,2026,"Minerva: Nurşen Gürboğa, Murat Tülek – İşçilerin Ayak İzlerinden Galata",Konferans/Söyleşi,event,1,uncertain_date,
TV01856,7. Dönem (2021–2026),7. DÖNEM,226,2026-04-19 00:00:00,,,2026,Ankara: Ertan Ünlü – Osmanlı'da Sarraflar ve İlişki Ağları,Konferans/Söyleşi,event,1,uncertain_date,
TV01857,7. Dönem (2021–2026),7. DÖNEM,227,2026-04-20 00:00:00,,,2026,Sinematek: İ. Arda Odabaşı – Türkiye'de Sinema Tarihi Yazmak,Konferans/Söyleşi,event,1,uncertain_date,
TV01858,7. Dönem (2021–2026),7. DÖNEM,228,2026-04-20 00:00:00,,,2026,"Ücretli Seminer: Fatma Genç, Yasemin Taşkın – Çay'dan Öte",Seminer,event,1,uncertain_date,
TV01859,7. Dönem (2021–2026),7. DÖNEM,229,2026-04-23 00:00:00,,,2026,Akl-ı Kıssa: İlkay Yılmaz – Osmanlı Pasaportları,Konferans/Söyleşi,event,1.0,uncertain_date,
TV01860,7. Dönem (2021–2026),7. DÖNEM,229,2026-04-23 00:00:00,,,2026,Toplumsal Tarih - 365. sayı. Özel Dosya: “Dünya Düşünce Tarihi”,Dergi (Toplumsal Tarih),publication,1,uncertain_date,
TV01861,7. Dönem (2021–2026),7. DÖNEM,231,2026-05-02 00:00:00,,,2026,Perşembe Konuşmaları: Gözde Orhan – Taşrada Toprak Sahipliği ve Direniş,Konferans/Söyleşi,event,1,uncertain_date,
TV01862,7. Dönem (2021–2026),7. DÖNEM,232,2026-05-02 00:00:00,,,2026,Perşembe Konuşmaları: Seda Özdemir Şimşek – Taşra Burjuvazisi,Konferans/Söyleşi,event,1,uncertain_date,
TV01863,7. Dönem (2021–2026),7. DÖNEM,233,2026-05-02 00:00:00,,,2026,Minerva: Özgü Çilli – Osmanlı İstanbul'unda Eğlence,Konferans/Söyleşi,event,1,uncertain_date,
TV01864,7. Dönem (2021–2026),7. DÖNEM,234,2026-05-03 00:00:00,,,2026,Ankara: Demet Gülçiçek – Hak Taleplerinde Garbiyatçılık,Konferans/Söyleşi,event,1,uncertain_date,
TV01865,7. Dönem (2021–2026),7. DÖNEM,235,2026-05-04 00:00:00,,,2026,Sinematek: Oya Kasap Ortaklan – Pera'daki Divalar: Geç Osmanlı'da Kadınlar ve Sinema,Konferans/Söyleşi,event,1,uncertain_date,
TV01866,7. Dönem (2021–2026),7. DÖNEM,236,2026-05-07 00:00:00,,,2026,"Akl-ı Kıssa: Aslıhan Gürbüzel – Haşerta mı, Ahali mi?",Konferans/Söyleşi,event,1.0,uncertain_date,
TV01867,7. Dönem (2021–2026),7. DÖNEM,237,2026-05-09 00:00:00,,,2026,"Türkiye'de Sosyal Bilimler: Çiler Çilingiroğlu, Duygu Tarkan – Arkeolojinin Arkeolojisi",Konferans/Söyleşi,event,1,uncertain_date,
TV01868,7. Dönem (2021–2026),7. DÖNEM,238,2026-05-17 00:00:00,,,2026,Tarih Lisansüstü Öğrenci Konferansı (İBÜ & Bonn Üniversitesi),Konferans/Söyleşi,event,1,uncertain_date,
TV01869,7. Dönem (2021–2026),7. DÖNEM,239,2026-05-17 00:00:00,,,2026,"Ankara: Stefo Benlisyo, Yaşar Tolga Cora, Murat Cankara – Dar Zamanlarda Yaşam ve Ticaret",Konferans/Söyleşi,event,1,uncertain_date,
TV01870,7. Dönem (2021–2026),7. DÖNEM,240,2026-05-18 00:00:00,,,2026,Sinematek: Nezih Erdoğan – Sinema'nın İstanbul'a Gelişi,Konferans/Söyleşi,event,1,uncertain_date,
TV01871,7. Dönem (2021–2026),7. DÖNEM,241,2026-05-19 00:00:00,,,2026,Semt Gezisi: Kadıköy (Guideist iş birliği),Gezi,event,1,uncertain_date,
TV01872,7. Dönem (2021–2026),7. DÖNEM,242,2026-05-19 00:00:00,,,2026,Adalar: Ahmet Ertek – Antroposende İstanbul ve Adalar Kıyıları,Konferans/Söyleşi,event,1,uncertain_date,
TV01873,7. Dönem (2021–2026),7. DÖNEM,243,2026-05-23 00:00:00,,,2026,Minerva: Aslı Odman – Galataford'dan Galataport'a,Konferans/Söyleşi,event,1,uncertain_date,
TV01874,7. Dönem (2021–2026),7. DÖNEM,244,2026-05-25 00:00:00,,,2026,Sinematek: Ayşe Toy Par – Sözlü Tarih Yöntemiyle Sinemaya Bakmak,Konferans/Söyleşi,event,1,uncertain_date,
TV01875,7. Dönem (2021–2026),7. DÖNEM,245,2026-05-30 00:00:00,,,2026,Perşembe Konuşmaları: Görkem Akgöz – Savaşın ve İmparatorluğun Gölgesinde,Konferans/Söyleşi,event,1,uncertain_date,
TV01876,7. Dönem (2021–2026),7. DÖNEM,246,2026-05-31 00:00:00,,,2026,Ankara: Erman Tamur – Ankara'da Fotoğrafçılık ve Posta Kartları,Konferans/Söyleşi,event,1,uncertain_date,
TV01877,7. Dönem (2021–2026),7. DÖNEM,246,2026-05-31 00:00:00,,,2026,Toplumsal Tarih - 365. sayı. Özel Dosya: “Darûlbedayi'nin Kuruluşu ve Tiyatro Tarihi”,Dergi (Toplumsal Tarih),publication,1,uncertain_date,
TV01878,7. Dönem (2021–2026),7. DÖNEM,248,2026-06-08 00:00:00,,,2026,Sinematek: Özge Özyılmaz – İstanbul'da Erken Dönem Sinemanın Ses Manzaraları,Konferans/Söyleşi,event,1,uncertain_date,
TV01879,7. Dönem (2021–2026),7. DÖNEM,249,2026-06-12 00:00:00,,,2026,"Panel: Filistin: Toprak, Emek, Siyaset",Panel,event,,uncertain_date,
TV01880,7. Dönem (2021–2026),7. DÖNEM,250,2026-06-27 00:00:00,,,2026,"Perşembe Konuşmaları: Mine Yıldırım, Foti Benlisoy – Şiddet İle İhtimam Arasında: Sokak Hayvanları",Konferans/Söyleşi,event,1,uncertain_date,
TV01881,7. Dönem (2021–2026),7. DÖNEM,250,2026-06-27 00:00:00,,,2026,"Toplumsal Tarih - 367. sayı. ""Yarım Yüzyıl Sonra Kıbrıs Barış Harekatı""",Dergi (Toplumsal Tarih),publication,1,uncertain_date,
TV01882,7. Dönem (2021–2026),7. DÖNEM,251,2024-07-01 00:00:00,,,2024,"Toplumsal Tarih - 368. sayı. Özel Dosya: "" Türkiye'de Bankacılığın Tarihi"" , Ed. Y. Doğan Çetinkaya",Dergi (Toplumsal Tarih),publication,1,uncertain_date,
TV01883,7. Dönem (2021–2026),7. DÖNEM,253,2026-08-04 00:00:00,,,2026,Adalar ve Tarih (Yaz): Rûhî Ayangil – Cumhuriyet'in 100. Yılında Makam Müziği,Konferans/Söyleşi,event,1,uncertain_date,
TV01884,7. Dönem (2021–2026),7. DÖNEM,254,2026-08-11 00:00:00,,,2026,Adalar ve Tarih (Yaz): Ezel Akay – Masalların Demokrasisi,Konferans/Söyleşi,event,1,uncertain_date,
TV01885,7. Dönem (2021–2026),7. DÖNEM,255,2026-08-16 00:00:00,,,2026,Adalar ve Tarih (Yaz): Betül Bakırcı – Akabi Hikayesi ve 19. Yüzyıl İstanbul Ermeni Toplumu,Konferans/Söyleşi,event,1,uncertain_date,
TV01886,7. Dönem (2021–2026),7. DÖNEM,255,2026-08-16 00:00:00,,,2026,"Toplumsal Tarih - 369 sayı. Özel Dosya: “Türkiye'de Avrupa Tarihi Çalışmaları"", Ed. Özden Mercan",Dergi (Toplumsal Tarih),publication,1,uncertain_date,
TV01887,7. Dönem (2021–2026),7. DÖNEM,257,2026-09-08 00:00:00,,,2026,"Adalar: Elif Kevser Özer, Yorgos Katsanos – Apelasis Üzerine Bir Sohbet",Konferans/Söyleşi,event,1,uncertain_date,
TV01888,7. Dönem (2021–2026),7. DÖNEM,258,2026-09-12 00:00:00,,,2026,"Perşembe Konuşmaları: Faruk Eren, Eylem Delikanlı – 12 Eylül'ü Hatırlamak",Konferans/Söyleşi,event,1,uncertain_date,
TV01889,7. Dönem (2021–2026),7. DÖNEM,259,2026-09-15 00:00:00,,,2026,Adalar: Erol Köroğlu – Hüseyin Rahmi Gürpınar'ın Eşcinsel ve Adalı Kimlikleri,Konferans/Söyleşi,event,1,uncertain_date,
TV01890,7. Dönem (2021–2026),7. DÖNEM,260,2026-09-18 00:00:00,,,2026,Panel: Doğaötesinin Bilimle Fethi: Manyetizmacılık ve İspiritizmacılık,Konferans/Söyleşi,event,1,uncertain_date,
TV01891,7. Dönem (2021–2026),7. DÖNEM,260,2026-09-18 00:00:00,,,2026,"Toplumsal Tarih - 370 sayı. Özel Dosya: “Neden Ortaçağ Avrupa Tarihi?"" Ed. Fatih Durgun.",Dergi (Toplumsal Tarih),publication,1,uncertain_date,
TV01892,7. Dönem (2021–2026),7. DÖNEM,262,2026-10-04 00:00:00,,,2026,Ankara: Hazal Pabuççular – Cumhuriyet'in Dış Politikası,Konferans/Söyleşi,event,1,uncertain_date,
TV01893,7. Dönem (2021–2026),7. DÖNEM,263,2026-10-15 00:00:00,,,2026,"Akl-ı Kıssa: Gökçen Beyinli Dinç – Evin İçinde, Caminin Çeperinde",Konferans/Söyleşi,event,1.0,uncertain_date,
TV01894,7. Dönem (2021–2026),7. DÖNEM,264,2026-10-17 00:00:00,,,2026,"Minerva: Nurçin İleri, Gül Köksal, Sırrı Emrah Üçer – Osmanlı'dan Cumhuriyet'e İstanbul'da Elektrikli Yaşam",Konferans/Söyleşi,event,1,uncertain_date,
TV01895,7. Dönem (2021–2026),7. DÖNEM,265,2026-10-18 00:00:00,,,2026,"Ankara: Sadi Özgür – Transleyt, Osmanlıca Metinlerin Çevirisi",Konferans/Söyleşi,event,1,uncertain_date,
TV01896,7. Dönem (2021–2026),7. DÖNEM,266,2026-10-19 00:00:00,,,2026,"Osmanlıca Seminerleri başladı (2. dönem, Ankara + çevrimiçi)",Seminer,event,1,uncertain_date,
TV01897,7. Dönem (2021–2026),7. DÖNEM,267,2026-10-31 00:00:00,,,2026,"Perşembe Konuşmaları: Ömer Turan, Can Cemgil – Kapitalizm ve Demokrasi",Konferans/Söyleşi,event,1,uncertain_date,
TV01898,7. Dönem (2021–2026),7. DÖNEM,267,2026-10-31 00:00:00,,,2026,"Toplumsal Tarih - 371. sayı. Özel Dosya: “Terakkiperver Cumhuriyet Fırkası'nın Kuruluşunun 100. Yılı: Merhumların Karışık İşleri"", Ed. Ahmet Kuyaş.",Dergi (Toplumsal Tarih),publication,1,uncertain_date,
TV01899,7. Dönem (2021–2026),7. DÖNEM,269,2026-11-08 00:00:00,,,2026,Ankara: M. Alper Yalçınkaya – 19. Yüzyıl Osmanlı Dünyasında Bilim ve Bilim İnsanı,Konferans/Söyleşi,event,1,uncertain_date,
TV01900,7. Dönem (2021–2026),7. DÖNEM,270,2026-11-11 00:00:00,,,2026,Bursa Tarih Buluşmaları: İsmail Yaşayanlar – Bursa'da Sanayileşme ve Çevre Kirliliği,Konferans/Söyleşi,event,1,uncertain_date,
TV01901,7. Dönem (2021–2026),7. DÖNEM,271,2026-11-19 00:00:00,,,2026,Akl-ı Kıssa: Özlem Dilber – 1950'li Yıllarda Türkiye'de Kadın Hareketi,Konferans/Söyleşi,event,1.0,uncertain_date,
TV01902,7. Dönem (2021–2026),7. DÖNEM,272,2026-11-21 00:00:00,,,2026,Minerva: Dila Gümüş – Meşrutiyet'ten Cumhuriyet'e Vedad Tek'in İstanbul'u,Konferans/Söyleşi,event,1,uncertain_date,
TV01903,7. Dönem (2021–2026),7. DÖNEM,273,2026-11-21 00:00:00,,,2026,"İzmir Tarih Buluşmaları: Oktay Özel – Muhacir, Mübadil, Mülteci",Konferans/Söyleşi,event,1,uncertain_date,
TV01904,7. Dönem (2021–2026),7. DÖNEM,274,2026-11-22 00:00:00,,,2026,Ankara: Esra Ansel Derinbay – İmparatorluk'tan Cumhuriyet'e Çay Tüccarları,Konferans/Söyleşi,event,1,uncertain_date,
TV01905,7. Dönem (2021–2026),7. DÖNEM,275,2026-11-28 00:00:00,,,2026,"Perşembe Konuşmaları: Oktay Özel – Kiske Kuşunun Peşinde, Katamizeler",Konferans/Söyleşi,event,1,uncertain_date,
TV01906,7. Dönem (2021–2026),7. DÖNEM,276,2026-11-29 00:00:00,,,2026,"Kadın Kadına Tarih Konferansı (MSGSÜ iş birliği, 3. kez)",Konferans/Söyleşi,event,1,uncertain_date,
TV01907,7. Dönem (2021–2026),7. DÖNEM,277,2026-11-29 00:00:00,,,2026,Ankara: Berke Torunoğlu – Tāb'iyyet ve Teb'īd Arasında Rumlar,Konferans/Söyleşi,event,1,uncertain_date,
TV01908,7. Dönem (2021–2026),7. DÖNEM,277,2026-11-29 00:00:00,,,2026,"Toplumsal Tarih - 372. sayı. Özel Dosya: “ Bizans'ta Hareketlilik"", Ed. Siren Çelik.",Dergi (Toplumsal Tarih),publication,1,uncertain_date,
TV01909,7. Dönem (2021–2026),7. DÖNEM,279,2026-12-13 00:00:00,,,2026,Ankara: Uğur Zekeriya Peçe – Bir Ada Hikayesi: Osmanlı'nın Günbatımında Şiddet,Konferans/Söyleşi,event,1,uncertain_date,
TV01910,7. Dönem (2021–2026),7. DÖNEM,280,2026-12-17 00:00:00,,,2026,Akl-ı Kıssa: Elif Sezer-Aydınlı – 18. yy'da İstanbul'daki Yeniçerilerin Okuduğu Kitaplar,Konferans/Söyleşi,event,1.0,uncertain_date,
TV01911,7. Dönem (2021–2026),7. DÖNEM,281,2026-12-18 00:00:00,,,2026,Panel: 75. Yılından 101. Yılına Türkiye Cumhuriyeti ve Modernlik Nostaljisi,Panel,event,1,uncertain_date,
TV01912,7. Dönem (2021–2026),7. DÖNEM,282,2026-12-19 00:00:00,,,2026,İzmir Tarih Buluşmaları: Savaş Arslan – Türkiye'de Sinema Tarihi,Konferans/Söyleşi,event,1,uncertain_date,
TV01913,7. Dönem (2021–2026),7. DÖNEM,283,2026-12-19 00:00:00,,,2026,Perşembe Konuşmaları: Ayşe Zarakol – Batı'dan Önce,Konferans/Söyleşi,event,1,uncertain_date,
TV01914,7. Dönem (2021–2026),7. DÖNEM,284,2026-12-23 00:00:00,,,2026,Ücretli Seminer (Nadir Gastronomi): Merin Sever – Cumhuriyet Mutfağı,Seminer,event,1,uncertain_date,
TV01915,7. Dönem (2021–2026),7. DÖNEM,285,2026-12-25 00:00:00,,,2026,Panel: Yüzüncü Yılın Ardından Cumhuriyet'i Sınıf Perspektifinden Yorumlamak,Panel,event,,uncertain_date,
TV01916,7. Dönem (2021–2026),7. DÖNEM,286,2026-12-27 00:00:00,,,2026,Ankara: Berrak Burçak – Son Dönem Osmanlı'da Kamu Sağlığı ve Eczacılık,Konferans/Söyleşi,event,1,uncertain_date,
TV01917,7. Dönem (2021–2026),7. DÖNEM,288,2025,,,2025,Vakfın 13. Başkanı: Nurşen Gürboğa. (Başkanlık Süresi: 2025-...),,organizational,,uncertain_date,
TV01918,7. Dönem (2021–2026),7. DÖNEM,288,2025,,,2025,"Toplumsal Tarih - 373. sayı. Özel Dosya: “ 1924 Türkiye İktisat Kongresi'ni Görmek"", Ed. G. Doğan Çetinkaya.",Dergi (Toplumsal Tarih),publication,1,uncertain_date,
TV01919,7. Dönem (2021–2026),7. DÖNEM,290,2026-01-14 00:00:00,,,2026,Akl-ı Kıssa: Gizem Sivri – Geleneksel Bir Kadınları Hapsetme Mekanı Olarak İmam Evleri,Konferans/Söyleşi,event,1.0,uncertain_date,
TV01920,7. Dönem (2021–2026),7. DÖNEM,291,2026-01-16 00:00:00,,,2026,"Minerva: Özde Çeliktemel – Osmanlı İstanbul'unda Filmler, Gösterimler, İzlenimler",Konferans/Söyleşi,event,1,uncertain_date,
TV01921,7. Dönem (2021–2026),7. DÖNEM,291,2026-01-16 00:00:00,,,2026,"Toplumsal Tarih - 374 sayı."" Şubat 1925 Akaretler: Kuruluş Sürecinde TKP""",Dergi (Toplumsal Tarih),publication,1,uncertain_date,
TV01922,7. Dönem (2021–2026),7. DÖNEM,293,2026-02-20 00:00:00,,,2026,İzmir Tarih Buluşmaları: Ceren Pilevneli Çubuk – Hristiyanlık Tarihinde Problemler,Konferans/Söyleşi,event,1,uncertain_date,
TV01923,7. Dönem (2021–2026),7. DÖNEM,294,2026-02-20 00:00:00,,,2026,Ankara: Aytek Soner Alpan – Cinsel Açıdan Hayal Edilmiş Bir Azınlık Olarak İstanbul Rumları,Konferans/Söyleşi,event,1,uncertain_date,
TV01924,7. Dönem (2021–2026),7. DÖNEM,295,2026-02-25 00:00:00,,,2026,"Panel: Ümit Kurt – Osmanlı'da Faillik, Failler ve Şiddet",Panel,event,1,uncertain_date,
TV01925,7. Dönem (2021–2026),7. DÖNEM,296,2026-02-27 00:00:00,,,2026,"Minerva: Seyhun Binzet, Cengiz Kahraman – İstanbul'u Biriktirmek",Konferans/Söyleşi,event,1,uncertain_date,
TV01926,7. Dönem (2021–2026),7. DÖNEM,296,2026-02-27 00:00:00,,,2026,"Toplumsal Tarih - 375. sayı. ""Kadın Kadına Tarih""",Dergi (Toplumsal Tarih),publication,1,uncertain_date,
TV01927,7. Dönem (2021–2026),7. DÖNEM,298,2026-03-06 00:00:00,,,2026,"Perşembe Konuşmaları: Fırat Genç – Şehrin Mirası, 2000'ler Diyarbakırı",Konferans/Söyleşi,event,1,uncertain_date,
TV01928,7. Dönem (2021–2026),7. DÖNEM,299,2026-03-07 00:00:00,,,2026,"Ankara: Pınar Eke, Ceylan Akgün – Çocuk mu Yapmalı Köpek mi Almalı?",Konferans/Söyleşi,event,1,uncertain_date,
TV01929,7. Dönem (2021–2026),7. DÖNEM,300,2026-03-13 00:00:00,,,2026,"Ankara: Cangül Örnek, Neslişah Başaran Lotz – Sınıf Penceresinden Bir Cumhuriyet İncelemesi",Konferans/Söyleşi,event,1,uncertain_date,
TV01930,7. Dönem (2021–2026),7. DÖNEM,301,2026-03-13 00:00:00,,,2026,"İzmir: Şerife Çağın, Didem Yavuz Velipaşaoğlu – 8 Mart Dünya Emekçi Kadınlar Günü",Konferans/Söyleşi,event,1,uncertain_date,
TV01931,7. Dönem (2021–2026),7. DÖNEM,302,2026-03-13 00:00:00,,,2026,Minerva: Ayşe Köse Badur – İşgal İstanbul'undan İnsan Portreleri,Konferans/Söyleşi,event,1,uncertain_date,
TV01932,7. Dönem (2021–2026),7. DÖNEM,303,2026-03-15 00:00:00,,,2026,"Osmanlıca Seminerleri başladı (3. dönem, Ankara + çevrimiçi)",Seminer,event,1,uncertain_date,
TV01933,7. Dönem (2021–2026),7. DÖNEM,303,2026-03-15 00:00:00,,,2026,"Toplumsal Tarih - 376. sayı. Özel Dosya: “Osmanlı'da Keyif Verici Maddeler."" Ed. Derviş Tuğrul Koyuncu.",Dergi (Toplumsal Tarih),publication,1,uncertain_date,
TV01934,7. Dönem (2021–2026),7. DÖNEM,305,2026-04-12 00:00:00,,,2026,Sinematek: Aydın Çam – İkinci Dünya Harbi ve Safahatı: Adana Sinemaları,Konferans/Söyleşi,event,1,uncertain_date,
TV01935,7. Dönem (2021–2026),7. DÖNEM,306,2026-04-16 00:00:00,,,2026,"Ankara: Yasin Arslantaş – Müsadere ya da ""Mirîce Zabt""",Konferans/Söyleşi,event,1,uncertain_date,
TV01936,7. Dönem (2021–2026),7. DÖNEM,307,2026-04-19 00:00:00,,,2026,Sinematek: Esin Paşa Cengiz – Tarihi Filmi Yeniden Düşünmek,Konferans/Söyleşi,event,1,uncertain_date,
TV01937,7. Dönem (2021–2026),7. DÖNEM,308,2026-04-24 00:00:00,,,2026,Minerva: Tommaso Stefini – 17. Yüzyılda Galata'da Göç ve Aidiyet,Konferans/Söyleşi,event,1,uncertain_date,
TV01938,7. Dönem (2021–2026),7. DÖNEM,309,2026-04-25 00:00:00,,,2026,Ankara: Barış Çatal – Sertellerin Ankarası,Konferans/Söyleşi,event,1,uncertain_date,
TV01939,7. Dönem (2021–2026),7. DÖNEM,310,25-26 Nisan,2026-04-25,2026-04-26,2026,Bursa Emek ve Endüstri Tarihi Uluslararası Sempozyumu,Konferans/Söyleşi,event,1,verified,
TV01940,7. Dönem (2021–2026),7. DÖNEM,311,2026-04-29 00:00:00,,,2026,Akl-ı Kıssa: Gülhan Balsoy – Osmanlı'da Avare Kadınlar,Konferans/Söyleşi,event,1.0,uncertain_date,
TV01941,7. Dönem (2021–2026),7. DÖNEM,311,2026-04-29 00:00:00,,,2026,"Toplumsal Tarih - 377. sayı. Özel Dosya: “Ulusötesi Karşılaşmalar: Osmanlı'dan Cumhuriyet'e Teknoloji, Uzmanlık ve Emek"", Ed. Görken Akgöz, Nurçin İleri",Dergi (Toplumsal Tarih),publication,1,uncertain_date,
TV01942,7. Dönem (2021–2026),7. DÖNEM,313,2026-05-02 00:00:00,,,2026,Ankara: Samuel Dolbee – Sınır Tanımayan Çekirgeler,Konferans/Söyleşi,event,1,uncertain_date,
TV01943,7. Dönem (2021–2026),7. DÖNEM,314,2026-05-03 00:00:00,,,2026,Sinematek: Can Candan – Türkiye'nin Belgesel Tarihini Araştırmak,Konferans/Söyleşi,event,1,uncertain_date,
TV01944,7. Dönem (2021–2026),7. DÖNEM,315,2026-05-06 00:00:00,,,2026,"Yuvarlak Masa: Ölçek, Aktör, Sınır Üçgeninde Emek Tarihini Yeniden Düşünmek",Panel,event,1,uncertain_date,
TV01945,7. Dönem (2021–2026),7. DÖNEM,316,2026-05-07 00:00:00,,,2026,ETA Gezisi: Tophane'den Feshane'ye Emek ve Endüstri Tarihi,Gezi,event,1,uncertain_date,
TV01946,7. Dönem (2021–2026),7. DÖNEM,317,2026-05-08 00:00:00,,,2026,"Minerva: Gizem Tongo, Nilay Özlü, Ceren Abi – İşgal İstanbul'unda Kültürel Miras",Konferans/Söyleşi,event,1,uncertain_date,
TV01947,7. Dönem (2021–2026),7. DÖNEM,318,9-10 Mayıs,2026-05-09,2026-05-10,2026,Tarih Lisansüstü Öğrenci Konferansı (İBÜ & Bonn Üniversitesi),Konferans/Söyleşi,event,1,verified,
TV01948,7. Dönem (2021–2026),7. DÖNEM,319,2026-05-15 00:00:00,,,2026,Perşembe Konuşmaları: Aslı Kayhan ve diğerleri – İzmit Seka'nın Dönüşümü,Konferans/Söyleşi,event,1,uncertain_date,
TV01949,7. Dönem (2021–2026),7. DÖNEM,320,2026-05-16 00:00:00,,,2026,Ankara: Ozan Çömelekoğlu – Tanzimat'ın Medyapolisi,Konferans/Söyleşi,event,1,uncertain_date,
TV01950,7. Dönem (2021–2026),7. DÖNEM,321,2026-05-17 00:00:00,,,2026,Sinematek: Barış Saydam – Türkiye'de Sinema Tarihyazımının Gelişim Süreci,Konferans/Söyleşi,event,1,uncertain_date,
TV01951,7. Dönem (2021–2026),7. DÖNEM,322,2026-05-22 00:00:00,,,2026,Perşembe Konuşmaları: Oya İklil Selçuk ve diğerleri – Mahalle Mantarı: Ömerli Havzası,Konferans/Söyleşi,event,1,uncertain_date,
TV01952,7. Dönem (2021–2026),7. DÖNEM,323,2026-05-24 00:00:00,,,2026,Sinematek: Sonay Ban – Yakın Dönem Türkiye Sinemasında Sansür,Konferans/Söyleşi,event,1,uncertain_date,
TV01953,7. Dönem (2021–2026),7. DÖNEM,323,2026-05-24 00:00:00,,,2026,"Toplumsal Tarih - 378 sayı, Homeros'un İzinde: Mit mi Tarih mi?",Dergi (Toplumsal Tarih),publication,1,uncertain_date,
TV01954,7. Dönem (2021–2026),7. DÖNEM,325,2026-06-03 00:00:00,,,2026,Akl-ı Kıssa: Burcu Belli – Geç Dönem Osmanlı'da Kadın Fuhuş Politikaları,Konferans/Söyleşi,event,1.0,uncertain_date,
TV01955,7. Dönem (2021–2026),7. DÖNEM,326,12 Temmuz 2025,2025-07-12,,2025,15. Olağan Genel Kurul (?),,organizational,,uncertain_category,
TV01956,7. Dönem (2021–2026),7. DÖNEM,326,12 Temmuz 2025,2025-07-12,,2025,Toplumsal Tarih - 379. sayı. Özel Dosya: “Geç Osmanlı Dönemi'nde Uzaklara” Ed. Hamdi Genç,Dergi (Toplumsal Tarih),publication,1,verified,
TV01957,7. Dönem (2021–2026),7. DÖNEM,328,2026-07-13 00:00:00,,,2026,Adalar: Nükhet Varlık – Adalar'ın İstanbul Sağlık Hayatındaki Önemi,Konferans/Söyleşi,event,1,uncertain_date,
TV01958,7. Dönem (2021–2026),7. DÖNEM,329,2026-07-20 00:00:00,,,2026,Adalar: Y. Doğan Çetinkaya – Türkiye Tarihi Çalışmak İçin Avrupa Tarihini Bilmek,Konferans/Söyleşi,event,,uncertain_date,
TV01959,7. Dönem (2021–2026),7. DÖNEM,329,2026-07-20 00:00:00,,,2026,"Toplumsal Tarih - 380  sayı. Özel Dosya: “1700.  Yıldönümü vesilesiyle 325 İznik Konsili""",Dergi (Toplumsal Tarih),publication,1,uncertain_date,
TV01960,7. Dönem (2021–2026),7. DÖNEM,331,2026-08-03 00:00:00,,,2026,Adalar: Ferdan Ergut – Tarihin Suistimali,Konferans/Söyleşi,event,1,uncertain_date,
TV01961,7. Dönem (2021–2026),7. DÖNEM,331,2026-08-03 00:00:00,,,2026,"Toplumsal Tarih - 381. sayı. Özel Dosya: “Hijyenin Maddi Kültürü: Nesneler, Mekânlar ve Kullanıcılar"", Ed. Zehra Betül Atasoy- Zeynep Akçakaya",Dergi (Toplumsal Tarih),publication,1,uncertain_date,
TV01962,7. Dönem (2021–2026),7. DÖNEM,332,Eylül 2025,,,2025,Olağan Genel Kurul Toplantısı,,organizational,,uncertain_category,
TV01963,7. Dönem (2021–2026),7. DÖNEM,332,Eylül 2025,,,2025,"Toplumsal Tarih - 382  sayı. Özel Dosya: “1925 Kavşağında Tek Parti Yönetimine Geçiş""  Ed: Nurşen Gürboğa",Dergi (Toplumsal Tarih),publication,1,needs_review,
TV01964,7. Dönem (2021–2026),7. DÖNEM,333,Ekim 2025,,,2025,"Toplumsal Tarih - 383  sayı. Özel Dosya: “ Tarihçilerin Gözünden 100. Yılında 677 Sayılı Kanun"" Ed: Gökçen B. Dinç - M. Brett Wilson",Dergi (Toplumsal Tarih),publication,1,needs_review,
TV01965,7. Dönem (2021–2026),7. DÖNEM,334,Kasım 2025,,,2025,"Toplumsal Tarih - 384  sayı. Özel Dosya: “ Osmanlı Kaleleri Üzerine Yeni Perspektifler: Finansman, İnşa, Yönetim ve Kuşatma"" Ed: Özgür Kolçak",Dergi (Toplumsal Tarih),publication,1,needs_review,
TV01966,7. Dönem (2021–2026),7. DÖNEM,335,Aralık 2025,,,2025,"Toplumsal Tarih - 385  sayı. Özel Dosya: “ Dünden Bugüne Türk- Japon İlişkileri ve Modernleşme Serüveni"" Ed: Selçuk Esenbel.",Dergi (Toplumsal Tarih),publication,1,needs_review,
TV01967,7. Dönem (2021–2026),7. DÖNEM,336,Ocak 2026,,,2026,"Toplumsal Tarih - 386 sayı. Özel Dosya: “ Osmanlı'nınUzak Eyaletleri: Garp Ocakları"" Ed: Özgür Oral",Dergi (Toplumsal Tarih),publication,1,needs_review,
TV01968,7. Dönem (2021–2026),7. DÖNEM,338,Şubat 2026,,,2026,"Mitler, Gerçekler ve Yöntem (2. baskı), Edhem Eldem",,publication,,uncertain_category,
TV01969,7. Dönem (2021–2026),7. DÖNEM,339,2021- 2023 basılan kitaplar,,,2021,"Tanzimat'tan Günümüze Türkiye'de İşçi Sınıfı Tarihi (2. baskı), Alkan, Çetinkaya",,publication,,uncertain_date,
TV01970,7. Dönem (2021–2026),7. DÖNEM,340,2021- 2023 basılan kitaplar,,,2021,"Osmanlı'dan Günümüze Darbeler (2. baskı), Mehmet Ö. Alkan",,publication,,uncertain_date,
TV01971,7. Dönem (2021–2026),7. DÖNEM,341,2021- 2023 basılan kitaplar,,,2021,"Ankara Rüzgarı: Gençlerbirliği Tarihi (2. baskı), Tanıl Bora",,publication,,uncertain_date,
TV01972,7. Dönem (2021–2026),7. DÖNEM,342,2021- 2023 basılan kitaplar,,,2021,"Köy Kadını, Modernite ve İslam (2. baskı), Noriko Nakayama",,publication,,uncertain_date,
TV01973,7. Dönem (2021–2026),7. DÖNEM,343,2021- 2023 basılan kitaplar,,,2021,"Osmanlı Matbuat Kapitalizmi ve Milliyetçilik, Arda Odabaşı",,publication,,uncertain_date,
TV01974,7. Dönem (2021–2026),7. DÖNEM,344,2021- 2023 basılan kitaplar,,,2021,"İttihat ve Terakki Cemiyeti'nin Kızıl Konak Evrakı, Burak Aslanmirza",Yayın (Yurt Yayınları),publication,1,uncertain_date,
TV01975,7. Dönem (2021–2026),7. DÖNEM,345,2021- 2023 basılan kitaplar,,,2021,"1821 Yunan Devrimi, Andrianopoulou, Vakali",Yayın (Yurt Yayınları),publication,1,uncertain_date,
TV01976,7. Dönem (2021–2026),7. DÖNEM,346,2021- 2023 basılan kitaplar,,,2021,"Sabiha Sertel: Hayatı ve Entelektüel Mirası, Barış Çatal",Yayın (Yurt Yayınları),publication,1,uncertain_date,
TV01977,7. Dönem (2021–2026),7. DÖNEM,347,2021- 2023 basılan kitaplar,,,2021,"Adana Milli Mücadelesi, Suavi Aydın",hay4,publication,,uncertain_date,
TV01978,7. Dönem (2021–2026),7. DÖNEM,348,2021- 2023 basılan kitaplar,,,2021,"Kurtuluş Savaşı'nda Adana ve Adana'nın Kurtuluşu – Belgeler, Mehmet Ö. Alkan",müc4,publication,,uncertain_date,
TV01979,7. Dönem (2021–2026),7. DÖNEM,349,2021- 2023 basılan kitaplar,,,2021,"Osmanlı Devleti'nde Yurtluk-Ocaklık ve Hükümet Sancaklar, Çiftçi, Gürhan, Ekinci",kit   pro,publication,,uncertain_date,
TV01980,7. Dönem (2021–2026),7. DÖNEM,350,2021- 2023 basılan kitaplar,,,2021,"Bitmeyen Hikaye: Küresel Salgın Çağında Tarih, İsmail Yaşayanlar",Yayın (Yurt Yayınları),publication,1,uncertain_date,
TV01981,7. Dönem (2021–2026),7. DÖNEM,351,2021- 2023 basılan kitaplar,,,2021,"Osmanlı'dan Cumhuriyet'e Süreklilik ve Değişim: Zafer Toprak Armağanı (1. ve 2. baskı), Mehmet Ö. Alkan (der.)",Yayın (Yurt Yayınları),publication,1,uncertain_date,
TV01982,7. Dönem (2021–2026),7. DÖNEM,352,2021- 2023 basılan kitaplar,,,2021,"Osmanlı'da Meyhaneler ve Müdavimleri (2. baskı), İhsan Erdinçli",Yayın (Yurt Yayınları),publication,1,uncertain_date,
TV01983,7. Dönem (2021–2026),7. DÖNEM,353,2021- 2023 basılan kitaplar,,,2021,"Demokrat Parti'de Parti İçi Muhalefet, Haydar Temür",ve 4,publication,,uncertain_date,
TV01984,7. Dönem (2021–2026),7. DÖNEM,354,2021- 2023 basılan kitaplar,,,2021,"Kıyam ve Kıtâl (2. baskı), Ümit Kurt, Güney Çeğin",Yayın (Yurt Yayınları),publication,1,uncertain_date,
TV01985,7. Dönem (2021–2026),7. DÖNEM,355,2021- 2023 basılan kitaplar,,,2021,"Bir Muhabbet Kuşu: Zeki Müren (3. baskı), Ersoy Çak, Beşiroğlu",,publication,,uncertain_date,
TV01986,7. Dönem (2021–2026),7. DÖNEM,356,2021- 2023 basılan kitaplar,,,2021,"Tek Parti Dönemini Yeniden Düşünmek, Adak, Lamprou",,publication,,uncertain_date,
TV01987,7. Dönem (2021–2026),7. DÖNEM,357,2021- 2023 basılan kitaplar,,,2021,"100. Yılında Eskişehir'de İşgal ve Direniş, Kemal Yakut",,publication,,uncertain_date,
TV01988,7. Dönem (2021–2026),7. DÖNEM,358,2021- 2023 basılan kitaplar,,,2021,"100. Yılında Eskişehir'in Kurtuluşu, Kemal Yakut",Yayın (Yurt Yayınları),publication,1,uncertain_date,
TV01989,7. Dönem (2021–2026),7. DÖNEM,359,2021- 2023 basılan kitaplar,,,2021,"100. Yılında Milli Mücadele ve Eskişehir, Yakut, Gürboğa",Yayın (Yurt Yayınları),publication,1,uncertain_date,
TV01990,7. Dönem (2021–2026),7. DÖNEM,360,2021- 2023 basılan kitaplar,,,2021,"100. Yılında Milli Mücadele'de Eskişehir'de Sol, Mehmet Ö. Alkan",Yayın (Yurt Yayınları),publication,1,uncertain_date,
TV01991,7. Dönem (2021–2026),7. DÖNEM,361,2021- 2023 basılan kitaplar,,,2021,"100. Yılında Yunan Arşiv Kaynaklarında İşgal Eskişehir'i, Alkan, Ozil",Yayın (Yurt Yayınları),publication,1,uncertain_date,
TV01992,7. Dönem (2021–2026),7. DÖNEM,362,2021- 2023 basılan kitaplar,,,2021,"Pavlidis'ten Uğur'a: Giresun'da Sinemanın Toplumsal Tarihi, Mehtap Özsoy",Yayın (Yurt Yayınları),publication,1,uncertain_date,
TV01993,7. Dönem (2021–2026),7. DÖNEM,363,2021- 2023 basılan kitaplar,,,2021,"Bir Anayasal İmkân Olarak 1921 Anayasası, Dinçer Demirkent",Yayın (Yurt Yayınları),publication,1,uncertain_date,
TV01994,7. Dönem (2021–2026),7. DÖNEM,364,2021- 2023 basılan kitaplar,,,2021,"Osmanlı'dan Cumhuriyet'e Salgın Hastalıklar ve Kamu Sağlığı (2. baskı), Kurt, Yaşayanlar",imk4,publication,,uncertain_date,
TV01995,7. Dönem (2021–2026),7. DÖNEM,365,2021- 2023 basılan kitaplar,,,2021,"Fatma Gül Karagöz, Uğur Bayraktar – Osmanlı İmparatorluğu'nda Toprak Sahipleri ve Çiftliğe Farklı Bakışlar",Yayın (Yurt Yayınları),publication,1,uncertain_date,
TV01996,7. Dönem (2021–2026),7. DÖNEM,366,2024.0,,,2024,"Ayşe Köse Badur, Erol Ülker – Cumhuriyetin Siyasal ve Düşünsel Serencamı",Yayın (Yurt Yayınları),publication,1,uncertain_date,
TV01997,7. Dönem (2021–2026),7. DÖNEM,367,2024.0,,,2024,Tanıl Bora – Siyasi Düşüncelerin Bir Muhasebesi,kit  100,publication,,uncertain_date,
TV01998,7. Dönem (2021–2026),7. DÖNEM,368,2024.0,,,2024,Resul Alkan – Türkische Post: Türkiye'de Bir Alman Propaganda Gazetesi (1926–1944),kit  100,publication,,uncertain_date,
TV01999,7. Dönem (2021–2026),7. DÖNEM,369,2024.0,,,2024,Özgür Balkılıç – Ekmeğimiz ve Birliğimiz İçin: İstanbul Metal Sektöründe Sınıf Mücadeleleri 1947–1970,kiy,publication,,uncertain_date,
TV02000,7. Dönem (2021–2026),7. DÖNEM,370,2024.0,,,2024,Vural Genç – Osmanlılar ve Safeviler Arasında Bidlis 1502–1723,Yayın (Yurt Yayınları),publication,1,uncertain_date,
TV02001,7. Dönem (2021–2026),7. DÖNEM,371,2024.0,,,2024,Nurçin İleri – Bir Cereyan Hâsıl Oldu: Osmanlı'dan Cumhuriyet'e İstanbul'da Elektrikli Yaşam,Yayın (Yurt Yayınları),publication,1,uncertain_date,
TV02002,7. Dönem (2021–2026),7. DÖNEM,372,2024.0,,,2024,Maurus Reinkowski – Türkiye Tarihi: Atatürk'ten Bugüne,Yayın (Yurt Yayınları),publication,1,uncertain_date,
TV02003,7. Dönem (2021–2026),7. DÖNEM,373,2024.0,,,2024,Elçin Macar – Çemberin Dışındakiler: Azınlıklar,Yayın (Yurt Yayınları),publication,1,uncertain_date,
TV02004,7. Dönem (2021–2026),7. DÖNEM,374,2024.0,,,2024,"Fatma Gök – Eğitim, Devlet, İnsan",kit  100,publication,,uncertain_date,
TV02005,7. Dönem (2021–2026),7. DÖNEM,375,2024.0,,,2024,Elizabeth Zachariadou – Osmanlı İmparatorluğu'nda Doğal Afetler (2. baskı),kit  100,publication,,uncertain_date,
TV02006,7. Dönem (2021–2026),7. DÖNEM,376,2024.0,,,2024,Y. Doğan Çetinkaya – Toplumsal Hareketlerin Asrı,,publication,,uncertain_date,
TV02007,7. Dönem (2021–2026),7. DÖNEM,377,2024.0,,,2024,Nacide Berber – Bir Toplumsal Cinsiyet Muhasebesi,kit  100,publication,,uncertain_date,
TV02008,7. Dönem (2021–2026),7. DÖNEM,378,2024.0,,,2024,Nurşen Gürboğa – Kentleşme ve Çevre Tarihi,Yayın (Yurt Yayınları),publication,1,uncertain_date,
TV02009,7. Dönem (2021–2026),7. DÖNEM,379,2024.0,,,2024,"Edhem Eldem – Mitler, Gerçekler, Yöntem (ALFA ortaklığı)",kit  100,publication,,uncertain_date,
TV02010,7. Dönem (2021–2026),7. DÖNEM,380,2024.0,,,2024,Claude Cahen – Osmanlılardan Önce Anadolu (ALFA ortaklığı),– m4,publication,,uncertain_date,
TV02011,7. Dönem (2021–2026),7. DÖNEM,381,2024.0,,,2024,"Talin Suciyan – ""Ya Derdimize Derman Ya Katlimize Ferman"": Vilayetlerin Tanzimat'ı (ALFA ortaklığı)",,publication,,uncertain_date,
TV02012,7. Dönem (2021–2026),7. DÖNEM,382,2024.0,,,2024,"A. Ezgi Akyol – Osmanlı'da İlksel Birikim: Birinci Dünya Savaşı'nda Mülksüzleşme, Sermaye ve Devlet",Yayın (Yurt Yayınları),publication,1,uncertain_date,
TV02013,7. Dönem (2021–2026),7. DÖNEM,383,2024.0,,,2024,Cumhuriyet’in 100 yılı serisinin ilk iki cildi,Yayın (Yurt Yayınları),publication,1,uncertain_date,
TV02014,7. Dönem (2021–2026),7. DÖNEM,384,2024.0,,,2024,M. Görkem Doğan – Cumhuriyetin İlk Asrında İşçiler (Ocak 2025),,publication,,uncertain_date,
TV02015,7. Dönem (2021–2026),7. DÖNEM,385,2025 yılında /,,,2025,Umut Azak – Türkiye Laikliğine Bakışlar,kit  100,publication,,uncertain_date,
TV02016,7. Dönem (2021–2026),7. DÖNEM,386,2025 yılında /,,,2025,"Barış Alp Özden, Mine Eder – Türkiye Ekonomisi: Politikalar, Tarihsel Gelişim ve Yapısal Dönüşüm",kit  100,publication,,uncertain_date,
TV02017,7. Dönem (2021–2026),7. DÖNEM,387,2025 yılında /,,,2025,"İsmet Akça – Türkiye Siyaseti: Dönemler, Aktörler, Meseleler",kit  100,publication,,uncertain_date,
TV02018,7. Dönem (2021–2026),7. DÖNEM,388,2025 yılında /,,,2025,Ahu Antmen – Sanatsız Millet Olur Mu?,kit  100,publication,,uncertain_date,
